L 04/28/2026 - 05:51:36: World triggered "meta_data" (matchid "2604280551367647") (map "mge_triumph_beta7_rc1") (arena "Badlands Spire 1 [1v1 MGE]") (gamemode "mge") (fraglimit "0")
L 04/28/2026 - 05:51:36: "AirshotKing<86><[U:1:900000013]><Red>" changed role to "soldier"
L 04/28/2026 - 05:51:36: "QuickScout<84><[U:1:900000012]><Blue>" changed role to "soldier"
L 04/28/2026 - 05:51:41: "AirshotKing<86><[U:1:900000013]><Red>" triggered "shot_fired" (weapon "quake_rl")
L 04/28/2026 - 05:51:41: "QuickScout<84><[U:1:900000012]><Blue>" triggered "shot_fired" (weapon "quake_rl")
L 04/28/2026 - 05:51:41: "AirshotKing<86><[U:1:900000013]><Red>" triggered "shot_hit" (weapon "quake_rl")
L 04/28/2026 - 05:51:41: "AirshotKing<86><[U:1:900000013]><Red>" triggered "damage" against "QuickScout<84><[U:1:900000012]><Blue>" (damage "69") (weapon "quake_rl")
L 04/28/2026 - 05:51:41: "AirshotKing<86><[U:1:900000013]><Red>" triggered "shot_fired" (weapon "quake_rl")
L 04/28/2026 - 05:51:42: "QuickScout<84><[U:1:900000012]><Blue>" triggered "shot_fired" (weapon "quake_rl")
L 04/28/2026 - 05:51:42: "AirshotKing<86><[U:1:900000013]><Red>" triggered "shot_hit" (weapon "quake_rl")
L 04/28/2026 - 05:51:42: "AirshotKing<86><[U:1:900000013]><Red>" triggered "damage" against "QuickScout<84><[U:1:900000012]><Blue>" (damage "69") (weapon "quake_rl")
L 04/28/2026 - 05:51:42: "QuickScout<84><[U:1:900000012]><Blue>" triggered "shot_hit" (weapon "quake_rl")
L 04/28/2026 - 05:51:42: "QuickScout<84><[U:1:900000012]><Blue>" triggered "damage" against "AirshotKing<86><[U:1:900000013]><Red>" (damage "63") (weapon "quake_rl")
L 04/28/2026 - 05:51:42: "QuickScout<84><[U:1:900000012]><Blue>" triggered "shot_fired" (weapon "quake_rl")
L 04/28/2026 - 05:51:43: "AirshotKing<86><[U:1:900000013]><Red>" triggered "shot_fired" (weapon "quake_rl")
L 04/28/2026 - 05:51:43: "AirshotKing<86><[U:1:900000013]><Red>" triggered "shot_fired" (weapon "shotgun_soldier")
L 04/28/2026 - 05:51:43: "AirshotKing<86><[U:1:900000013]><Red>" triggered "shot_hit" (weapon "shotgun_soldier")
L 04/28/2026 - 05:51:43: "AirshotKing<86><[U:1:900000013]><Red>" triggered "damage" against "QuickScout<84><[U:1:900000012]><Blue>" (damage "88") (realdamage "63") (weapon "shotgun_soldier")
L 04/28/2026 - 05:51:43: "AirshotKing<86><[U:1:900000013]><Red>" killed "QuickScout<84><[U:1:900000012]><Blue>" with "shotgun_soldier" (attacker_position "-8464 11821 10748") (victim_position "-8505 11810 10865")
L 04/28/2026 - 05:51:43: "QuickScout<84><[U:1:900000012]><Blue>" spawned as "soldier"
L 04/28/2026 - 05:51:43: "QuickScout<84><[U:1:900000012]><Blue>" triggered "shot_fired" (weapon "quake_rl")
L 04/28/2026 - 05:51:45: "AirshotKing<86><[U:1:900000013]><Red>" triggered "shot_fired" (weapon "quake_rl")
L 04/28/2026 - 05:51:45: "QuickScout<84><[U:1:900000012]><Blue>" triggered "shot_fired" (weapon "quake_rl")
L 04/28/2026 - 05:51:46: "AirshotKing<86><[U:1:900000013]><Red>" triggered "shot_fired" (weapon "quake_rl")
L 04/28/2026 - 05:51:46: "QuickScout<84><[U:1:900000012]><Blue>" triggered "shot_fired" (weapon "quake_rl")
L 04/28/2026 - 05:51:46: "QuickScout<84><[U:1:900000012]><Blue>" triggered "shot_hit" (weapon "quake_rl")
L 04/28/2026 - 05:51:46: "QuickScout<84><[U:1:900000012]><Blue>" triggered "damage" against "AirshotKing<86><[U:1:900000013]><Red>" (damage "110") (weapon "quake_rl")
L 04/28/2026 - 05:51:47: "AirshotKing<86><[U:1:900000013]><Red>" triggered "shot_fired" (weapon "quake_rl")
L 04/28/2026 - 05:51:47: "QuickScout<84><[U:1:900000012]><Blue>" triggered "shot_fired" (weapon "quake_rl")
L 04/28/2026 - 05:51:48: "AirshotKing<86><[U:1:900000013]><Red>" triggered "shot_fired" (weapon "quake_rl")
L 04/28/2026 - 05:51:48: "QuickScout<84><[U:1:900000012]><Blue>" triggered "shot_fired" (weapon "shotgun_soldier")
L 04/28/2026 - 05:51:48: "QuickScout<84><[U:1:900000012]><Blue>" triggered "shot_hit" (weapon "shotgun_soldier")
L 04/28/2026 - 05:51:48: "QuickScout<84><[U:1:900000012]><Blue>" triggered "damage" against "AirshotKing<86><[U:1:900000013]><Red>" (damage "49") (weapon "shotgun_soldier")
L 04/28/2026 - 05:51:48: "AirshotKing<86><[U:1:900000013]><Red>" triggered "shot_hit" (weapon "quake_rl")
L 04/28/2026 - 05:51:48: "AirshotKing<86><[U:1:900000013]><Red>" triggered "damage" against "QuickScout<84><[U:1:900000012]><Blue>" (damage "53") (weapon "quake_rl")
L 04/28/2026 - 05:51:48: "AirshotKing<86><[U:1:900000013]><Red>" triggered "shot_fired" (weapon "shotgun_soldier")
L 04/28/2026 - 05:51:48: "AirshotKing<86><[U:1:900000013]><Red>" triggered "shot_hit" (weapon "shotgun_soldier")
L 04/28/2026 - 05:51:48: "AirshotKing<86><[U:1:900000013]><Red>" triggered "damage" against "QuickScout<84><[U:1:900000012]><Blue>" (damage "25") (weapon "shotgun_soldier")
L 04/28/2026 - 05:51:48: "QuickScout<84><[U:1:900000012]><Blue>" triggered "shot_fired" (weapon "shotgun_soldier")
L 04/28/2026 - 05:51:50: "AirshotKing<86><[U:1:900000013]><Red>" triggered "shot_fired" (weapon "quake_rl")
L 04/28/2026 - 05:51:52: "QuickScout<84><[U:1:900000012]><Blue>" triggered "shot_fired" (weapon "shotgun_soldier")
L 04/28/2026 - 05:51:53: "QuickScout<84><[U:1:900000012]><Blue>" triggered "shot_fired" (weapon "shotgun_soldier")
L 04/28/2026 - 05:51:53: "QuickScout<84><[U:1:900000012]><Blue>" triggered "shot_hit" (weapon "shotgun_soldier")
L 04/28/2026 - 05:51:53: "QuickScout<84><[U:1:900000012]><Blue>" triggered "damage" against "AirshotKing<86><[U:1:900000013]><Red>" (damage "69") (realdamage "46") (weapon "shotgun_soldier")
L 04/28/2026 - 05:51:53: "QuickScout<84><[U:1:900000012]><Blue>" killed "AirshotKing<86><[U:1:900000013]><Red>" with "shotgun_soldier" (attacker_position "-8492 11630 10698") (victim_position "-8404 11717 10990")
L 04/28/2026 - 05:51:53: "AirshotKing<86><[U:1:900000013]><Red>" spawned as "soldier"
L 04/28/2026 - 05:51:55: "QuickScout<84><[U:1:900000012]><Blue>" triggered "shot_fired" (weapon "quake_rl")
L 04/28/2026 - 05:51:55: "AirshotKing<86><[U:1:900000013]><Red>" triggered "shot_fired" (weapon "quake_rl")
L 04/28/2026 - 05:51:55: "AirshotKing<86><[U:1:900000013]><Red>" triggered "shot_hit" (weapon "quake_rl")
L 04/28/2026 - 05:51:55: "AirshotKing<86><[U:1:900000013]><Red>" triggered "damage" against "QuickScout<84><[U:1:900000012]><Blue>" (damage "54") (weapon "quake_rl")
L 04/28/2026 - 05:51:56: "AirshotKing<86><[U:1:900000013]><Red>" triggered "shot_hit" (weapon "quake_rl")
L 04/28/2026 - 05:51:56: "AirshotKing<86><[U:1:900000013]><Red>" triggered "damage" against "QuickScout<84><[U:1:900000012]><Blue>" (damage "67") (weapon "quake_rl")
L 04/28/2026 - 05:51:56: "AirshotKing<86><[U:1:900000013]><Red>" triggered "shot_fired" (weapon "quake_rl")
L 04/28/2026 - 05:51:56: "QuickScout<84><[U:1:900000012]><Blue>" triggered "shot_fired" (weapon "quake_rl")
L 04/28/2026 - 05:51:56: "QuickScout<84><[U:1:900000012]><Blue>" triggered "shot_hit" (weapon "quake_rl")
L 04/28/2026 - 05:51:56: "QuickScout<84><[U:1:900000012]><Blue>" triggered "damage" against "AirshotKing<86><[U:1:900000013]><Red>" (damage "55") (weapon "quake_rl")
L 04/28/2026 - 05:51:56: "QuickScout<84><[U:1:900000012]><Blue>" triggered "shot_hit" (weapon "quake_rl")
L 04/28/2026 - 05:51:56: "QuickScout<84><[U:1:900000012]><Blue>" triggered "damage" against "AirshotKing<86><[U:1:900000013]><Red>" (damage "107") (weapon "quake_rl")
L 04/28/2026 - 05:51:57: "QuickScout<84><[U:1:900000012]><Blue>" triggered "shot_fired" (weapon "quake_rl")
L 04/28/2026 - 05:51:57: "AirshotKing<86><[U:1:900000013]><Red>" triggered "shot_fired" (weapon "quake_rl")
L 04/28/2026 - 05:51:57: "QuickScout<84><[U:1:900000012]><Blue>" triggered "shot_hit" (weapon "quake_rl")
L 04/28/2026 - 05:51:57: "QuickScout<84><[U:1:900000012]><Blue>" triggered "damage" against "AirshotKing<86><[U:1:900000013]><Red>" (damage "79") (realdamage "43") (weapon "quake_rl")
L 04/28/2026 - 05:51:57: "QuickScout<84><[U:1:900000012]><Blue>" killed "AirshotKing<86><[U:1:900000013]><Red>" with "quake_rl" (attacker_position "-8717 11555 10736") (victim_position "-8522 11690 10710")
L 04/28/2026 - 05:51:57: "QuickScout<84><[U:1:900000012]><Blue>" triggered "shot_fired" (weapon "quake_rl")
L 04/28/2026 - 05:51:57: "AirshotKing<86><[U:1:900000013]><Red>" spawned as "soldier"
L 04/28/2026 - 05:51:59: "QuickScout<84><[U:1:900000012]><Blue>" triggered "shot_fired" (weapon "quake_rl")
L 04/28/2026 - 05:51:59: "QuickScout<84><[U:1:900000012]><Blue>" triggered "shot_hit" (weapon "quake_rl")
L 04/28/2026 - 05:51:59: "QuickScout<84><[U:1:900000012]><Blue>" triggered "damage" against "AirshotKing<86><[U:1:900000013]><Red>" (damage "93") (weapon "quake_rl") (airshot "1") (height "796")
L 04/28/2026 - 05:52:00: "AirshotKing<86><[U:1:900000013]><Red>" triggered "shot_fired" (weapon "quake_rl")
L 04/28/2026 - 05:52:00: "AirshotKing<86><[U:1:900000013]><Red>" triggered "shot_fired" (weapon "quake_rl")
L 04/28/2026 - 05:52:01: "QuickScout<84><[U:1:900000012]><Blue>" triggered "shot_fired" (weapon "quake_rl")
L 04/28/2026 - 05:52:01: "AirshotKing<86><[U:1:900000013]><Red>" triggered "shot_hit" (weapon "quake_rl")
L 04/28/2026 - 05:52:01: "AirshotKing<86><[U:1:900000013]><Red>" triggered "damage" against "QuickScout<84><[U:1:900000012]><Blue>" (damage "36") (weapon "quake_rl")
L 04/28/2026 - 05:52:02: "AirshotKing<86><[U:1:900000013]><Red>" triggered "shot_fired" (weapon "quake_rl")
L 04/28/2026 - 05:52:02: "AirshotKing<86><[U:1:900000013]><Red>" triggered "shot_hit" (weapon "quake_rl")
L 04/28/2026 - 05:52:02: "AirshotKing<86><[U:1:900000013]><Red>" triggered "damage" against "QuickScout<84><[U:1:900000012]><Blue>" (damage "51") (weapon "quake_rl")
L 04/28/2026 - 05:52:03: "AirshotKing<86><[U:1:900000013]><Red>" triggered "shot_fired" (weapon "shotgun_soldier")
L 04/28/2026 - 05:52:03: "AirshotKing<86><[U:1:900000013]><Red>" triggered "shot_hit" (weapon "shotgun_soldier")
L 04/28/2026 - 05:52:03: "AirshotKing<86><[U:1:900000013]><Red>" triggered "damage" against "QuickScout<84><[U:1:900000012]><Blue>" (damage "22") (weapon "shotgun_soldier")
L 04/28/2026 - 05:52:03: "QuickScout<84><[U:1:900000012]><Blue>" triggered "shot_fired" (weapon "quake_rl")
L 04/28/2026 - 05:52:03: "QuickScout<84><[U:1:900000012]><Blue>" triggered "shot_fired" (weapon "shotgun_soldier")
L 04/28/2026 - 05:52:03: "QuickScout<84><[U:1:900000012]><Blue>" triggered "shot_hit" (weapon "shotgun_soldier")
L 04/28/2026 - 05:52:03: "QuickScout<84><[U:1:900000012]><Blue>" triggered "damage" against "AirshotKing<86><[U:1:900000013]><Red>" (damage "10") (weapon "shotgun_soldier")
L 04/28/2026 - 05:52:03: "QuickScout<84><[U:1:900000012]><Blue>" triggered "damage" against "AirshotKing<86><[U:1:900000013]><Red>" (damage "10") (weapon "shotgun_soldier")
L 04/28/2026 - 05:52:04: "AirshotKing<86><[U:1:900000013]><Red>" triggered "shot_fired" (weapon "shotgun_soldier")
L 04/28/2026 - 05:52:04: "AirshotKing<86><[U:1:900000013]><Red>" triggered "shot_hit" (weapon "shotgun_soldier")
L 04/28/2026 - 05:52:04: "AirshotKing<86><[U:1:900000013]><Red>" triggered "damage" against "QuickScout<84><[U:1:900000012]><Blue>" (damage "34") (weapon "shotgun_soldier")
L 04/28/2026 - 05:52:04: "QuickScout<84><[U:1:900000012]><Blue>" triggered "shot_fired" (weapon "shotgun_soldier")
L 04/28/2026 - 05:52:04: "QuickScout<84><[U:1:900000012]><Blue>" triggered "shot_hit" (weapon "shotgun_soldier")
L 04/28/2026 - 05:52:04: "QuickScout<84><[U:1:900000012]><Blue>" triggered "damage" against "AirshotKing<86><[U:1:900000013]><Red>" (damage "36") (weapon "shotgun_soldier")
L 04/28/2026 - 05:52:04: "AirshotKing<86><[U:1:900000013]><Red>" triggered "shot_fired" (weapon "shotgun_soldier")
L 04/28/2026 - 05:52:04: "AirshotKing<86><[U:1:900000013]><Red>" triggered "shot_hit" (weapon "shotgun_soldier")
L 04/28/2026 - 05:52:04: "AirshotKing<86><[U:1:900000013]><Red>" triggered "damage" against "QuickScout<84><[U:1:900000012]><Blue>" (damage "80") (weapon "shotgun_soldier")
L 04/28/2026 - 05:52:04: "QuickScout<84><[U:1:900000012]><Blue>" triggered "shot_fired" (weapon "shotgun_soldier")
L 04/28/2026 - 05:52:04: "QuickScout<84><[U:1:900000012]><Blue>" triggered "shot_hit" (weapon "shotgun_soldier")
L 04/28/2026 - 05:52:04: "QuickScout<84><[U:1:900000012]><Blue>" triggered "damage" against "AirshotKing<86><[U:1:900000013]><Red>" (damage "72") (realdamage "56") (weapon "shotgun_soldier")
L 04/28/2026 - 05:52:04: "QuickScout<84><[U:1:900000012]><Blue>" killed "AirshotKing<86><[U:1:900000013]><Red>" with "shotgun_soldier" (attacker_position "-8783 11846 10736") (victim_position "-8522 11767 10722")
L 04/28/2026 - 05:52:05: "AirshotKing<86><[U:1:900000013]><Red>" spawned as "soldier"
L 04/28/2026 - 05:52:07: "QuickScout<84><[U:1:900000012]><Blue>" triggered "shot_fired" (weapon "quake_rl")
L 04/28/2026 - 05:52:07: "AirshotKing<86><[U:1:900000013]><Red>" triggered "shot_fired" (weapon "quake_rl")
L 04/28/2026 - 05:52:07: "AirshotKing<86><[U:1:900000013]><Red>" triggered "shot_hit" (weapon "quake_rl")
L 04/28/2026 - 05:52:07: "AirshotKing<86><[U:1:900000013]><Red>" triggered "damage" against "QuickScout<84><[U:1:900000012]><Blue>" (damage "56") (weapon "quake_rl")
L 04/28/2026 - 05:52:07: "QuickScout<84><[U:1:900000012]><Blue>" triggered "shot_fired" (weapon "quake_rl")
L 04/28/2026 - 05:52:07: "AirshotKing<86><[U:1:900000013]><Red>" triggered "shot_fired" (weapon "quake_rl")
L 04/28/2026 - 05:52:07: "QuickScout<84><[U:1:900000012]><Blue>" triggered "shot_hit" (weapon "quake_rl")
L 04/28/2026 - 05:52:07: "QuickScout<84><[U:1:900000012]><Blue>" triggered "damage" against "AirshotKing<86><[U:1:900000013]><Red>" (damage "80") (weapon "quake_rl")
L 04/28/2026 - 05:52:07: "AirshotKing<86><[U:1:900000013]><Red>" triggered "shot_hit" (weapon "quake_rl")
L 04/28/2026 - 05:52:07: "AirshotKing<86><[U:1:900000013]><Red>" triggered "damage" against "QuickScout<84><[U:1:900000012]><Blue>" (damage "74") (weapon "quake_rl")
L 04/28/2026 - 05:52:08: "QuickScout<84><[U:1:900000012]><Blue>" triggered "shot_fired" (weapon "quake_rl")
L 04/28/2026 - 05:52:11: "AirshotKing<86><[U:1:900000013]><Red>" triggered "shot_hit" (weapon "quake_rl")
L 04/28/2026 - 05:52:11: "AirshotKing<86><[U:1:900000013]><Red>" triggered "damage" against "QuickScout<84><[U:1:900000012]><Blue>" (damage "52") (weapon "quake_rl")
L 04/28/2026 - 05:52:11: "AirshotKing<86><[U:1:900000013]><Red>" triggered "shot_fired" (weapon "quake_rl")
L 04/28/2026 - 05:52:11: "QuickScout<84><[U:1:900000012]><Blue>" triggered "shot_fired" (weapon "quake_rl")
L 04/28/2026 - 05:52:11: "QuickScout<84><[U:1:900000012]><Blue>" triggered "shot_hit" (weapon "quake_rl")
L 04/28/2026 - 05:52:11: "QuickScout<84><[U:1:900000012]><Blue>" triggered "damage" against "AirshotKing<86><[U:1:900000013]><Red>" (damage "51") (weapon "quake_rl")
L 04/28/2026 - 05:52:11: "AirshotKing<86><[U:1:900000013]><Red>" triggered "shot_fired" (weapon "shotgun_soldier")
L 04/28/2026 - 05:52:11: "AirshotKing<86><[U:1:900000013]><Red>" triggered "shot_hit" (weapon "shotgun_soldier")
L 04/28/2026 - 05:52:11: "AirshotKing<86><[U:1:900000013]><Red>" triggered "damage" against "QuickScout<84><[U:1:900000012]><Blue>" (damage "29") (weapon "shotgun_soldier")
L 04/28/2026 - 05:52:12: "QuickScout<84><[U:1:900000012]><Blue>" triggered "shot_fired" (weapon "quake_rl")
L 04/28/2026 - 05:52:12: "QuickScout<84><[U:1:900000012]><Blue>" triggered "shot_hit" (weapon "quake_rl")
L 04/28/2026 - 05:52:12: "QuickScout<84><[U:1:900000012]><Blue>" triggered "damage" against "AirshotKing<86><[U:1:900000013]><Red>" (damage "44") (realdamage "33") (weapon "quake_rl")
L 04/28/2026 - 05:52:12: "QuickScout<84><[U:1:900000012]><Blue>" killed "AirshotKing<86><[U:1:900000013]><Red>" with "quake_rl" (attacker_position "-8759 11864 10736") (victim_position "-8216 11858 10419")
L 04/28/2026 - 05:52:12: "QuickScout<84><[U:1:900000012]><Blue>" triggered "domination" against "AirshotKing<86><[U:1:900000013]><Red>"
L 04/28/2026 - 05:52:12: "AirshotKing<86><[U:1:900000013]><Red>" spawned as "soldier"
L 04/28/2026 - 05:52:14: "AirshotKing<86><[U:1:900000013]><Red>" triggered "shot_fired" (weapon "quake_rl")
L 04/28/2026 - 05:52:14: "QuickScout<84><[U:1:900000012]><Blue>" triggered "shot_fired" (weapon "quake_rl")
L 04/28/2026 - 05:52:15: "AirshotKing<86><[U:1:900000013]><Red>" triggered "shot_fired" (weapon "quake_rl")
L 04/28/2026 - 05:52:15: "QuickScout<84><[U:1:900000012]><Blue>" triggered "shot_fired" (weapon "quake_rl")
L 04/28/2026 - 05:52:15: "AirshotKing<86><[U:1:900000013]><Red>" triggered "shot_hit" (weapon "quake_rl")
L 04/28/2026 - 05:52:15: "AirshotKing<86><[U:1:900000013]><Red>" triggered "damage" against "QuickScout<84><[U:1:900000012]><Blue>" (damage "76") (weapon "quake_rl")
L 04/28/2026 - 05:52:15: "QuickScout<84><[U:1:900000012]><Blue>" triggered "shot_hit" (weapon "quake_rl")
L 04/28/2026 - 05:52:15: "QuickScout<84><[U:1:900000012]><Blue>" triggered "damage" against "AirshotKing<86><[U:1:900000013]><Red>" (damage "60") (weapon "quake_rl")
L 04/28/2026 - 05:52:16: "QuickScout<84><[U:1:900000012]><Blue>" triggered "shot_fired" (weapon "quake_rl")
L 04/28/2026 - 05:52:16: "AirshotKing<86><[U:1:900000013]><Red>" triggered "shot_fired" (weapon "quake_rl")
L 04/28/2026 - 05:52:16: "QuickScout<84><[U:1:900000012]><Blue>" triggered "shot_hit" (weapon "quake_rl")
L 04/28/2026 - 05:52:16: "QuickScout<84><[U:1:900000012]><Blue>" triggered "damage" against "AirshotKing<86><[U:1:900000013]><Red>" (damage "45") (weapon "quake_rl")
L 04/28/2026 - 05:52:17: "QuickScout<84><[U:1:900000012]><Blue>" triggered "shot_fired" (weapon "quake_rl")
L 04/28/2026 - 05:52:17: "QuickScout<84><[U:1:900000012]><Blue>" triggered "shot_fired" (weapon "shotgun_soldier")
L 04/28/2026 - 05:52:17: "QuickScout<84><[U:1:900000012]><Blue>" triggered "shot_hit" (weapon "shotgun_soldier")
L 04/28/2026 - 05:52:17: "QuickScout<84><[U:1:900000012]><Blue>" triggered "damage" against "AirshotKing<86><[U:1:900000013]><Red>" (damage "57") (weapon "shotgun_soldier")
L 04/28/2026 - 05:52:18: "AirshotKing<86><[U:1:900000013]><Red>" triggered "shot_fired" (weapon "quake_rl")
L 04/28/2026 - 05:52:18: "QuickScout<84><[U:1:900000012]><Blue>" triggered "shot_fired" (weapon "shotgun_soldier")
L 04/28/2026 - 05:52:18: "AirshotKing<86><[U:1:900000013]><Red>" triggered "shot_fired" (weapon "shotgun_soldier")
L 04/28/2026 - 05:52:19: "QuickScout<84><[U:1:900000012]><Blue>" triggered "shot_fired" (weapon "shotgun_soldier")
L 04/28/2026 - 05:52:19: "AirshotKing<86><[U:1:900000013]><Red>" triggered "shot_fired" (weapon "shotgun_soldier")
L 04/28/2026 - 05:52:19: "AirshotKing<86><[U:1:900000013]><Red>" triggered "shot_hit" (weapon "shotgun_soldier")
L 04/28/2026 - 05:52:19: "AirshotKing<86><[U:1:900000013]><Red>" triggered "damage" against "QuickScout<84><[U:1:900000012]><Blue>" (damage "50") (weapon "shotgun_soldier")
L 04/28/2026 - 05:52:19: "QuickScout<84><[U:1:900000012]><Blue>" triggered "shot_fired" (weapon "shotgun_soldier")
L 04/28/2026 - 05:52:19: "QuickScout<84><[U:1:900000012]><Blue>" triggered "shot_hit" (weapon "shotgun_soldier")
L 04/28/2026 - 05:52:19: "QuickScout<84><[U:1:900000012]><Blue>" triggered "damage" against "AirshotKing<86><[U:1:900000013]><Red>" (damage "84") (realdamage "71") (weapon "shotgun_soldier")
L 04/28/2026 - 05:52:19: "QuickScout<84><[U:1:900000012]><Blue>" killed "AirshotKing<86><[U:1:900000013]><Red>" with "shotgun_soldier" (attacker_position "-8515 11757 10718") (victim_position "-8609 11579 10664")
L 04/28/2026 - 05:52:20: "AirshotKing<86><[U:1:900000013]><Red>" spawned as "soldier"
L 04/28/2026 - 05:52:22: "QuickScout<84><[U:1:900000012]><Blue>" triggered "shot_fired" (weapon "quake_rl")
L 04/28/2026 - 05:52:22: "AirshotKing<86><[U:1:900000013]><Red>" triggered "shot_fired" (weapon "quake_rl")
L 04/28/2026 - 05:52:22: "AirshotKing<86><[U:1:900000013]><Red>" triggered "shot_hit" (weapon "quake_rl")
L 04/28/2026 - 05:52:22: "AirshotKing<86><[U:1:900000013]><Red>" triggered "damage" against "QuickScout<84><[U:1:900000012]><Blue>" (damage "61") (weapon "quake_rl")
L 04/28/2026 - 05:52:23: "QuickScout<84><[U:1:900000012]><Blue>" triggered "shot_fired" (weapon "quake_rl")
L 04/28/2026 - 05:52:23: "QuickScout<84><[U:1:900000012]><Blue>" triggered "shot_hit" (weapon "quake_rl")
L 04/28/2026 - 05:52:23: "QuickScout<84><[U:1:900000012]><Blue>" triggered "damage" against "AirshotKing<86><[U:1:900000013]><Red>" (damage "71") (weapon "quake_rl")
L 04/28/2026 - 05:52:23: "AirshotKing<86><[U:1:900000013]><Red>" triggered "shot_fired" (weapon "quake_rl")
L 04/28/2026 - 05:52:24: "QuickScout<84><[U:1:900000012]><Blue>" triggered "shot_fired" (weapon "quake_rl")
L 04/28/2026 - 05:52:24: "AirshotKing<86><[U:1:900000013]><Red>" triggered "shot_hit" (weapon "quake_rl")
L 04/28/2026 - 05:52:24: "AirshotKing<86><[U:1:900000013]><Red>" triggered "damage" against "QuickScout<84><[U:1:900000012]><Blue>" (damage "71") (weapon "quake_rl")
L 04/28/2026 - 05:52:24: "QuickScout<84><[U:1:900000012]><Blue>" triggered "shot_hit" (weapon "quake_rl")
L 04/28/2026 - 05:52:24: "QuickScout<84><[U:1:900000012]><Blue>" triggered "damage" against "AirshotKing<86><[U:1:900000013]><Red>" (damage "75") (weapon "quake_rl")
L 04/28/2026 - 05:52:24: "AirshotKing<86><[U:1:900000013]><Red>" triggered "shot_fired" (weapon "quake_rl")
L 04/28/2026 - 05:52:25: "AirshotKing<86><[U:1:900000013]><Red>" triggered "shot_fired" (weapon "shotgun_soldier")
L 04/28/2026 - 05:52:25: "AirshotKing<86><[U:1:900000013]><Red>" triggered "shot_hit" (weapon "shotgun_soldier")
L 04/28/2026 - 05:52:25: "AirshotKing<86><[U:1:900000013]><Red>" triggered "damage" against "QuickScout<84><[U:1:900000012]><Blue>" (damage "47") (weapon "shotgun_soldier")
L 04/28/2026 - 05:52:25: "QuickScout<84><[U:1:900000012]><Blue>" triggered "shot_fired" (weapon "quake_rl")
L 04/28/2026 - 05:52:25: "AirshotKing<86><[U:1:900000013]><Red>" triggered "shot_fired" (weapon "shotgun_soldier")
L 04/28/2026 - 05:52:25: "AirshotKing<86><[U:1:900000013]><Red>" triggered "shot_hit" (weapon "shotgun_soldier")
L 04/28/2026 - 05:52:25: "AirshotKing<86><[U:1:900000013]><Red>" triggered "damage" against "QuickScout<84><[U:1:900000012]><Blue>" (damage "39") (weapon "shotgun_soldier")
L 04/28/2026 - 05:52:25: "QuickScout<84><[U:1:900000012]><Blue>" triggered "shot_fired" (weapon "shotgun_soldier")
L 04/28/2026 - 05:52:25: "QuickScout<84><[U:1:900000012]><Blue>" triggered "shot_hit" (weapon "shotgun_soldier")
L 04/28/2026 - 05:52:25: "QuickScout<84><[U:1:900000012]><Blue>" triggered "damage" against "AirshotKing<86><[U:1:900000013]><Red>" (damage "7") (weapon "shotgun_soldier")
L 04/28/2026 - 05:52:26: "AirshotKing<86><[U:1:900000013]><Red>" triggered "shot_fired" (weapon "shotgun_soldier")
L 04/28/2026 - 05:52:26: "AirshotKing<86><[U:1:900000013]><Red>" triggered "shot_hit" (weapon "shotgun_soldier")
L 04/28/2026 - 05:52:26: "AirshotKing<86><[U:1:900000013]><Red>" triggered "damage" against "QuickScout<84><[U:1:900000012]><Blue>" (damage "63") (realdamage "27") (weapon "shotgun_soldier")
L 04/28/2026 - 05:52:26: "AirshotKing<86><[U:1:900000013]><Red>" killed "QuickScout<84><[U:1:900000012]><Blue>" with "shotgun_soldier" (attacker_position "-8797 11751 10743") (victim_position "-8785 12033 10736")
L 04/28/2026 - 05:52:26: "AirshotKing<86><[U:1:900000013]><Red>" triggered "revenge" against "QuickScout<84><[U:1:900000012]><Blue>"
L 04/28/2026 - 05:52:26: "QuickScout<84><[U:1:900000012]><Blue>" spawned as "soldier"
L 04/28/2026 - 05:52:28: "AirshotKing<86><[U:1:900000013]><Red>" triggered "shot_fired" (weapon "quake_rl")
L 04/28/2026 - 05:52:28: "QuickScout<84><[U:1:900000012]><Blue>" triggered "shot_fired" (weapon "quake_rl")
L 04/28/2026 - 05:52:28: "QuickScout<84><[U:1:900000012]><Blue>" triggered "shot_hit" (weapon "quake_rl")
L 04/28/2026 - 05:52:28: "QuickScout<84><[U:1:900000012]><Blue>" triggered "damage" against "AirshotKing<86><[U:1:900000013]><Red>" (damage "74") (weapon "quake_rl")
L 04/28/2026 - 05:52:29: "AirshotKing<86><[U:1:900000013]><Red>" triggered "shot_fired" (weapon "quake_rl")
L 04/28/2026 - 05:52:29: "QuickScout<84><[U:1:900000012]><Blue>" triggered "shot_fired" (weapon "quake_rl")
L 04/28/2026 - 05:52:30: "AirshotKing<86><[U:1:900000013]><Red>" triggered "shot_fired" (weapon "quake_rl")
L 04/28/2026 - 05:52:30: "AirshotKing<86><[U:1:900000013]><Red>" triggered "shot_hit" (weapon "quake_rl")
L 04/28/2026 - 05:52:30: "AirshotKing<86><[U:1:900000013]><Red>" triggered "damage" against "QuickScout<84><[U:1:900000012]><Blue>" (damage "102") (weapon "quake_rl")
L 04/28/2026 - 05:52:30: "QuickScout<84><[U:1:900000012]><Blue>" triggered "shot_fired" (weapon "quake_rl")
L 04/28/2026 - 05:52:30: "QuickScout<84><[U:1:900000012]><Blue>" triggered "shot_fired" (weapon "shotgun_soldier")
L 04/28/2026 - 05:52:30: "QuickScout<84><[U:1:900000012]><Blue>" triggered "shot_hit" (weapon "shotgun_soldier")
L 04/28/2026 - 05:52:30: "QuickScout<84><[U:1:900000012]><Blue>" triggered "damage" against "AirshotKing<86><[U:1:900000013]><Red>" (damage "47") (weapon "shotgun_soldier")
L 04/28/2026 - 05:52:31: "AirshotKing<86><[U:1:900000013]><Red>" triggered "shot_fired" (weapon "quake_rl")
L 04/28/2026 - 05:52:31: "AirshotKing<86><[U:1:900000013]><Red>" triggered "shot_fired" (weapon "shotgun_soldier")
L 04/28/2026 - 05:52:31: "AirshotKing<86><[U:1:900000013]><Red>" triggered "shot_hit" (weapon "shotgun_soldier")
L 04/28/2026 - 05:52:31: "AirshotKing<86><[U:1:900000013]><Red>" triggered "damage" against "QuickScout<84><[U:1:900000012]><Blue>" (damage "46") (weapon "shotgun_soldier")
L 04/28/2026 - 05:52:31: "QuickScout<84><[U:1:900000012]><Blue>" triggered "shot_fired" (weapon "shotgun_soldier")
L 04/28/2026 - 05:52:32: "AirshotKing<86><[U:1:900000013]><Red>" triggered "shot_fired" (weapon "shotgun_soldier")
L 04/28/2026 - 05:52:32: "AirshotKing<86><[U:1:900000013]><Red>" triggered "shot_hit" (weapon "shotgun_soldier")
L 04/28/2026 - 05:52:32: "AirshotKing<86><[U:1:900000013]><Red>" triggered "damage" against "QuickScout<84><[U:1:900000012]><Blue>" (damage "60") (weapon "shotgun_soldier")
L 04/28/2026 - 05:52:32: "AirshotKing<86><[U:1:900000013]><Red>" killed "QuickScout<84><[U:1:900000012]><Blue>" with "world" (attacker_position "-8562 11747 10723") (victim_position "-8273 11777 10451")
L 04/28/2026 - 05:52:32: "QuickScout<84><[U:1:900000012]><Blue>" spawned as "soldier"
L 04/28/2026 - 05:52:34: "AirshotKing<86><[U:1:900000013]><Red>" triggered "shot_fired" (weapon "quake_rl")
L 04/28/2026 - 05:52:34: "QuickScout<84><[U:1:900000012]><Blue>" triggered "shot_fired" (weapon "quake_rl")
L 04/28/2026 - 05:52:34: "QuickScout<84><[U:1:900000012]><Blue>" triggered "shot_hit" (weapon "quake_rl")
L 04/28/2026 - 05:52:34: "QuickScout<84><[U:1:900000012]><Blue>" triggered "damage" against "AirshotKing<86><[U:1:900000013]><Red>" (damage "79") (weapon "quake_rl")
L 04/28/2026 - 05:52:35: "AirshotKing<86><[U:1:900000013]><Red>" triggered "shot_fired" (weapon "quake_rl")
L 04/28/2026 - 05:52:35: "QuickScout<84><[U:1:900000012]><Blue>" triggered "shot_fired" (weapon "quake_rl")
L 04/28/2026 - 05:52:36: "AirshotKing<86><[U:1:900000013]><Red>" triggered "shot_fired" (weapon "quake_rl")
L 04/28/2026 - 05:52:36: "QuickScout<84><[U:1:900000012]><Blue>" triggered "shot_hit" (weapon "quake_rl")
L 04/28/2026 - 05:52:36: "QuickScout<84><[U:1:900000012]><Blue>" triggered "damage" against "AirshotKing<86><[U:1:900000013]><Red>" (damage "106") (weapon "quake_rl")
L 04/28/2026 - 05:52:36: "AirshotKing<86><[U:1:900000013]><Red>" triggered "shot_hit" (weapon "quake_rl")
L 04/28/2026 - 05:52:36: "AirshotKing<86><[U:1:900000013]><Red>" triggered "damage" against "QuickScout<84><[U:1:900000012]><Blue>" (damage "81") (weapon "quake_rl")
L 04/28/2026 - 05:52:36: "QuickScout<84><[U:1:900000012]><Blue>" triggered "shot_fired" (weapon "quake_rl")
L 04/28/2026 - 05:52:37: "QuickScout<84><[U:1:900000012]><Blue>" triggered "shot_fired" (weapon "shotgun_soldier")
L 04/28/2026 - 05:52:37: "QuickScout<84><[U:1:900000012]><Blue>" triggered "shot_hit" (weapon "shotgun_soldier")
L 04/28/2026 - 05:52:37: "QuickScout<84><[U:1:900000012]><Blue>" triggered "damage" against "AirshotKing<86><[U:1:900000013]><Red>" (damage "16") (weapon "shotgun_soldier")
L 04/28/2026 - 05:52:37: "AirshotKing<86><[U:1:900000013]><Red>" triggered "shot_fired" (weapon "quake_rl")
L 04/28/2026 - 05:52:37: "AirshotKing<86><[U:1:900000013]><Red>" triggered "shot_hit" (weapon "quake_rl")
L 04/28/2026 - 05:52:37: "AirshotKing<86><[U:1:900000013]><Red>" triggered "damage" against "QuickScout<84><[U:1:900000012]><Blue>" (damage "100") (weapon "quake_rl")
L 04/28/2026 - 05:52:38: "QuickScout<84><[U:1:900000012]><Blue>" triggered "shot_fired" (weapon "shotgun_soldier")
L 04/28/2026 - 05:52:38: "QuickScout<84><[U:1:900000012]><Blue>" triggered "shot_hit" (weapon "shotgun_soldier")
L 04/28/2026 - 05:52:38: "QuickScout<84><[U:1:900000012]><Blue>" triggered "damage" against "AirshotKing<86><[U:1:900000013]><Red>" (damage "80") (realdamage "54") (weapon "shotgun_soldier")
L 04/28/2026 - 05:52:38: "QuickScout<84><[U:1:900000012]><Blue>" killed "AirshotKing<86><[U:1:900000013]><Red>" with "shotgun_soldier" (attacker_position "-8793 11640 10743") (victim_position "-8589 11526 10628")
L 04/28/2026 - 05:52:38: "AirshotKing<86><[U:1:900000013]><Red>" spawned as "soldier"
L 04/28/2026 - 05:52:40: "QuickScout<84><[U:1:900000012]><Blue>" triggered "shot_fired" (weapon "quake_rl")
L 04/28/2026 - 05:52:40: "AirshotKing<86><[U:1:900000013]><Red>" triggered "shot_fired" (weapon "quake_rl")
L 04/28/2026 - 05:52:40: "AirshotKing<86><[U:1:900000013]><Red>" triggered "shot_hit" (weapon "quake_rl")
L 04/28/2026 - 05:52:40: "AirshotKing<86><[U:1:900000013]><Red>" triggered "damage" against "QuickScout<84><[U:1:900000012]><Blue>" (damage "54") (weapon "quake_rl")
L 04/28/2026 - 05:52:41: "AirshotKing<86><[U:1:900000013]><Red>" triggered "shot_fired" (weapon "quake_rl")
L 04/28/2026 - 05:52:41: "QuickScout<84><[U:1:900000012]><Blue>" triggered "shot_fired" (weapon "quake_rl")
L 04/28/2026 - 05:52:42: "QuickScout<84><[U:1:900000012]><Blue>" triggered "shot_fired" (weapon "quake_rl")
L 04/28/2026 - 05:52:42: "QuickScout<84><[U:1:900000012]><Blue>" triggered "shot_hit" (weapon "quake_rl")
L 04/28/2026 - 05:52:42: "QuickScout<84><[U:1:900000012]><Blue>" triggered "damage" against "AirshotKing<86><[U:1:900000013]><Red>" (damage "73") (weapon "quake_rl")
L 04/28/2026 - 05:52:42: "AirshotKing<86><[U:1:900000013]><Red>" triggered "shot_fired" (weapon "quake_rl")
L 04/28/2026 - 05:52:44: "QuickScout<84><[U:1:900000012]><Blue>" triggered "shot_fired" (weapon "quake_rl")
L 04/28/2026 - 05:52:44: "QuickScout<84><[U:1:900000012]><Blue>" triggered "shot_hit" (weapon "quake_rl")
L 04/28/2026 - 05:52:44: "QuickScout<84><[U:1:900000012]><Blue>" triggered "damage" against "AirshotKing<86><[U:1:900000013]><Red>" (damage "69") (weapon "quake_rl")
L 04/28/2026 - 05:52:44: "AirshotKing<86><[U:1:900000013]><Red>" triggered "shot_fired" (weapon "quake_rl")
L 04/28/2026 - 05:52:44: "AirshotKing<86><[U:1:900000013]><Red>" triggered "shot_hit" (weapon "quake_rl")
L 04/28/2026 - 05:52:44: "AirshotKing<86><[U:1:900000013]><Red>" triggered "damage" against "QuickScout<84><[U:1:900000012]><Blue>" (damage "65") (weapon "quake_rl")
L 04/28/2026 - 05:52:44: "QuickScout<84><[U:1:900000012]><Blue>" triggered "shot_fired" (weapon "shotgun_soldier")
L 04/28/2026 - 05:52:44: "QuickScout<84><[U:1:900000012]><Blue>" triggered "shot_hit" (weapon "shotgun_soldier")
L 04/28/2026 - 05:52:44: "QuickScout<84><[U:1:900000012]><Blue>" triggered "damage" against "AirshotKing<86><[U:1:900000013]><Red>" (damage "67") (weapon "shotgun_soldier")
L 04/28/2026 - 05:52:44: "AirshotKing<86><[U:1:900000013]><Red>" triggered "shot_fired" (weapon "shotgun_soldier")
L 04/28/2026 - 05:52:44: "AirshotKing<86><[U:1:900000013]><Red>" triggered "shot_hit" (weapon "shotgun_soldier")
L 04/28/2026 - 05:52:44: "AirshotKing<86><[U:1:900000013]><Red>" triggered "damage" against "QuickScout<84><[U:1:900000012]><Blue>" (damage "7") (weapon "shotgun_soldier")
L 04/28/2026 - 05:52:45: "QuickScout<84><[U:1:900000012]><Blue>" triggered "shot_fired" (weapon "shotgun_soldier")
L 04/28/2026 - 05:52:45: "QuickScout<84><[U:1:900000012]><Blue>" triggered "shot_hit" (weapon "shotgun_soldier")
L 04/28/2026 - 05:52:45: "QuickScout<84><[U:1:900000012]><Blue>" triggered "damage" against "AirshotKing<86><[U:1:900000013]><Red>" (damage "39") (realdamage "17") (weapon "shotgun_soldier")
L 04/28/2026 - 05:52:45: "QuickScout<84><[U:1:900000012]><Blue>" killed "AirshotKing<86><[U:1:900000013]><Red>" with "shotgun_soldier" (attacker_position "-8646 11866 10827") (victim_position "-8976 11609 10969")
L 04/28/2026 - 05:52:45: "AirshotKing<86><[U:1:900000013]><Red>" spawned as "soldier"
L 04/28/2026 - 05:52:48: "AirshotKing<86><[U:1:900000013]><Red>" triggered "shot_fired" (weapon "quake_rl")
L 04/28/2026 - 05:52:48: "AirshotKing<86><[U:1:900000013]><Red>" triggered "shot_hit" (weapon "quake_rl")
L 04/28/2026 - 05:52:48: "AirshotKing<86><[U:1:900000013]><Red>" triggered "damage" against "QuickScout<84><[U:1:900000012]><Blue>" (damage "48") (weapon "quake_rl")
L 04/28/2026 - 05:52:48: "AirshotKing<86><[U:1:900000013]><Red>" triggered "shot_fired" (weapon "quake_rl")
L 04/28/2026 - 05:52:49: "AirshotKing<86><[U:1:900000013]><Red>" triggered "shot_hit" (weapon "quake_rl")
L 04/28/2026 - 05:52:49: "AirshotKing<86><[U:1:900000013]><Red>" triggered "damage" against "QuickScout<84><[U:1:900000012]><Blue>" (damage "53") (weapon "quake_rl")
L 04/28/2026 - 05:52:49: "QuickScout<84><[U:1:900000012]><Blue>" triggered "shot_fired" (weapon "quake_rl")
L 04/28/2026 - 05:52:49: "AirshotKing<86><[U:1:900000013]><Red>" triggered "shot_fired" (weapon "quake_rl")
L 04/28/2026 - 05:52:49: "AirshotKing<86><[U:1:900000013]><Red>" triggered "shot_hit" (weapon "quake_rl")
L 04/28/2026 - 05:52:49: "AirshotKing<86><[U:1:900000013]><Red>" triggered "damage" against "QuickScout<84><[U:1:900000012]><Blue>" (damage "64") (weapon "quake_rl")
L 04/28/2026 - 05:52:50: "QuickScout<84><[U:1:900000012]><Blue>" triggered "shot_fired" (weapon "quake_rl")
L 04/28/2026 - 05:52:50: "QuickScout<84><[U:1:900000012]><Blue>" triggered "shot_fired" (weapon "quake_rl")
L 04/28/2026 - 05:52:51: "QuickScout<84><[U:1:900000012]><Blue>" triggered "shot_hit" (weapon "quake_rl")
L 04/28/2026 - 05:52:51: "QuickScout<84><[U:1:900000012]><Blue>" triggered "damage" against "AirshotKing<86><[U:1:900000013]><Red>" (damage "92") (weapon "quake_rl")
L 04/28/2026 - 05:52:51: "AirshotKing<86><[U:1:900000013]><Red>" triggered "shot_fired" (weapon "quake_rl")
L 04/28/2026 - 05:52:51: "QuickScout<84><[U:1:900000012]><Blue>" triggered "shot_fired" (weapon "quake_rl")
L 04/28/2026 - 05:52:52: "QuickScout<84><[U:1:900000012]><Blue>" triggered "shot_hit" (weapon "quake_rl")
L 04/28/2026 - 05:52:52: "QuickScout<84><[U:1:900000012]><Blue>" triggered "damage" against "AirshotKing<86><[U:1:900000013]><Red>" (damage "72") (weapon "quake_rl") (airshot "1") (height "197")
L 04/28/2026 - 05:52:52: "QuickScout<84><[U:1:900000012]><Blue>" triggered "shot_fired" (weapon "shotgun_soldier")
L 04/28/2026 - 05:52:52: "QuickScout<84><[U:1:900000012]><Blue>" triggered "shot_hit" (weapon "shotgun_soldier")
L 04/28/2026 - 05:52:52: "QuickScout<84><[U:1:900000012]><Blue>" triggered "damage" against "AirshotKing<86><[U:1:900000013]><Red>" (damage "29") (weapon "shotgun_soldier")
L 04/28/2026 - 05:52:52: "AirshotKing<86><[U:1:900000013]><Red>" triggered "shot_fired" (weapon "shotgun_soldier")
L 04/28/2026 - 05:52:52: "AirshotKing<86><[U:1:900000013]><Red>" triggered "shot_hit" (weapon "shotgun_soldier")
L 04/28/2026 - 05:52:52: "AirshotKing<86><[U:1:900000013]><Red>" triggered "damage" against "QuickScout<84><[U:1:900000012]><Blue>" (damage "32") (weapon "shotgun_soldier")
L 04/28/2026 - 05:52:53: "QuickScout<84><[U:1:900000012]><Blue>" triggered "shot_fired" (weapon "shotgun_soldier")
L 04/28/2026 - 05:52:53: "QuickScout<84><[U:1:900000012]><Blue>" triggered "shot_hit" (weapon "shotgun_soldier")
L 04/28/2026 - 05:52:53: "QuickScout<84><[U:1:900000012]><Blue>" triggered "damage" against "AirshotKing<86><[U:1:900000013]><Red>" (damage "79") (realdamage "22") (weapon "shotgun_soldier")
L 04/28/2026 - 05:52:53: "QuickScout<84><[U:1:900000012]><Blue>" killed "AirshotKing<86><[U:1:900000013]><Red>" with "shotgun_soldier" (attacker_position "-8506 11927 10471") (victim_position "-8563 12084 10700")
L 04/28/2026 - 05:52:53: "AirshotKing<86><[U:1:900000013]><Red>" spawned as "soldier"
L 04/28/2026 - 05:52:55: "QuickScout<84><[U:1:900000012]><Blue>" triggered "shot_fired" (weapon "quake_rl")
L 04/28/2026 - 05:52:55: "AirshotKing<86><[U:1:900000013]><Red>" triggered "shot_fired" (weapon "quake_rl")
L 04/28/2026 - 05:52:56: "QuickScout<84><[U:1:900000012]><Blue>" triggered "shot_fired" (weapon "quake_rl")
L 04/28/2026 - 05:52:56: "QuickScout<84><[U:1:900000012]><Blue>" triggered "shot_hit" (weapon "quake_rl")
L 04/28/2026 - 05:52:56: "QuickScout<84><[U:1:900000012]><Blue>" triggered "damage" against "AirshotKing<86><[U:1:900000013]><Red>" (damage "56") (weapon "quake_rl")
L 04/28/2026 - 05:52:56: "AirshotKing<86><[U:1:900000013]><Red>" triggered "shot_hit" (weapon "quake_rl")
L 04/28/2026 - 05:52:56: "AirshotKing<86><[U:1:900000013]><Red>" triggered "damage" against "QuickScout<84><[U:1:900000012]><Blue>" (damage "76") (weapon "quake_rl")
L 04/28/2026 - 05:52:56: "AirshotKing<86><[U:1:900000013]><Red>" triggered "shot_fired" (weapon "quake_rl")
L 04/28/2026 - 05:52:56: "QuickScout<84><[U:1:900000012]><Blue>" triggered "shot_hit" (weapon "quake_rl")
L 04/28/2026 - 05:52:56: "QuickScout<84><[U:1:900000012]><Blue>" triggered "damage" against "AirshotKing<86><[U:1:900000013]><Red>" (damage "111") (weapon "quake_rl")
L 04/28/2026 - 05:52:57: "QuickScout<84><[U:1:900000012]><Blue>" triggered "shot_fired" (weapon "quake_rl")
L 04/28/2026 - 05:52:58: "QuickScout<84><[U:1:900000012]><Blue>" triggered "shot_fired" (weapon "shotgun_soldier")
L 04/28/2026 - 05:52:58: "QuickScout<84><[U:1:900000012]><Blue>" triggered "shot_hit" (weapon "shotgun_soldier")
L 04/28/2026 - 05:52:58: "QuickScout<84><[U:1:900000012]><Blue>" triggered "damage" against "AirshotKing<86><[U:1:900000013]><Red>" (damage "9") (weapon "shotgun_soldier")
L 04/28/2026 - 05:52:58: "QuickScout<84><[U:1:900000012]><Blue>" triggered "shot_fired" (weapon "shotgun_soldier")
L 04/28/2026 - 05:52:58: "QuickScout<84><[U:1:900000012]><Blue>" triggered "shot_hit" (weapon "shotgun_soldier")
L 04/28/2026 - 05:52:58: "QuickScout<84><[U:1:900000012]><Blue>" triggered "damage" against "AirshotKing<86><[U:1:900000013]><Red>" (damage "19") (realdamage "14") (weapon "shotgun_soldier")
L 04/28/2026 - 05:52:58: "QuickScout<84><[U:1:900000012]><Blue>" killed "AirshotKing<86><[U:1:900000013]><Red>" with "shotgun_soldier" (attacker_position "-8564 11566 10673") (victim_position "-8144 11135 10444")
L 04/28/2026 - 05:52:58: "QuickScout<84><[U:1:900000012]><Blue>" triggered "domination" against "AirshotKing<86><[U:1:900000013]><Red>"
L 04/28/2026 - 05:52:58: "AirshotKing<86><[U:1:900000013]><Red>" spawned as "soldier"
L 04/28/2026 - 05:53:00: "AirshotKing<86><[U:1:900000013]><Red>" triggered "shot_fired" (weapon "quake_rl")
L 04/28/2026 - 05:53:00: "AirshotKing<86><[U:1:900000013]><Red>" triggered "shot_hit" (weapon "quake_rl")
L 04/28/2026 - 05:53:00: "AirshotKing<86><[U:1:900000013]><Red>" triggered "damage" against "QuickScout<84><[U:1:900000012]><Blue>" (damage "89") (weapon "quake_rl")
L 04/28/2026 - 05:53:01: "QuickScout<84><[U:1:900000012]><Blue>" triggered "shot_fired" (weapon "quake_rl")
L 04/28/2026 - 05:53:01: "AirshotKing<86><[U:1:900000013]><Red>" triggered "shot_fired" (weapon "quake_rl")
L 04/28/2026 - 05:53:01: "QuickScout<84><[U:1:900000012]><Blue>" triggered "shot_hit" (weapon "quake_rl")
L 04/28/2026 - 05:53:01: "QuickScout<84><[U:1:900000012]><Blue>" triggered "damage" against "AirshotKing<86><[U:1:900000013]><Red>" (damage "65") (weapon "quake_rl")
L 04/28/2026 - 05:53:02: "AirshotKing<86><[U:1:900000013]><Red>" triggered "shot_hit" (weapon "quake_rl")
L 04/28/2026 - 05:53:02: "AirshotKing<86><[U:1:900000013]><Red>" triggered "damage" against "QuickScout<84><[U:1:900000012]><Blue>" (damage "75") (weapon "quake_rl")
L 04/28/2026 - 05:53:02: "QuickScout<84><[U:1:900000012]><Blue>" triggered "shot_hit" (weapon "quake_rl")
L 04/28/2026 - 05:53:02: "QuickScout<84><[U:1:900000012]><Blue>" triggered "damage" against "AirshotKing<86><[U:1:900000013]><Red>" (damage "75") (weapon "quake_rl")
L 04/28/2026 - 05:53:02: "QuickScout<84><[U:1:900000012]><Blue>" triggered "shot_fired" (weapon "quake_rl")
L 04/28/2026 - 05:53:02: "AirshotKing<86><[U:1:900000013]><Red>" triggered "shot_fired" (weapon "quake_rl")
L 04/28/2026 - 05:53:03: "AirshotKing<86><[U:1:900000013]><Red>" triggered "shot_fired" (weapon "shotgun_soldier")
L 04/28/2026 - 05:53:03: "AirshotKing<86><[U:1:900000013]><Red>" triggered "shot_hit" (weapon "shotgun_soldier")
L 04/28/2026 - 05:53:03: "AirshotKing<86><[U:1:900000013]><Red>" triggered "damage" against "QuickScout<84><[U:1:900000012]><Blue>" (damage "69") (weapon "shotgun_soldier")
L 04/28/2026 - 05:53:03: "QuickScout<84><[U:1:900000012]><Blue>" triggered "shot_fired" (weapon "quake_rl")
L 04/28/2026 - 05:53:03: "AirshotKing<86><[U:1:900000013]><Red>" triggered "shot_fired" (weapon "shotgun_soldier")
L 04/28/2026 - 05:53:04: "QuickScout<84><[U:1:900000012]><Blue>" triggered "shot_fired" (weapon "quake_rl")
L 04/28/2026 - 05:53:04: "AirshotKing<86><[U:1:900000013]><Red>" triggered "shot_fired" (weapon "shotgun_soldier")
L 04/28/2026 - 05:53:05: "AirshotKing<86><[U:1:900000013]><Red>" triggered "shot_fired" (weapon "shotgun_soldier")
L 04/28/2026 - 05:53:05: "AirshotKing<86><[U:1:900000013]><Red>" triggered "shot_fired" (weapon "shotgun_soldier")
L 04/28/2026 - 05:53:05: "AirshotKing<86><[U:1:900000013]><Red>" triggered "shot_hit" (weapon "shotgun_soldier")
L 04/28/2026 - 05:53:05: "AirshotKing<86><[U:1:900000013]><Red>" triggered "damage" against "QuickScout<84><[U:1:900000012]><Blue>" (damage "12") (weapon "shotgun_soldier")
L 04/28/2026 - 05:53:06: "AirshotKing<86><[U:1:900000013]><Red>" killed "QuickScout<84><[U:1:900000012]><Blue>" with "world" (attacker_position "-8536 11801 10723") (victim_position "-8657 12079 10331")
L 04/28/2026 - 05:53:06: "AirshotKing<86><[U:1:900000013]><Red>" triggered "revenge" against "QuickScout<84><[U:1:900000012]><Blue>"
L 04/28/2026 - 05:53:06: "QuickScout<84><[U:1:900000012]><Blue>" spawned as "soldier"
L 04/28/2026 - 05:53:08: "QuickScout<84><[U:1:900000012]><Blue>" triggered "shot_fired" (weapon "quake_rl")
L 04/28/2026 - 05:53:08: "QuickScout<84><[U:1:900000012]><Blue>" triggered "shot_hit" (weapon "quake_rl")
L 04/28/2026 - 05:53:08: "QuickScout<84><[U:1:900000012]><Blue>" triggered "damage" against "AirshotKing<86><[U:1:900000013]><Red>" (damage "72") (weapon "quake_rl")
L 04/28/2026 - 05:53:09: "AirshotKing<86><[U:1:900000013]><Red>" triggered "shot_fired" (weapon "quake_rl")
L 04/28/2026 - 05:53:09: "QuickScout<84><[U:1:900000012]><Blue>" triggered "shot_fired" (weapon "quake_rl")
L 04/28/2026 - 05:53:09: "AirshotKing<86><[U:1:900000013]><Red>" triggered "shot_hit" (weapon "quake_rl")
L 04/28/2026 - 05:53:09: "AirshotKing<86><[U:1:900000013]><Red>" triggered "damage" against "QuickScout<84><[U:1:900000012]><Blue>" (damage "110") (weapon "quake_rl")
L 04/28/2026 - 05:53:09: "AirshotKing<86><[U:1:900000013]><Red>" triggered "shot_fired" (weapon "quake_rl")
L 04/28/2026 - 05:53:10: "QuickScout<84><[U:1:900000012]><Blue>" triggered "shot_hit" (weapon "quake_rl")
L 04/28/2026 - 05:53:10: "QuickScout<84><[U:1:900000012]><Blue>" triggered "damage" against "AirshotKing<86><[U:1:900000013]><Red>" (damage "53") (weapon "quake_rl")
L 04/28/2026 - 05:53:10: "QuickScout<84><[U:1:900000012]><Blue>" triggered "shot_fired" (weapon "quake_rl")
L 04/28/2026 - 05:53:12: "AirshotKing<86><[U:1:900000013]><Red>" triggered "shot_fired" (weapon "quake_rl")
L 04/28/2026 - 05:53:13: "AirshotKing<86><[U:1:900000013]><Red>" triggered "shot_fired" (weapon "quake_rl")
L 04/28/2026 - 05:53:14: "AirshotKing<86><[U:1:900000013]><Red>" triggered "shot_fired" (weapon "quake_rl")
L 04/28/2026 - 05:53:15: "QuickScout<84><[U:1:900000012]><Blue>" triggered "shot_fired" (weapon "quake_rl")
L 04/28/2026 - 05:53:15: "AirshotKing<86><[U:1:900000013]><Red>" triggered "shot_fired" (weapon "quake_rl")
L 04/28/2026 - 05:53:16: "QuickScout<84><[U:1:900000012]><Blue>" triggered "shot_fired" (weapon "shotgun_soldier")
L 04/28/2026 - 05:53:16: "QuickScout<84><[U:1:900000012]><Blue>" triggered "shot_hit" (weapon "shotgun_soldier")
L 04/28/2026 - 05:53:16: "QuickScout<84><[U:1:900000012]><Blue>" triggered "damage" against "AirshotKing<86><[U:1:900000013]><Red>" (damage "12") (weapon "shotgun_soldier")
L 04/28/2026 - 05:53:17: "AirshotKing<86><[U:1:900000013]><Red>" triggered "shot_fired" (weapon "quake_rl")
L 04/28/2026 - 05:53:17: "AirshotKing<86><[U:1:900000013]><Red>" triggered "shot_hit" (weapon "quake_rl")
L 04/28/2026 - 05:53:17: "AirshotKing<86><[U:1:900000013]><Red>" triggered "damage" against "QuickScout<84><[U:1:900000012]><Blue>" (damage "46") (realdamage "39") (weapon "quake_rl")
L 04/28/2026 - 05:53:17: "AirshotKing<86><[U:1:900000013]><Red>" killed "QuickScout<84><[U:1:900000012]><Blue>" with "quake_rl" (attacker_position "-8464 11547 10599") (victim_position "-8821 11854 10736")
L 04/28/2026 - 05:53:17: "QuickScout<84><[U:1:900000012]><Blue>" spawned as "soldier"
L 04/28/2026 - 05:53:17: "AirshotKing<86><[U:1:900000013]><Red>" triggered "shot_fired" (weapon "shotgun_soldier")
L 04/28/2026 - 05:53:18: "AirshotKing<86><[U:1:900000013]><Red>" triggered "shot_fired" (weapon "shotgun_soldier")
L 04/28/2026 - 05:53:19: "AirshotKing<86><[U:1:900000013]><Red>" triggered "shot_hit" (weapon "quake_rl")
L 04/28/2026 - 05:53:19: "AirshotKing<86><[U:1:900000013]><Red>" triggered "damage" against "QuickScout<84><[U:1:900000012]><Blue>" (damage "103") (weapon "quake_rl") (airshot "1") (height "648")
L 04/28/2026 - 05:53:19: "AirshotKing<86><[U:1:900000013]><Red>" triggered "shot_fired" (weapon "quake_rl")
L 04/28/2026 - 05:53:19: "QuickScout<84><[U:1:900000012]><Blue>" triggered "shot_fired" (weapon "quake_rl")
L 04/28/2026 - 05:53:19: "QuickScout<84><[U:1:900000012]><Blue>" triggered "shot_hit" (weapon "quake_rl")
L 04/28/2026 - 05:53:19: "QuickScout<84><[U:1:900000012]><Blue>" triggered "damage" against "AirshotKing<86><[U:1:900000013]><Red>" (damage "63") (weapon "quake_rl")
L 04/28/2026 - 05:53:20: "AirshotKing<86><[U:1:900000013]><Red>" triggered "shot_fired" (weapon "quake_rl")
L 04/28/2026 - 05:53:20: "QuickScout<84><[U:1:900000012]><Blue>" triggered "shot_fired" (weapon "quake_rl")
L 04/28/2026 - 05:53:21: "QuickScout<84><[U:1:900000012]><Blue>" triggered "shot_hit" (weapon "quake_rl")
L 04/28/2026 - 05:53:21: "QuickScout<84><[U:1:900000012]><Blue>" triggered "damage" against "AirshotKing<86><[U:1:900000013]><Red>" (damage "51") (weapon "quake_rl")
L 04/28/2026 - 05:53:21: "AirshotKing<86><[U:1:900000013]><Red>" triggered "shot_fired" (weapon "quake_rl")
L 04/28/2026 - 05:53:21: "QuickScout<84><[U:1:900000012]><Blue>" triggered "shot_fired" (weapon "quake_rl")
L 04/28/2026 - 05:53:21: "QuickScout<84><[U:1:900000012]><Blue>" triggered "shot_fired" (weapon "shotgun_soldier")
L 04/28/2026 - 05:53:22: "AirshotKing<86><[U:1:900000013]><Red>" triggered "shot_fired" (weapon "quake_rl")
L 04/28/2026 - 05:53:22: "AirshotKing<86><[U:1:900000013]><Red>" triggered "shot_hit" (weapon "quake_rl")
L 04/28/2026 - 05:53:22: "AirshotKing<86><[U:1:900000013]><Red>" triggered "damage" against "QuickScout<84><[U:1:900000012]><Blue>" (damage "68") (weapon "quake_rl")
L 04/28/2026 - 05:53:22: "QuickScout<84><[U:1:900000012]><Blue>" triggered "shot_fired" (weapon "shotgun_soldier")
L 04/28/2026 - 05:53:22: "AirshotKing<86><[U:1:900000013]><Red>" triggered "shot_fired" (weapon "shotgun_soldier")
L 04/28/2026 - 05:53:23: "AirshotKing<86><[U:1:900000013]><Red>" triggered "shot_fired" (weapon "shotgun_soldier")
L 04/28/2026 - 05:53:23: "AirshotKing<86><[U:1:900000013]><Red>" triggered "shot_fired" (weapon "shotgun_soldier")
L 04/28/2026 - 05:53:23: "AirshotKing<86><[U:1:900000013]><Red>" triggered "shot_hit" (weapon "shotgun_soldier")
L 04/28/2026 - 05:53:23: "AirshotKing<86><[U:1:900000013]><Red>" triggered "damage" against "QuickScout<84><[U:1:900000012]><Blue>" (damage "53") (realdamage "43") (weapon "shotgun_soldier")
L 04/28/2026 - 05:53:23: "AirshotKing<86><[U:1:900000013]><Red>" killed "QuickScout<84><[U:1:900000012]><Blue>" with "shotgun_soldier" (attacker_position "-8624 11687 10743") (victim_position "-8548 11908 10985")
L 04/28/2026 - 05:53:24: "QuickScout<84><[U:1:900000012]><Blue>" spawned as "soldier"
L 04/28/2026 - 05:53:25: "AirshotKing<86><[U:1:900000013]><Red>" triggered "shot_fired" (weapon "quake_rl")
L 04/28/2026 - 05:53:26: "QuickScout<84><[U:1:900000012]><Blue>" triggered "shot_fired" (weapon "quake_rl")
L 04/28/2026 - 05:53:26: "QuickScout<84><[U:1:900000012]><Blue>" triggered "shot_hit" (weapon "quake_rl")
L 04/28/2026 - 05:53:26: "QuickScout<84><[U:1:900000012]><Blue>" triggered "damage" against "AirshotKing<86><[U:1:900000013]><Red>" (damage "46") (weapon "quake_rl")
L 04/28/2026 - 05:53:26: "AirshotKing<86><[U:1:900000013]><Red>" triggered "shot_fired" (weapon "quake_rl")
L 04/28/2026 - 05:53:27: "QuickScout<84><[U:1:900000012]><Blue>" triggered "shot_hit" (weapon "quake_rl")
L 04/28/2026 - 05:53:27: "QuickScout<84><[U:1:900000012]><Blue>" triggered "damage" against "AirshotKing<86><[U:1:900000013]><Red>" (damage "77") (weapon "quake_rl")
L 04/28/2026 - 05:53:27: "AirshotKing<86><[U:1:900000013]><Red>" triggered "shot_fired" (weapon "quake_rl")
L 04/28/2026 - 05:53:27: "QuickScout<84><[U:1:900000012]><Blue>" triggered "shot_fired" (weapon "quake_rl")
L 04/28/2026 - 05:53:27: "AirshotKing<86><[U:1:900000013]><Red>" triggered "shot_hit" (weapon "quake_rl")
L 04/28/2026 - 05:53:27: "AirshotKing<86><[U:1:900000013]><Red>" triggered "damage" against "QuickScout<84><[U:1:900000012]><Blue>" (damage "55") (weapon "quake_rl")
L 04/28/2026 - 05:53:29: "AirshotKing<86><[U:1:900000013]><Red>" triggered "shot_fired" (weapon "quake_rl")
L 04/28/2026 - 05:53:32: "AirshotKing<86><[U:1:900000013]><Red>" triggered "shot_fired" (weapon "quake_rl")
L 04/28/2026 - 05:53:32: "QuickScout<84><[U:1:900000012]><Blue>" triggered "shot_fired" (weapon "quake_rl")
L 04/28/2026 - 05:53:33: "QuickScout<84><[U:1:900000012]><Blue>" triggered "shot_hit" (weapon "quake_rl")
L 04/28/2026 - 05:53:33: "QuickScout<84><[U:1:900000012]><Blue>" triggered "damage" against "AirshotKing<86><[U:1:900000013]><Red>" (damage "70") (weapon "quake_rl")
L 04/28/2026 - 05:53:33: "AirshotKing<86><[U:1:900000013]><Red>" triggered "shot_fired" (weapon "quake_rl")
L 04/28/2026 - 05:53:33: "AirshotKing<86><[U:1:900000013]><Red>" triggered "shot_hit" (weapon "quake_rl")
L 04/28/2026 - 05:53:33: "AirshotKing<86><[U:1:900000013]><Red>" triggered "damage" against "QuickScout<84><[U:1:900000012]><Blue>" (damage "94") (realdamage "31") (weapon "quake_rl") (airshot "1") (height "350")
L 04/28/2026 - 05:53:33: "AirshotKing<86><[U:1:900000013]><Red>" killed "QuickScout<84><[U:1:900000012]><Blue>" with "quake_rl" (attacker_position "-8790 11762 10986") (victim_position "-8397 11532 10941")
L 04/28/2026 - 05:53:33: "AirshotKing<86><[U:1:900000013]><Red>" triggered "domination" against "QuickScout<84><[U:1:900000012]><Blue>"
L 04/28/2026 - 05:53:33: "QuickScout<84><[U:1:900000012]><Blue>" spawned as "soldier"
L 04/28/2026 - 05:53:35: "AirshotKing<86><[U:1:900000013]><Red>" triggered "shot_fired" (weapon "quake_rl")
L 04/28/2026 - 05:53:35: "QuickScout<84><[U:1:900000012]><Blue>" triggered "shot_fired" (weapon "quake_rl")
L 04/28/2026 - 05:53:35: "QuickScout<84><[U:1:900000012]><Blue>" triggered "shot_hit" (weapon "quake_rl")
L 04/28/2026 - 05:53:35: "QuickScout<84><[U:1:900000012]><Blue>" triggered "damage" against "AirshotKing<86><[U:1:900000013]><Red>" (damage "52") (weapon "quake_rl")
L 04/28/2026 - 05:53:36: "AirshotKing<86><[U:1:900000013]><Red>" triggered "shot_fired" (weapon "quake_rl")
L 04/28/2026 - 05:53:36: "QuickScout<84><[U:1:900000012]><Blue>" triggered "shot_fired" (weapon "quake_rl")
L 04/28/2026 - 05:53:36: "QuickScout<84><[U:1:900000012]><Blue>" triggered "shot_hit" (weapon "quake_rl")
L 04/28/2026 - 05:53:36: "QuickScout<84><[U:1:900000012]><Blue>" triggered "damage" against "AirshotKing<86><[U:1:900000013]><Red>" (damage "99") (weapon "quake_rl")
L 04/28/2026 - 05:53:37: "AirshotKing<86><[U:1:900000013]><Red>" triggered "shot_fired" (weapon "quake_rl")
L 04/28/2026 - 05:53:37: "AirshotKing<86><[U:1:900000013]><Red>" triggered "shot_hit" (weapon "quake_rl")
L 04/28/2026 - 05:53:37: "AirshotKing<86><[U:1:900000013]><Red>" triggered "damage" against "QuickScout<84><[U:1:900000012]><Blue>" (damage "55") (weapon "quake_rl")
L 04/28/2026 - 05:53:37: "QuickScout<84><[U:1:900000012]><Blue>" triggered "shot_fired" (weapon "quake_rl")
L 04/28/2026 - 05:53:38: "QuickScout<84><[U:1:900000012]><Blue>" triggered "shot_fired" (weapon "shotgun_soldier")
L 04/28/2026 - 05:53:38: "QuickScout<84><[U:1:900000012]><Blue>" triggered "shot_hit" (weapon "shotgun_soldier")
L 04/28/2026 - 05:53:38: "QuickScout<84><[U:1:900000012]><Blue>" triggered "damage" against "AirshotKing<86><[U:1:900000013]><Red>" (damage "60") (weapon "shotgun_soldier")
L 04/28/2026 - 05:53:38: "AirshotKing<86><[U:1:900000013]><Red>" triggered "shot_fired" (weapon "quake_rl")
L 04/28/2026 - 05:53:38: "AirshotKing<86><[U:1:900000013]><Red>" triggered "shot_hit" (weapon "quake_rl")
L 04/28/2026 - 05:53:38: "AirshotKing<86><[U:1:900000013]><Red>" triggered "damage" against "QuickScout<84><[U:1:900000012]><Blue>" (damage "75") (weapon "quake_rl")
L 04/28/2026 - 05:53:38: "AirshotKing<86><[U:1:900000013]><Red>" triggered "shot_fired" (weapon "shotgun_soldier")
L 04/28/2026 - 05:53:38: "QuickScout<84><[U:1:900000012]><Blue>" triggered "shot_fired" (weapon "shotgun_soldier")
L 04/28/2026 - 05:53:41: "AirshotKing<86><[U:1:900000013]><Red>" triggered "shot_fired" (weapon "shotgun_soldier")
L 04/28/2026 - 05:53:41: "QuickScout<84><[U:1:900000012]><Blue>" triggered "shot_fired" (weapon "shotgun_soldier")
L 04/28/2026 - 05:53:41: "QuickScout<84><[U:1:900000012]><Blue>" triggered "shot_hit" (weapon "shotgun_soldier")
L 04/28/2026 - 05:53:41: "QuickScout<84><[U:1:900000012]><Blue>" triggered "damage" against "AirshotKing<86><[U:1:900000013]><Red>" (damage "61") (realdamage "15") (weapon "shotgun_soldier")
L 04/28/2026 - 05:53:41: "QuickScout<84><[U:1:900000012]><Blue>" killed "AirshotKing<86><[U:1:900000013]><Red>" with "shotgun_soldier" (attacker_position "-8470 11588 10687") (victim_position "-8415 11674 10627")
L 04/28/2026 - 05:53:41: "QuickScout<84><[U:1:900000012]><Blue>" triggered "revenge" against "AirshotKing<86><[U:1:900000013]><Red>"
L 04/28/2026 - 05:53:41: "AirshotKing<86><[U:1:900000013]><Red>" spawned as "soldier"
L 04/28/2026 - 05:53:43: "AirshotKing<86><[U:1:900000013]><Red>" triggered "shot_fired" (weapon "quake_rl")
L 04/28/2026 - 05:53:43: "QuickScout<84><[U:1:900000012]><Blue>" triggered "shot_fired" (weapon "quake_rl")
L 04/28/2026 - 05:53:43: "AirshotKing<86><[U:1:900000013]><Red>" triggered "shot_hit" (weapon "quake_rl")
L 04/28/2026 - 05:53:43: "AirshotKing<86><[U:1:900000013]><Red>" triggered "damage" against "QuickScout<84><[U:1:900000012]><Blue>" (damage "78") (weapon "quake_rl")
L 04/28/2026 - 05:53:44: "QuickScout<84><[U:1:900000012]><Blue>" triggered "shot_fired" (weapon "quake_rl")
L 04/28/2026 - 05:53:44: "AirshotKing<86><[U:1:900000013]><Red>" triggered "shot_hit" (weapon "quake_rl")
L 04/28/2026 - 05:53:44: "AirshotKing<86><[U:1:900000013]><Red>" triggered "damage" against "QuickScout<84><[U:1:900000012]><Blue>" (damage "111") (weapon "quake_rl") (airshot "1") (height "366")
L 04/28/2026 - 05:53:44: "AirshotKing<86><[U:1:900000013]><Red>" triggered "shot_fired" (weapon "quake_rl")
L 04/28/2026 - 05:53:45: "QuickScout<84><[U:1:900000012]><Blue>" triggered "shot_fired" (weapon "quake_rl")
L 04/28/2026 - 05:53:45: "AirshotKing<86><[U:1:900000013]><Red>" triggered "shot_fired" (weapon "quake_rl")
L 04/28/2026 - 05:53:45: "QuickScout<84><[U:1:900000012]><Blue>" triggered "shot_hit" (weapon "quake_rl")
L 04/28/2026 - 05:53:45: "QuickScout<84><[U:1:900000012]><Blue>" triggered "damage" against "AirshotKing<86><[U:1:900000013]><Red>" (damage "29") (weapon "quake_rl")
L 04/28/2026 - 05:53:46: "AirshotKing<86><[U:1:900000013]><Red>" triggered "shot_fired" (weapon "shotgun_soldier")
L 04/28/2026 - 05:53:46: "AirshotKing<86><[U:1:900000013]><Red>" triggered "shot_hit" (weapon "shotgun_soldier")
L 04/28/2026 - 05:53:46: "AirshotKing<86><[U:1:900000013]><Red>" triggered "damage" against "QuickScout<84><[U:1:900000012]><Blue>" (damage "11") (weapon "shotgun_soldier")
L 04/28/2026 - 05:53:46: "QuickScout<84><[U:1:900000012]><Blue>" triggered "shot_fired" (weapon "quake_rl")
L 04/28/2026 - 05:53:47: "AirshotKing<86><[U:1:900000013]><Red>" triggered "shot_fired" (weapon "shotgun_soldier")
L 04/28/2026 - 05:53:48: "QuickScout<84><[U:1:900000012]><Blue>" triggered "shot_fired" (weapon "quake_rl")
L 04/28/2026 - 05:53:48: "QuickScout<84><[U:1:900000012]><Blue>" triggered "shot_hit" (weapon "quake_rl")
L 04/28/2026 - 05:53:48: "QuickScout<84><[U:1:900000012]><Blue>" triggered "damage" against "AirshotKing<86><[U:1:900000013]><Red>" (damage "105") (weapon "quake_rl")
L 04/28/2026 - 05:53:48: "AirshotKing<86><[U:1:900000013]><Red>" triggered "shot_fired" (weapon "shotgun_soldier")
L 04/28/2026 - 05:53:48: "AirshotKing<86><[U:1:900000013]><Red>" triggered "shot_hit" (weapon "shotgun_soldier")
L 04/28/2026 - 05:53:48: "AirshotKing<86><[U:1:900000013]><Red>" triggered "damage" against "QuickScout<84><[U:1:900000012]><Blue>" (damage "31") (weapon "shotgun_soldier")
L 04/28/2026 - 05:53:49: "AirshotKing<86><[U:1:900000013]><Red>" triggered "shot_fired" (weapon "shotgun_soldier")
L 04/28/2026 - 05:53:49: "AirshotKing<86><[U:1:900000013]><Red>" triggered "shot_hit" (weapon "shotgun_soldier")
L 04/28/2026 - 05:53:49: "AirshotKing<86><[U:1:900000013]><Red>" triggered "damage" against "QuickScout<84><[U:1:900000012]><Blue>" (damage "15") (realdamage "14") (weapon "shotgun_soldier")
L 04/28/2026 - 05:53:49: "AirshotKing<86><[U:1:900000013]><Red>" killed "QuickScout<84><[U:1:900000012]><Blue>" with "shotgun_soldier" (attacker_position "-8945 11796 10760") (victim_position "-8774 11493 10671")
L 04/28/2026 - 05:53:49: "QuickScout<84><[U:1:900000012]><Blue>" spawned as "soldier"
L 04/28/2026 - 05:53:51: "QuickScout<84><[U:1:900000012]><Blue>" triggered "shot_fired" (weapon "quake_rl")
L 04/28/2026 - 05:53:52: "QuickScout<84><[U:1:900000012]><Blue>" triggered "shot_hit" (weapon "quake_rl")
L 04/28/2026 - 05:53:52: "QuickScout<84><[U:1:900000012]><Blue>" triggered "damage" against "AirshotKing<86><[U:1:900000013]><Red>" (damage "109") (weapon "quake_rl")
L 04/28/2026 - 05:53:52: "QuickScout<84><[U:1:900000012]><Blue>" triggered "shot_fired" (weapon "quake_rl")
L 04/28/2026 - 05:53:52: "QuickScout<84><[U:1:900000012]><Blue>" triggered "shot_hit" (weapon "quake_rl")
L 04/28/2026 - 05:53:52: "QuickScout<84><[U:1:900000012]><Blue>" triggered "damage" against "AirshotKing<86><[U:1:900000013]><Red>" (damage "111") (realdamage "104") (weapon "quake_rl")
L 04/28/2026 - 05:53:52: "QuickScout<84><[U:1:900000012]><Blue>" killed "AirshotKing<86><[U:1:900000013]><Red>" with "quake_rl" (attacker_position "-8769 11763 10837") (victim_position "-8710 11676 10751")
L 04/28/2026 - 05:53:53: "QuickScout<84><[U:1:900000012]><Blue>" triggered "shot_fired" (weapon "quake_rl")
L 04/28/2026 - 05:53:53: "AirshotKing<86><[U:1:900000013]><Red>" spawned as "soldier"
L 04/28/2026 - 05:53:55: "AirshotKing<86><[U:1:900000013]><Red>" triggered "shot_fired" (weapon "quake_rl")
L 04/28/2026 - 05:53:55: "AirshotKing<86><[U:1:900000013]><Red>" triggered "shot_hit" (weapon "quake_rl")
L 04/28/2026 - 05:53:55: "AirshotKing<86><[U:1:900000013]><Red>" triggered "damage" against "QuickScout<84><[U:1:900000012]><Blue>" (damage "55") (weapon "quake_rl")
L 04/28/2026 - 05:53:56: "QuickScout<84><[U:1:900000012]><Blue>" triggered "shot_fired" (weapon "quake_rl")
L 04/28/2026 - 05:53:56: "QuickScout<84><[U:1:900000012]><Blue>" triggered "shot_fired" (weapon "quake_rl")
L 04/28/2026 - 05:53:57: "QuickScout<84><[U:1:900000012]><Blue>" triggered "shot_hit" (weapon "quake_rl")
L 04/28/2026 - 05:53:57: "QuickScout<84><[U:1:900000012]><Blue>" triggered "damage" against "AirshotKing<86><[U:1:900000013]><Red>" (damage "75") (weapon "quake_rl")
L 04/28/2026 - 05:53:57: "AirshotKing<86><[U:1:900000013]><Red>" triggered "shot_fired" (weapon "quake_rl")
L 04/28/2026 - 05:53:57: "AirshotKing<86><[U:1:900000013]><Red>" triggered "shot_hit" (weapon "quake_rl")
L 04/28/2026 - 05:53:57: "AirshotKing<86><[U:1:900000013]><Red>" triggered "damage" against "QuickScout<84><[U:1:900000012]><Blue>" (damage "73") (weapon "quake_rl")
L 04/28/2026 - 05:53:57: "QuickScout<84><[U:1:900000012]><Blue>" triggered "shot_fired" (weapon "quake_rl")
L 04/28/2026 - 05:53:58: "QuickScout<84><[U:1:900000012]><Blue>" triggered "shot_fired" (weapon "quake_rl")
L 04/28/2026 - 05:53:59: "AirshotKing<86><[U:1:900000013]><Red>" triggered "shot_fired" (weapon "quake_rl")
L 04/28/2026 - 05:54:02: "AirshotKing<86><[U:1:900000013]><Red>" triggered "shot_fired" (weapon "quake_rl")
L 04/28/2026 - 05:54:02: "QuickScout<84><[U:1:900000012]><Blue>" triggered "shot_fired" (weapon "quake_rl")
L 04/28/2026 - 05:54:03: "QuickScout<84><[U:1:900000012]><Blue>" triggered "shot_fired" (weapon "quake_rl")
L 04/28/2026 - 05:54:04: "AirshotKing<86><[U:1:900000013]><Red>" triggered "shot_fired" (weapon "quake_rl")
L 04/28/2026 - 05:54:04: "AirshotKing<86><[U:1:900000013]><Red>" triggered "shot_hit" (weapon "quake_rl")
L 04/28/2026 - 05:54:04: "AirshotKing<86><[U:1:900000013]><Red>" triggered "damage" against "QuickScout<84><[U:1:900000012]><Blue>" (damage "64") (realdamage "9") (weapon "quake_rl")
L 04/28/2026 - 05:54:04: "AirshotKing<86><[U:1:900000013]><Red>" killed "QuickScout<84><[U:1:900000012]><Blue>" with "quake_rl" (attacker_position "-8905 11914 10736") (victim_position "-8650 12088 10261")
L 04/28/2026 - 05:54:05: "QuickScout<84><[U:1:900000012]><Blue>" spawned as "soldier"
L 04/28/2026 - 05:54:06: "AirshotKing<86><[U:1:900000013]><Red>" triggered "damage" against "QuickScout<84><[U:1:900000012]><Blue>" (damage "65") (weapon "market_gardener")
L 04/28/2026 - 05:54:07: "QuickScout<84><[U:1:900000012]><Blue>" triggered "shot_fired" (weapon "quake_rl")
L 04/28/2026 - 05:54:07: "QuickScout<84><[U:1:900000012]><Blue>" triggered "shot_hit" (weapon "quake_rl")
L 04/28/2026 - 05:54:07: "QuickScout<84><[U:1:900000012]><Blue>" triggered "damage" against "AirshotKing<86><[U:1:900000013]><Red>" (damage "54") (weapon "quake_rl")
L 04/28/2026 - 05:54:07: "AirshotKing<86><[U:1:900000013]><Red>" triggered "shot_fired" (weapon "quake_rl")
L 04/28/2026 - 05:54:07: "AirshotKing<86><[U:1:900000013]><Red>" triggered "shot_hit" (weapon "quake_rl")
L 04/28/2026 - 05:54:07: "AirshotKing<86><[U:1:900000013]><Red>" triggered "damage" against "QuickScout<84><[U:1:900000012]><Blue>" (damage "105") (weapon "quake_rl") (airshot "1") (height "644")
L 04/28/2026 - 05:54:08: "QuickScout<84><[U:1:900000012]><Blue>" triggered "shot_fired" (weapon "quake_rl")
L 04/28/2026 - 05:54:08: "AirshotKing<86><[U:1:900000013]><Red>" triggered "shot_fired" (weapon "quake_rl")
L 04/28/2026 - 05:54:09: "AirshotKing<86><[U:1:900000013]><Red>" triggered "shot_fired" (weapon "quake_rl")
L 04/28/2026 - 05:54:09: "QuickScout<84><[U:1:900000012]><Blue>" triggered "shot_fired" (weapon "quake_rl")
L 04/28/2026 - 05:54:09: "QuickScout<84><[U:1:900000012]><Blue>" triggered "shot_hit" (weapon "quake_rl")
L 04/28/2026 - 05:54:09: "QuickScout<84><[U:1:900000012]><Blue>" triggered "damage" against "AirshotKing<86><[U:1:900000013]><Red>" (damage "106") (weapon "quake_rl")
L 04/28/2026 - 05:54:10: "QuickScout<84><[U:1:900000012]><Blue>" triggered "shot_fired" (weapon "shotgun_soldier")
L 04/28/2026 - 05:54:10: "QuickScout<84><[U:1:900000012]><Blue>" triggered "shot_hit" (weapon "shotgun_soldier")
L 04/28/2026 - 05:54:10: "QuickScout<84><[U:1:900000012]><Blue>" triggered "damage" against "AirshotKing<86><[U:1:900000013]><Red>" (damage "13") (weapon "shotgun_soldier")
L 04/28/2026 - 05:54:10: "AirshotKing<86><[U:1:900000013]><Red>" triggered "shot_fired" (weapon "quake_rl")
L 04/28/2026 - 05:54:10: "AirshotKing<86><[U:1:900000013]><Red>" triggered "shot_fired" (weapon "shotgun_soldier")
L 04/28/2026 - 05:54:10: "AirshotKing<86><[U:1:900000013]><Red>" triggered "shot_hit" (weapon "shotgun_soldier")
L 04/28/2026 - 05:54:10: "AirshotKing<86><[U:1:900000013]><Red>" triggered "damage" against "QuickScout<84><[U:1:900000012]><Blue>" (damage "7") (weapon "shotgun_soldier")
L 04/28/2026 - 05:54:10: "QuickScout<84><[U:1:900000012]><Blue>" triggered "shot_fired" (weapon "shotgun_soldier")
L 04/28/2026 - 05:54:11: "AirshotKing<86><[U:1:900000013]><Red>" triggered "shot_fired" (weapon "shotgun_soldier")
L 04/28/2026 - 05:54:11: "AirshotKing<86><[U:1:900000013]><Red>" triggered "shot_hit" (weapon "shotgun_soldier")
L 04/28/2026 - 05:54:11: "AirshotKing<86><[U:1:900000013]><Red>" triggered "damage" against "QuickScout<84><[U:1:900000012]><Blue>" (damage "39") (realdamage "25") (weapon "shotgun_soldier")
L 04/28/2026 - 05:54:11: "AirshotKing<86><[U:1:900000013]><Red>" killed "QuickScout<84><[U:1:900000012]><Blue>" with "shotgun_soldier" (attacker_position "-8930 11738 10534") (victim_position "-9026 11342 10340")
L 04/28/2026 - 05:54:11: "QuickScout<84><[U:1:900000012]><Blue>" spawned as "soldier"
L 04/28/2026 - 05:54:13: "QuickScout<84><[U:1:900000012]><Blue>" triggered "shot_fired" (weapon "quake_rl")
L 04/28/2026 - 05:54:13: "AirshotKing<86><[U:1:900000013]><Red>" triggered "shot_fired" (weapon "quake_rl")
L 04/28/2026 - 05:54:14: "QuickScout<84><[U:1:900000012]><Blue>" triggered "shot_hit" (weapon "quake_rl")
L 04/28/2026 - 05:54:14: "QuickScout<84><[U:1:900000012]><Blue>" triggered "damage" against "AirshotKing<86><[U:1:900000013]><Red>" (damage "76") (weapon "quake_rl")
L 04/28/2026 - 05:54:14: "QuickScout<84><[U:1:900000012]><Blue>" triggered "shot_fired" (weapon "quake_rl")
L 04/28/2026 - 05:54:14: "AirshotKing<86><[U:1:900000013]><Red>" triggered "shot_fired" (weapon "quake_rl")
L 04/28/2026 - 05:54:15: "QuickScout<84><[U:1:900000012]><Blue>" triggered "shot_hit" (weapon "quake_rl")
L 04/28/2026 - 05:54:15: "QuickScout<84><[U:1:900000012]><Blue>" triggered "damage" against "AirshotKing<86><[U:1:900000013]><Red>" (damage "95") (weapon "quake_rl")
L 04/28/2026 - 05:54:15: "QuickScout<84><[U:1:900000012]><Blue>" triggered "shot_fired" (weapon "quake_rl")
L 04/28/2026 - 05:54:15: "AirshotKing<86><[U:1:900000013]><Red>" triggered "shot_hit" (weapon "quake_rl")
L 04/28/2026 - 05:54:15: "AirshotKing<86><[U:1:900000013]><Red>" triggered "damage" against "QuickScout<84><[U:1:900000012]><Blue>" (damage "59") (weapon "quake_rl")
L 04/28/2026 - 05:54:15: "AirshotKing<86><[U:1:900000013]><Red>" triggered "shot_fired" (weapon "quake_rl")
L 04/28/2026 - 05:54:15: "QuickScout<84><[U:1:900000012]><Blue>" triggered "shot_fired" (weapon "shotgun_soldier")
L 04/28/2026 - 05:54:20: "AirshotKing<86><[U:1:900000013]><Red>" triggered "shot_hit" (weapon "quake_rl")
L 04/28/2026 - 05:54:20: "AirshotKing<86><[U:1:900000013]><Red>" triggered "damage" against "QuickScout<84><[U:1:900000012]><Blue>" (damage "109") (weapon "quake_rl")
L 04/28/2026 - 05:54:20: "QuickScout<84><[U:1:900000012]><Blue>" killed "AirshotKing<86><[U:1:900000013]><Red>" with "world" (attacker_position "-8847 11875 10747") (victim_position "-8998 11812 10694")
L 04/28/2026 - 05:54:20: "AirshotKing<86><[U:1:900000013]><Red>" triggered "shot_fired" (weapon "quake_rl")
L 04/28/2026 - 05:54:20: "AirshotKing<86><[U:1:900000013]><Red>" spawned as "soldier"
L 04/28/2026 - 05:54:20: "QuickScout<84><[U:1:900000012]><Blue>" triggered "shot_fired" (weapon "quake_rl")
L 04/28/2026 - 05:54:21: "AirshotKing<86><[U:1:900000013]><Red>" triggered "shot_fired" (weapon "quake_rl")
L 04/28/2026 - 05:54:23: "AirshotKing<86><[U:1:900000013]><Red>" picked up item "tf_ammo_pack"
L 04/28/2026 - 05:54:24: "QuickScout<84><[U:1:900000012]><Blue>" triggered "shot_fired" (weapon "quake_rl")
L 04/28/2026 - 05:54:24: "AirshotKing<86><[U:1:900000013]><Red>" triggered "shot_fired" (weapon "quake_rl")
L 04/28/2026 - 05:54:25: "QuickScout<84><[U:1:900000012]><Blue>" triggered "shot_fired" (weapon "quake_rl")
L 04/28/2026 - 05:54:25: "AirshotKing<86><[U:1:900000013]><Red>" triggered "shot_fired" (weapon "quake_rl")
L 04/28/2026 - 05:54:25: "AirshotKing<86><[U:1:900000013]><Red>" triggered "shot_hit" (weapon "quake_rl")
L 04/28/2026 - 05:54:25: "AirshotKing<86><[U:1:900000013]><Red>" triggered "damage" against "QuickScout<84><[U:1:900000012]><Blue>" (damage "107") (weapon "quake_rl")
L 04/28/2026 - 05:54:25: "QuickScout<84><[U:1:900000012]><Blue>" triggered "shot_fired" (weapon "quake_rl")
L 04/28/2026 - 05:54:26: "AirshotKing<86><[U:1:900000013]><Red>" triggered "shot_fired" (weapon "quake_rl")
L 04/28/2026 - 05:54:26: "QuickScout<84><[U:1:900000012]><Blue>" triggered "shot_fired" (weapon "shotgun_soldier")
L 04/28/2026 - 05:54:26: "QuickScout<84><[U:1:900000012]><Blue>" triggered "shot_hit" (weapon "shotgun_soldier")
L 04/28/2026 - 05:54:26: "QuickScout<84><[U:1:900000012]><Blue>" triggered "damage" against "AirshotKing<86><[U:1:900000013]><Red>" (damage "14") (weapon "shotgun_soldier")
L 04/28/2026 - 05:54:26: "AirshotKing<86><[U:1:900000013]><Red>" triggered "shot_fired" (weapon "shotgun_soldier")
L 04/28/2026 - 05:54:26: "AirshotKing<86><[U:1:900000013]><Red>" triggered "shot_hit" (weapon "shotgun_soldier")
L 04/28/2026 - 05:54:26: "AirshotKing<86><[U:1:900000013]><Red>" triggered "damage" against "QuickScout<84><[U:1:900000012]><Blue>" (damage "84") (realdamage "66") (weapon "shotgun_soldier")
L 04/28/2026 - 05:54:26: "AirshotKing<86><[U:1:900000013]><Red>" killed "QuickScout<84><[U:1:900000012]><Blue>" with "shotgun_soldier" (attacker_position "-8688 11725 10743") (victim_position "-8656 11905 10837")
L 04/28/2026 - 05:54:26: "QuickScout<84><[U:1:900000012]><Blue>" spawned as "soldier"
L 04/28/2026 - 05:54:28: "AirshotKing<86><[U:1:900000013]><Red>" triggered "shot_fired" (weapon "quake_rl")
L 04/28/2026 - 05:54:29: "QuickScout<84><[U:1:900000012]><Blue>" triggered "shot_fired" (weapon "quake_rl")
L 04/28/2026 - 05:54:29: "QuickScout<84><[U:1:900000012]><Blue>" triggered "shot_hit" (weapon "quake_rl")
L 04/28/2026 - 05:54:29: "QuickScout<84><[U:1:900000012]><Blue>" triggered "damage" against "AirshotKing<86><[U:1:900000013]><Red>" (damage "58") (weapon "quake_rl")
L 04/28/2026 - 05:54:29: "AirshotKing<86><[U:1:900000013]><Red>" triggered "shot_fired" (weapon "quake_rl")
L 04/28/2026 - 05:54:30: "QuickScout<84><[U:1:900000012]><Blue>" triggered "shot_fired" (weapon "quake_rl")
L 04/28/2026 - 05:54:30: "AirshotKing<86><[U:1:900000013]><Red>" triggered "shot_hit" (weapon "quake_rl")
L 04/28/2026 - 05:54:30: "AirshotKing<86><[U:1:900000013]><Red>" triggered "damage" against "QuickScout<84><[U:1:900000012]><Blue>" (damage "71") (weapon "quake_rl")
L 04/28/2026 - 05:54:30: "AirshotKing<86><[U:1:900000013]><Red>" triggered "shot_fired" (weapon "quake_rl")
L 04/28/2026 - 05:54:31: "AirshotKing<86><[U:1:900000013]><Red>" triggered "shot_fired" (weapon "quake_rl")
L 04/28/2026 - 05:54:31: "QuickScout<84><[U:1:900000012]><Blue>" triggered "shot_fired" (weapon "quake_rl")
L 04/28/2026 - 05:54:31: "QuickScout<84><[U:1:900000012]><Blue>" triggered "shot_hit" (weapon "quake_rl")
L 04/28/2026 - 05:54:31: "QuickScout<84><[U:1:900000012]><Blue>" triggered "damage" against "AirshotKing<86><[U:1:900000013]><Red>" (damage "67") (weapon "quake_rl")
L 04/28/2026 - 05:54:31: "QuickScout<84><[U:1:900000012]><Blue>" triggered "shot_fired" (weapon "shotgun_soldier")
L 04/28/2026 - 05:54:31: "AirshotKing<86><[U:1:900000013]><Red>" triggered "shot_fired" (weapon "shotgun_soldier")
L 04/28/2026 - 05:54:32: "QuickScout<84><[U:1:900000012]><Blue>" triggered "shot_fired" (weapon "shotgun_soldier")
L 04/28/2026 - 05:54:32: "AirshotKing<86><[U:1:900000013]><Red>" triggered "shot_fired" (weapon "shotgun_soldier")
L 04/28/2026 - 05:54:32: "AirshotKing<86><[U:1:900000013]><Red>" triggered "shot_hit" (weapon "shotgun_soldier")
L 04/28/2026 - 05:54:32: "AirshotKing<86><[U:1:900000013]><Red>" triggered "damage" against "QuickScout<84><[U:1:900000012]><Blue>" (damage "70") (weapon "shotgun_soldier")
L 04/28/2026 - 05:54:32: "QuickScout<84><[U:1:900000012]><Blue>" triggered "shot_fired" (weapon "shotgun_soldier")
L 04/28/2026 - 05:54:32: "QuickScout<84><[U:1:900000012]><Blue>" triggered "shot_hit" (weapon "shotgun_soldier")
L 04/28/2026 - 05:54:32: "QuickScout<84><[U:1:900000012]><Blue>" triggered "damage" against "AirshotKing<86><[U:1:900000013]><Red>" (damage "17") (weapon "shotgun_soldier")
L 04/28/2026 - 05:54:33: "AirshotKing<86><[U:1:900000013]><Red>" triggered "shot_fired" (weapon "shotgun_soldier")
L 04/28/2026 - 05:54:33: "AirshotKing<86><[U:1:900000013]><Red>" triggered "shot_hit" (weapon "shotgun_soldier")
L 04/28/2026 - 05:54:33: "AirshotKing<86><[U:1:900000013]><Red>" triggered "damage" against "QuickScout<84><[U:1:900000012]><Blue>" (damage "70") (realdamage "56") (weapon "shotgun_soldier")
L 04/28/2026 - 05:54:33: "AirshotKing<86><[U:1:900000013]><Red>" killed "QuickScout<84><[U:1:900000012]><Blue>" with "shotgun_soldier" (attacker_position "-8467 11853 10588") (victim_position "-8345 11799 10590")
L 04/28/2026 - 05:54:33: "QuickScout<84><[U:1:900000012]><Blue>" spawned as "soldier"
L 04/28/2026 - 05:54:34: "AirshotKing<86><[U:1:900000013]><Red>" triggered "shot_fired" (weapon "quake_rl")
L 04/28/2026 - 05:54:35: "QuickScout<84><[U:1:900000012]><Blue>" triggered "shot_fired" (weapon "quake_rl")
L 04/28/2026 - 05:54:36: "AirshotKing<86><[U:1:900000013]><Red>" triggered "shot_fired" (weapon "quake_rl")
L 04/28/2026 - 05:54:37: "QuickScout<84><[U:1:900000012]><Blue>" triggered "shot_fired" (weapon "quake_rl")
L 04/28/2026 - 05:54:38: "AirshotKing<86><[U:1:900000013]><Red>" triggered "shot_fired" (weapon "quake_rl")
L 04/28/2026 - 05:54:39: "QuickScout<84><[U:1:900000012]><Blue>" triggered "shot_fired" (weapon "quake_rl")
L 04/28/2026 - 05:54:39: "AirshotKing<86><[U:1:900000013]><Red>" triggered "shot_fired" (weapon "quake_rl")
L 04/28/2026 - 05:54:40: "AirshotKing<86><[U:1:900000013]><Red>" triggered "shot_fired" (weapon "quake_rl")
L 04/28/2026 - 05:54:42: "AirshotKing<86><[U:1:900000013]><Red>" triggered "shot_fired" (weapon "quake_rl")
L 04/28/2026 - 05:54:42: "QuickScout<84><[U:1:900000012]><Blue>" triggered "shot_fired" (weapon "quake_rl")
L 04/28/2026 - 05:54:42: "AirshotKing<86><[U:1:900000013]><Red>" triggered "shot_fired" (weapon "shotgun_soldier")
L 04/28/2026 - 05:54:42: "AirshotKing<86><[U:1:900000013]><Red>" triggered "shot_hit" (weapon "shotgun_soldier")
L 04/28/2026 - 05:54:42: "AirshotKing<86><[U:1:900000013]><Red>" triggered "damage" against "QuickScout<84><[U:1:900000012]><Blue>" (damage "88") (weapon "shotgun_soldier")
L 04/28/2026 - 05:54:43: "QuickScout<84><[U:1:900000012]><Blue>" triggered "shot_hit" (weapon "quake_rl")
L 04/28/2026 - 05:54:43: "QuickScout<84><[U:1:900000012]><Blue>" triggered "damage" against "AirshotKing<86><[U:1:900000013]><Red>" (damage "54") (weapon "quake_rl")
L 04/28/2026 - 05:54:43: "QuickScout<84><[U:1:900000012]><Blue>" triggered "shot_fired" (weapon "quake_rl")
L 04/28/2026 - 05:54:43: "AirshotKing<86><[U:1:900000013]><Red>" triggered "shot_fired" (weapon "shotgun_soldier")
L 04/28/2026 - 05:54:43: "AirshotKing<86><[U:1:900000013]><Red>" triggered "shot_hit" (weapon "shotgun_soldier")
L 04/28/2026 - 05:54:43: "AirshotKing<86><[U:1:900000013]><Red>" triggered "damage" against "QuickScout<84><[U:1:900000012]><Blue>" (damage "81") (weapon "shotgun_soldier")
L 04/28/2026 - 05:54:44: "QuickScout<84><[U:1:900000012]><Blue>" triggered "shot_fired" (weapon "quake_rl")
L 04/28/2026 - 05:54:44: "AirshotKing<86><[U:1:900000013]><Red>" triggered "shot_fired" (weapon "shotgun_soldier")
L 04/28/2026 - 05:54:44: "AirshotKing<86><[U:1:900000013]><Red>" triggered "shot_hit" (weapon "shotgun_soldier")
L 04/28/2026 - 05:54:44: "AirshotKing<86><[U:1:900000013]><Red>" triggered "damage" against "QuickScout<84><[U:1:900000012]><Blue>" (damage "29") (weapon "shotgun_soldier")
L 04/28/2026 - 05:54:44: "QuickScout<84><[U:1:900000012]><Blue>" triggered "shot_hit" (weapon "quake_rl")
L 04/28/2026 - 05:54:44: "QuickScout<84><[U:1:900000012]><Blue>" triggered "damage" against "AirshotKing<86><[U:1:900000013]><Red>" (damage "57") (weapon "quake_rl")
L 04/28/2026 - 05:54:44: "QuickScout<84><[U:1:900000012]><Blue>" triggered "shot_hit" (weapon "quake_rl")
L 04/28/2026 - 05:54:44: "QuickScout<84><[U:1:900000012]><Blue>" triggered "damage" against "AirshotKing<86><[U:1:900000013]><Red>" (damage "111") (weapon "quake_rl")
L 04/28/2026 - 05:54:44: "AirshotKing<86><[U:1:900000013]><Red>" killed "QuickScout<84><[U:1:900000012]><Blue>" with "world" (attacker_position "-8534 11700 10730") (victim_position "-8448 11737 10799")
L 04/28/2026 - 05:54:44: "AirshotKing<86><[U:1:900000013]><Red>" triggered "shot_fired" (weapon "shotgun_soldier")
L 04/28/2026 - 05:54:44: "QuickScout<84><[U:1:900000012]><Blue>" triggered "shot_fired" (weapon "quake_rl")
L 04/28/2026 - 05:54:44: "QuickScout<84><[U:1:900000012]><Blue>" spawned as "soldier"
L 04/28/2026 - 05:54:46: "AirshotKing<86><[U:1:900000013]><Red>" triggered "shot_fired" (weapon "quake_rl")
L 04/28/2026 - 05:54:47: "QuickScout<84><[U:1:900000012]><Blue>" triggered "shot_fired" (weapon "quake_rl")
L 04/28/2026 - 05:54:47: "QuickScout<84><[U:1:900000012]><Blue>" triggered "shot_hit" (weapon "quake_rl")
L 04/28/2026 - 05:54:47: "QuickScout<84><[U:1:900000012]><Blue>" triggered "damage" against "AirshotKing<86><[U:1:900000013]><Red>" (damage "82") (weapon "quake_rl")
L 04/28/2026 - 05:54:47: "AirshotKing<86><[U:1:900000013]><Red>" triggered "shot_fired" (weapon "quake_rl")
L 04/28/2026 - 05:54:48: "AirshotKing<86><[U:1:900000013]><Red>" triggered "shot_hit" (weapon "quake_rl")
L 04/28/2026 - 05:54:48: "AirshotKing<86><[U:1:900000013]><Red>" triggered "damage" against "QuickScout<84><[U:1:900000012]><Blue>" (damage "46") (weapon "quake_rl")
L 04/28/2026 - 05:54:48: "QuickScout<84><[U:1:900000012]><Blue>" triggered "shot_fired" (weapon "quake_rl")
L 04/28/2026 - 05:54:48: "AirshotKing<86><[U:1:900000013]><Red>" triggered "shot_fired" (weapon "quake_rl")
L 04/28/2026 - 05:54:48: "AirshotKing<86><[U:1:900000013]><Red>" triggered "shot_hit" (weapon "quake_rl")
L 04/28/2026 - 05:54:48: "AirshotKing<86><[U:1:900000013]><Red>" triggered "damage" against "QuickScout<84><[U:1:900000012]><Blue>" (damage "79") (weapon "quake_rl")
L 04/28/2026 - 05:54:49: "QuickScout<84><[U:1:900000012]><Blue>" triggered "shot_fired" (weapon "quake_rl")
L 04/28/2026 - 05:54:49: "AirshotKing<86><[U:1:900000013]><Red>" triggered "shot_fired" (weapon "quake_rl")
L 04/28/2026 - 05:54:51: "QuickScout<84><[U:1:900000012]><Blue>" triggered "shot_hit" (weapon "quake_rl")
L 04/28/2026 - 05:54:51: "QuickScout<84><[U:1:900000012]><Blue>" triggered "damage" against "AirshotKing<86><[U:1:900000013]><Red>" (damage "112") (weapon "quake_rl")
L 04/28/2026 - 05:54:51: "QuickScout<84><[U:1:900000012]><Blue>" triggered "shot_fired" (weapon "quake_rl")
L 04/28/2026 - 05:54:51: "QuickScout<84><[U:1:900000012]><Blue>" triggered "shot_fired" (weapon "shotgun_soldier")
L 04/28/2026 - 05:54:51: "QuickScout<84><[U:1:900000012]><Blue>" triggered "shot_hit" (weapon "shotgun_soldier")
L 04/28/2026 - 05:54:51: "QuickScout<84><[U:1:900000012]><Blue>" triggered "damage" against "AirshotKing<86><[U:1:900000013]><Red>" (damage "12") (weapon "shotgun_soldier")
L 04/28/2026 - 05:54:52: "AirshotKing<86><[U:1:900000013]><Red>" triggered "shot_fired" (weapon "shotgun_soldier")
L 04/28/2026 - 05:54:52: "QuickScout<84><[U:1:900000012]><Blue>" triggered "shot_fired" (weapon "shotgun_soldier")
L 04/28/2026 - 05:54:52: "QuickScout<84><[U:1:900000012]><Blue>" triggered "shot_hit" (weapon "shotgun_soldier")
L 04/28/2026 - 05:54:52: "QuickScout<84><[U:1:900000012]><Blue>" triggered "damage" against "AirshotKing<86><[U:1:900000013]><Red>" (damage "4") (weapon "shotgun_soldier")
L 04/28/2026 - 05:54:52: "AirshotKing<86><[U:1:900000013]><Red>" triggered "shot_fired" (weapon "shotgun_soldier")
L 04/28/2026 - 05:54:52: "QuickScout<84><[U:1:900000012]><Blue>" triggered "shot_fired" (weapon "shotgun_soldier")
L 04/28/2026 - 05:54:52: "QuickScout<84><[U:1:900000012]><Blue>" triggered "shot_hit" (weapon "shotgun_soldier")
L 04/28/2026 - 05:54:52: "QuickScout<84><[U:1:900000012]><Blue>" triggered "damage" against "AirshotKing<86><[U:1:900000013]><Red>" (damage "11") (weapon "shotgun_soldier")
L 04/28/2026 - 05:54:53: "AirshotKing<86><[U:1:900000013]><Red>" triggered "shot_fired" (weapon "shotgun_soldier")
L 04/28/2026 - 05:54:53: "AirshotKing<86><[U:1:900000013]><Red>" triggered "shot_hit" (weapon "shotgun_soldier")
L 04/28/2026 - 05:54:53: "AirshotKing<86><[U:1:900000013]><Red>" triggered "damage" against "QuickScout<84><[U:1:900000012]><Blue>" (damage "10") (weapon "shotgun_soldier")
L 04/28/2026 - 05:54:53: "QuickScout<84><[U:1:900000012]><Blue>" triggered "shot_fired" (weapon "shotgun_soldier")
L 04/28/2026 - 05:54:54: "AirshotKing<86><[U:1:900000013]><Red>" say "!add"
L 04/28/2026 - 05:54:55: "QuickScout<84><[U:1:900000012]><Blue>" triggered "shot_fired" (weapon "shotgun_soldier")
L 04/28/2026 - 05:54:55: "QuickScout<84><[U:1:900000012]><Blue>" triggered "shot_hit" (weapon "shotgun_soldier")
L 04/28/2026 - 05:54:55: "QuickScout<84><[U:1:900000012]><Blue>" triggered "damage" against "AirshotKing<86><[U:1:900000013]><Red>" (damage "10") (realdamage "4") (weapon "shotgun_soldier")
L 04/28/2026 - 05:54:55: "QuickScout<84><[U:1:900000012]><Blue>" killed "AirshotKing<86><[U:1:900000013]><Red>" with "shotgun_soldier" (attacker_position "-9090 11943 10198") (victim_position "-9107 11309 10341")
L 04/28/2026 - 05:54:55: "AirshotKing<86><[U:1:900000013]><Red>" spawned as "soldier"
L 04/28/2026 - 05:54:58: "AirshotKing<86><[U:1:900000013]><Red>" say "gg"
L 04/28/2026 - 05:54:59: "AirshotKing<86><[U:1:900000013]><Red>" say "nice shot"
L 04/28/2026 - 05:55:01: "AirshotKing<86><[U:1:900000013]><Red>" say "close game"
L 04/28/2026 - 05:55:02: "AirshotKing<86><[U:1:900000013]><Red>" say "!remove"
L 04/28/2026 - 05:55:04: "AirshotKing<86><[U:1:900000013]><Red>" say "well played"
L 04/28/2026 - 05:55:12: "AirshotKing<86><[U:1:900000013]><Red>" triggered "shot_fired" (weapon "quake_rl")
L 04/28/2026 - 05:55:13: "AirshotKing<86><[U:1:900000013]><Red>" triggered "shot_fired" (weapon "quake_rl")
L 04/28/2026 - 05:55:17: "AirshotKing<86><[U:1:900000013]><Red>" triggered "shot_fired" (weapon "quake_rl")
L 04/28/2026 - 05:55:17: "AirshotKing<86><[U:1:900000013]><Red>" triggered "shot_hit" (weapon "quake_rl")
L 04/28/2026 - 05:55:17: "AirshotKing<86><[U:1:900000013]><Red>" triggered "damage" against "QuickScout<84><[U:1:900000012]><Blue>" (damage "78") (weapon "quake_rl")
L 04/28/2026 - 05:55:17: "QuickScout<84><[U:1:900000012]><Blue>" triggered "shot_fired" (weapon "quake_rl")
L 04/28/2026 - 05:55:18: "QuickScout<84><[U:1:900000012]><Blue>" triggered "shot_fired" (weapon "quake_rl")
L 04/28/2026 - 05:55:18: "QuickScout<84><[U:1:900000012]><Blue>" triggered "shot_hit" (weapon "quake_rl")
L 04/28/2026 - 05:55:18: "QuickScout<84><[U:1:900000012]><Blue>" triggered "damage" against "AirshotKing<86><[U:1:900000013]><Red>" (damage "53") (weapon "quake_rl")
L 04/28/2026 - 05:55:18: "AirshotKing<86><[U:1:900000013]><Red>" triggered "shot_fired" (weapon "quake_rl")
L 04/28/2026 - 05:55:18: "AirshotKing<86><[U:1:900000013]><Red>" triggered "shot_hit" (weapon "quake_rl")
L 04/28/2026 - 05:55:18: "AirshotKing<86><[U:1:900000013]><Red>" triggered "damage" against "QuickScout<84><[U:1:900000012]><Blue>" (damage "106") (weapon "quake_rl") (airshot "1") (height "384")
L 04/28/2026 - 05:55:19: "AirshotKing<86><[U:1:900000013]><Red>" triggered "shot_fired" (weapon "quake_rl")
L 04/28/2026 - 05:55:19: "AirshotKing<86><[U:1:900000013]><Red>" killed "QuickScout<84><[U:1:900000012]><Blue>" with "world" (attacker_position "-8631 11900 10577") (victim_position "-8800 11467 10294")
L 04/28/2026 - 05:55:19: "QuickScout<84><[U:1:900000012]><Blue>" spawned as "soldier"
L 04/28/2026 - 05:55:21: "AirshotKing<86><[U:1:900000013]><Red>" triggered "shot_fired" (weapon "quake_rl")
L 04/28/2026 - 05:55:22: "QuickScout<84><[U:1:900000012]><Blue>" triggered "shot_fired" (weapon "quake_rl")
L 04/28/2026 - 05:55:22: "AirshotKing<86><[U:1:900000013]><Red>" triggered "shot_fired" (weapon "quake_rl")
L 04/28/2026 - 05:55:23: "QuickScout<84><[U:1:900000012]><Blue>" triggered "shot_hit" (weapon "quake_rl")
L 04/28/2026 - 05:55:23: "QuickScout<84><[U:1:900000012]><Blue>" triggered "damage" against "AirshotKing<86><[U:1:900000013]><Red>" (damage "111") (weapon "quake_rl")
L 04/28/2026 - 05:55:23: "QuickScout<84><[U:1:900000012]><Blue>" triggered "shot_fired" (weapon "quake_rl")
L 04/28/2026 - 05:55:23: "AirshotKing<86><[U:1:900000013]><Red>" triggered "shot_hit" (weapon "quake_rl")
L 04/28/2026 - 05:55:23: "AirshotKing<86><[U:1:900000013]><Red>" triggered "damage" against "QuickScout<84><[U:1:900000012]><Blue>" (damage "73") (weapon "quake_rl")
L 04/28/2026 - 05:55:23: "AirshotKing<86><[U:1:900000013]><Red>" triggered "shot_fired" (weapon "quake_rl")
L 04/28/2026 - 05:55:24: "QuickScout<84><[U:1:900000012]><Blue>" triggered "shot_hit" (weapon "quake_rl")
L 04/28/2026 - 05:55:24: "QuickScout<84><[U:1:900000012]><Blue>" triggered "damage" against "AirshotKing<86><[U:1:900000013]><Red>" (damage "79") (weapon "quake_rl")
L 04/28/2026 - 05:55:24: "QuickScout<84><[U:1:900000012]><Blue>" triggered "shot_fired" (weapon "quake_rl")
L 04/28/2026 - 05:55:24: "AirshotKing<86><[U:1:900000013]><Red>" triggered "shot_hit" (weapon "quake_rl")
L 04/28/2026 - 05:55:24: "AirshotKing<86><[U:1:900000013]><Red>" triggered "damage" against "QuickScout<84><[U:1:900000012]><Blue>" (damage "74") (weapon "quake_rl")
L 04/28/2026 - 05:55:24: "AirshotKing<86><[U:1:900000013]><Red>" triggered "shot_fired" (weapon "quake_rl")
L 04/28/2026 - 05:55:24: "QuickScout<84><[U:1:900000012]><Blue>" triggered "shot_fired" (weapon "shotgun_soldier")
L 04/28/2026 - 05:55:24: "AirshotKing<86><[U:1:900000013]><Red>" triggered "shot_fired" (weapon "shotgun_soldier")
L 04/28/2026 - 05:55:24: "AirshotKing<86><[U:1:900000013]><Red>" triggered "shot_hit" (weapon "shotgun_soldier")
L 04/28/2026 - 05:55:24: "AirshotKing<86><[U:1:900000013]><Red>" triggered "damage" against "QuickScout<84><[U:1:900000012]><Blue>" (damage "19") (weapon "shotgun_soldier")
L 04/28/2026 - 05:55:25: "QuickScout<84><[U:1:900000012]><Blue>" triggered "shot_fired" (weapon "shotgun_soldier")
L 04/28/2026 - 05:55:25: "QuickScout<84><[U:1:900000012]><Blue>" triggered "shot_hit" (weapon "shotgun_soldier")
L 04/28/2026 - 05:55:25: "QuickScout<84><[U:1:900000012]><Blue>" triggered "damage" against "AirshotKing<86><[U:1:900000013]><Red>" (damage "6") (weapon "shotgun_soldier")
L 04/28/2026 - 05:55:25: "AirshotKing<86><[U:1:900000013]><Red>" triggered "shot_fired" (weapon "shotgun_soldier")
L 04/28/2026 - 05:55:25: "AirshotKing<86><[U:1:900000013]><Red>" triggered "shot_hit" (weapon "shotgun_soldier")
L 04/28/2026 - 05:55:25: "AirshotKing<86><[U:1:900000013]><Red>" triggered "damage" against "QuickScout<84><[U:1:900000012]><Blue>" (damage "6") (weapon "shotgun_soldier")
L 04/28/2026 - 05:55:25: "AirshotKing<86><[U:1:900000013]><Red>" killed "QuickScout<84><[U:1:900000012]><Blue>" with "world" (attacker_position "-8311 11197 10840") (victim_position "-8665 11910 10743")
L 04/28/2026 - 05:55:25: "QuickScout<84><[U:1:900000012]><Blue>" spawned as "soldier"
L 04/28/2026 - 05:55:25: "AirshotKing<86><[U:1:900000013]><Red>" triggered "shot_fired" (weapon "shotgun_soldier")
L 04/28/2026 - 05:55:28: "QuickScout<84><[U:1:900000012]><Blue>" triggered "shot_fired" (weapon "quake_rl")
L 04/28/2026 - 05:55:28: "AirshotKing<86><[U:1:900000013]><Red>" triggered "shot_fired" (weapon "quake_rl")
L 04/28/2026 - 05:55:28: "QuickScout<84><[U:1:900000012]><Blue>" triggered "shot_hit" (weapon "quake_rl")
L 04/28/2026 - 05:55:28: "QuickScout<84><[U:1:900000012]><Blue>" triggered "damage" against "AirshotKing<86><[U:1:900000013]><Red>" (damage "47") (weapon "quake_rl")
L 04/28/2026 - 05:55:28: "QuickScout<84><[U:1:900000012]><Blue>" triggered "shot_fired" (weapon "quake_rl")
L 04/28/2026 - 05:55:29: "QuickScout<84><[U:1:900000012]><Blue>" triggered "shot_hit" (weapon "quake_rl")
L 04/28/2026 - 05:55:29: "QuickScout<84><[U:1:900000012]><Blue>" triggered "damage" against "AirshotKing<86><[U:1:900000013]><Red>" (damage "108") (weapon "quake_rl")
L 04/28/2026 - 05:55:29: "AirshotKing<86><[U:1:900000013]><Red>" triggered "shot_hit" (weapon "quake_rl")
L 04/28/2026 - 05:55:29: "AirshotKing<86><[U:1:900000013]><Red>" triggered "damage" against "QuickScout<84><[U:1:900000012]><Blue>" (damage "65") (weapon "quake_rl")
L 04/28/2026 - 05:55:29: "QuickScout<84><[U:1:900000012]><Blue>" killed "AirshotKing<86><[U:1:900000013]><Red>" with "world" (attacker_position "-8580 11779 10818") (victim_position "-8579 11608 10736")
L 04/28/2026 - 05:55:29: "AirshotKing<86><[U:1:900000013]><Red>" triggered "shot_fired" (weapon "quake_rl")
L 04/28/2026 - 05:55:29: "AirshotKing<86><[U:1:900000013]><Red>" spawned as "soldier"
L 04/28/2026 - 05:55:31: "AirshotKing<86><[U:1:900000013]><Red>" triggered "shot_hit" (weapon "quake_rl")
L 04/28/2026 - 05:55:31: "AirshotKing<86><[U:1:900000013]><Red>" triggered "damage" against "QuickScout<84><[U:1:900000012]><Blue>" (damage "69") (weapon "quake_rl")
L 04/28/2026 - 05:55:31: "AirshotKing<86><[U:1:900000013]><Red>" triggered "shot_fired" (weapon "quake_rl")
L 04/28/2026 - 05:55:31: "QuickScout<84><[U:1:900000012]><Blue>" triggered "shot_fired" (weapon "quake_rl")
L 04/28/2026 - 05:55:32: "QuickScout<84><[U:1:900000012]><Blue>" triggered "shot_fired" (weapon "quake_rl")
L 04/28/2026 - 05:55:32: "QuickScout<84><[U:1:900000012]><Blue>" triggered "shot_hit" (weapon "quake_rl")
L 04/28/2026 - 05:55:32: "QuickScout<84><[U:1:900000012]><Blue>" triggered "damage" against "AirshotKing<86><[U:1:900000013]><Red>" (damage "71") (weapon "quake_rl")
L 04/28/2026 - 05:55:32: "AirshotKing<86><[U:1:900000013]><Red>" triggered "shot_fired" (weapon "quake_rl")
L 04/28/2026 - 05:55:33: "AirshotKing<86><[U:1:900000013]><Red>" triggered "shot_fired" (weapon "quake_rl")
L 04/28/2026 - 05:55:33: "AirshotKing<86><[U:1:900000013]><Red>" triggered "shot_hit" (weapon "quake_rl")
L 04/28/2026 - 05:55:33: "AirshotKing<86><[U:1:900000013]><Red>" triggered "damage" against "QuickScout<84><[U:1:900000012]><Blue>" (damage "74") (weapon "quake_rl")
L 04/28/2026 - 05:55:33: "QuickScout<84><[U:1:900000012]><Blue>" triggered "shot_hit" (weapon "quake_rl")
L 04/28/2026 - 05:55:33: "QuickScout<84><[U:1:900000012]><Blue>" triggered "damage" against "AirshotKing<86><[U:1:900000013]><Red>" (damage "108") (weapon "quake_rl") (airshot "1") (height "237")
L 04/28/2026 - 05:55:33: "QuickScout<84><[U:1:900000012]><Blue>" triggered "shot_fired" (weapon "quake_rl")
L 04/28/2026 - 05:55:33: "AirshotKing<86><[U:1:900000013]><Red>" triggered "shot_fired" (weapon "shotgun_soldier")
L 04/28/2026 - 05:55:33: "AirshotKing<86><[U:1:900000013]><Red>" triggered "shot_hit" (weapon "shotgun_soldier")
L 04/28/2026 - 05:55:33: "AirshotKing<86><[U:1:900000013]><Red>" triggered "damage" against "QuickScout<84><[U:1:900000012]><Blue>" (damage "61") (weapon "shotgun_soldier")
L 04/28/2026 - 05:55:34: "AirshotKing<86><[U:1:900000013]><Red>" triggered "shot_fired" (weapon "shotgun_soldier")
L 04/28/2026 - 05:55:34: "AirshotKing<86><[U:1:900000013]><Red>" triggered "shot_hit" (weapon "shotgun_soldier")
L 04/28/2026 - 05:55:34: "AirshotKing<86><[U:1:900000013]><Red>" triggered "damage" against "QuickScout<84><[U:1:900000012]><Blue>" (damage "80") (realdamage "47") (weapon "shotgun_soldier")
L 04/28/2026 - 05:55:34: "AirshotKing<86><[U:1:900000013]><Red>" killed "QuickScout<84><[U:1:900000012]><Blue>" with "shotgun_soldier" (attacker_position "-8497 11385 10821") (victim_position "-8623 11541 10644")
L 04/28/2026 - 05:55:34: "QuickScout<84><[U:1:900000012]><Blue>" spawned as "soldier"
L 04/28/2026 - 05:55:36: "QuickScout<84><[U:1:900000012]><Blue>" triggered "shot_fired" (weapon "quake_rl")
L 04/28/2026 - 05:55:37: "QuickScout<84><[U:1:900000012]><Blue>" triggered "shot_fired" (weapon "quake_rl")
L 04/28/2026 - 05:55:37: "QuickScout<84><[U:1:900000012]><Blue>" triggered "shot_hit" (weapon "quake_rl")
L 04/28/2026 - 05:55:37: "QuickScout<84><[U:1:900000012]><Blue>" triggered "damage" against "AirshotKing<86><[U:1:900000013]><Red>" (damage "91") (weapon "quake_rl")
L 04/28/2026 - 05:55:38: "AirshotKing<86><[U:1:900000013]><Red>" triggered "shot_fired" (weapon "quake_rl")
L 04/28/2026 - 05:55:38: "AirshotKing<86><[U:1:900000013]><Red>" triggered "shot_hit" (weapon "quake_rl")
L 04/28/2026 - 05:55:38: "AirshotKing<86><[U:1:900000013]><Red>" triggered "damage" against "QuickScout<84><[U:1:900000012]><Blue>" (damage "99") (weapon "quake_rl")
L 04/28/2026 - 05:55:38: "QuickScout<84><[U:1:900000012]><Blue>" triggered "shot_fired" (weapon "quake_rl")
L 04/28/2026 - 05:55:41: "AirshotKing<86><[U:1:900000013]><Red>" triggered "shot_fired" (weapon "quake_rl")
L 04/28/2026 - 05:55:42: "AirshotKing<86><[U:1:900000013]><Red>" triggered "shot_fired" (weapon "quake_rl")
L 04/28/2026 - 05:55:43: "AirshotKing<86><[U:1:900000013]><Red>" triggered "shot_fired" (weapon "quake_rl")
L 04/28/2026 - 05:55:43: "QuickScout<84><[U:1:900000012]><Blue>" triggered "shot_fired" (weapon "quake_rl")
L 04/28/2026 - 05:55:44: "AirshotKing<86><[U:1:900000013]><Red>" triggered "shot_hit" (weapon "quake_rl")
L 04/28/2026 - 05:55:44: "AirshotKing<86><[U:1:900000013]><Red>" triggered "damage" against "QuickScout<84><[U:1:900000012]><Blue>" (damage "58") (weapon "quake_rl")
L 04/28/2026 - 05:55:44: "AirshotKing<86><[U:1:900000013]><Red>" triggered "shot_fired" (weapon "quake_rl")
L 04/28/2026 - 05:55:46: "AirshotKing<86><[U:1:900000013]><Red>" triggered "shot_fired" (weapon "quake_rl")
L 04/28/2026 - 05:55:47: "AirshotKing<86><[U:1:900000013]><Red>" triggered "shot_fired" (weapon "shotgun_soldier")
L 04/28/2026 - 05:55:47: "AirshotKing<86><[U:1:900000013]><Red>" killed "QuickScout<84><[U:1:900000012]><Blue>" with "world" (attacker_position "-9047 11686 10249") (victim_position "-8853 11815 10522")
L 04/28/2026 - 05:55:48: "QuickScout<84><[U:1:900000012]><Blue>" spawned as "soldier"
L 04/28/2026 - 05:55:49: "AirshotKing<86><[U:1:900000013]><Red>" say "good game"
L 04/28/2026 - 05:55:51: "AirshotKing<86><[U:1:900000013]><Red>" say "!add end"
L 04/28/2026 - 05:55:53: "QuickScout<84><[U:1:900000012]><Blue>" triggered "shot_fired" (weapon "quake_rl")
L 04/28/2026 - 05:55:53: "QuickScout<84><[U:1:900000012]><Blue>" triggered "shot_hit" (weapon "quake_rl")
L 04/28/2026 - 05:55:53: "QuickScout<84><[U:1:900000012]><Blue>" triggered "damage" against "AirshotKing<86><[U:1:900000013]><Red>" (damage "33") (weapon "quake_rl")
L 04/28/2026 - 05:55:54: "QuickScout<84><[U:1:900000012]><Blue>" triggered "shot_fired" (weapon "quake_rl")
L 04/28/2026 - 05:55:55: "QuickScout<84><[U:1:900000012]><Blue>" triggered "shot_fired" (weapon "quake_rl")
L 04/28/2026 - 05:55:55: "AirshotKing<86><[U:1:900000013]><Red>" triggered "shot_hit" (weapon "quake_rl")
L 04/28/2026 - 05:55:55: "AirshotKing<86><[U:1:900000013]><Red>" triggered "damage" against "QuickScout<84><[U:1:900000012]><Blue>" (damage "109") (weapon "quake_rl")
L 04/28/2026 - 05:55:56: "AirshotKing<86><[U:1:900000013]><Red>" triggered "shot_fired" (weapon "quake_rl")
L 04/28/2026 - 05:55:56: "QuickScout<84><[U:1:900000012]><Blue>" triggered "shot_fired" (weapon "quake_rl")
L 04/28/2026 - 05:55:56: "QuickScout<84><[U:1:900000012]><Blue>" triggered "shot_hit" (weapon "quake_rl")
L 04/28/2026 - 05:55:56: "QuickScout<84><[U:1:900000012]><Blue>" triggered "damage" against "AirshotKing<86><[U:1:900000013]><Red>" (damage "90") (weapon "quake_rl") (airshot "1") (height "294")
L 04/28/2026 - 05:55:56: "QuickScout<84><[U:1:900000012]><Blue>" triggered "shot_fired" (weapon "shotgun_soldier")
L 04/28/2026 - 05:55:56: "AirshotKing<86><[U:1:900000013]><Red>" triggered "shot_fired" (weapon "quake_rl")
L 04/28/2026 - 05:55:57: "AirshotKing<86><[U:1:900000013]><Red>" triggered "shot_fired" (weapon "quake_rl")
L 04/28/2026 - 05:55:59: "AirshotKing<86><[U:1:900000013]><Red>" triggered "shot_fired" (weapon "quake_rl")
L 04/28/2026 - 05:56:03: "QuickScout<84><[U:1:900000012]><Blue>" triggered "shot_fired" (weapon "quake_rl")
L 04/28/2026 - 05:56:04: "AirshotKing<86><[U:1:900000013]><Red>" triggered "shot_fired" (weapon "quake_rl")
L 04/28/2026 - 05:56:04: "QuickScout<84><[U:1:900000012]><Blue>" triggered "shot_fired" (weapon "quake_rl")
L 04/28/2026 - 05:56:05: "QuickScout<84><[U:1:900000012]><Blue>" triggered "shot_fired" (weapon "quake_rl")
L 04/28/2026 - 05:56:06: "QuickScout<84><[U:1:900000012]><Blue>" triggered "shot_fired" (weapon "quake_rl")
L 04/28/2026 - 05:56:06: "AirshotKing<86><[U:1:900000013]><Red>" triggered "shot_fired" (weapon "quake_rl")
L 04/28/2026 - 05:56:06: "QuickScout<84><[U:1:900000012]><Blue>" triggered "shot_hit" (weapon "quake_rl")
L 04/28/2026 - 05:56:06: "QuickScout<84><[U:1:900000012]><Blue>" triggered "damage" against "AirshotKing<86><[U:1:900000013]><Red>" (damage "48") (realdamage "22") (weapon "quake_rl")
L 04/28/2026 - 05:56:06: "QuickScout<84><[U:1:900000012]><Blue>" killed "AirshotKing<86><[U:1:900000013]><Red>" with "quake_rl" (attacker_position "-8855 11957 10736") (victim_position "-9085 11779 10207")
L 04/28/2026 - 05:56:06: "AirshotKing<86><[U:1:900000013]><Red>" spawned as "soldier"
L 04/28/2026 - 05:56:08: "AirshotKing<86><[U:1:900000013]><Red>" triggered "shot_fired" (weapon "quake_rl")
L 04/28/2026 - 05:56:09: "AirshotKing<86><[U:1:900000013]><Red>" triggered "shot_hit" (weapon "quake_rl")
L 04/28/2026 - 05:56:09: "AirshotKing<86><[U:1:900000013]><Red>" triggered "damage" against "QuickScout<84><[U:1:900000012]><Blue>" (damage "52") (weapon "quake_rl")
L 04/28/2026 - 05:56:09: "QuickScout<84><[U:1:900000012]><Blue>" triggered "shot_hit" (weapon "quake_rl")
L 04/28/2026 - 05:56:09: "QuickScout<84><[U:1:900000012]><Blue>" triggered "damage" against "AirshotKing<86><[U:1:900000013]><Red>" (damage "70") (weapon "quake_rl")
L 04/28/2026 - 05:56:09: "QuickScout<84><[U:1:900000012]><Blue>" triggered "shot_fired" (weapon "quake_rl")
L 04/28/2026 - 05:56:10: "QuickScout<84><[U:1:900000012]><Blue>" triggered "shot_fired" (weapon "quake_rl")
L 04/28/2026 - 05:56:12: "QuickScout<84><[U:1:900000012]><Blue>" picked up item "tf_ammo_pack"
L 04/28/2026 - 05:56:12: "AirshotKing<86><[U:1:900000013]><Red>" triggered "shot_fired" (weapon "quake_rl")
L 04/28/2026 - 05:56:13: "AirshotKing<86><[U:1:900000013]><Red>" triggered "shot_fired" (weapon "quake_rl")
L 04/28/2026 - 05:56:13: "QuickScout<84><[U:1:900000012]><Blue>" triggered "shot_fired" (weapon "quake_rl")
L 04/28/2026 - 05:56:13: "QuickScout<84><[U:1:900000012]><Blue>" triggered "shot_hit" (weapon "quake_rl")
L 04/28/2026 - 05:56:13: "QuickScout<84><[U:1:900000012]><Blue>" triggered "damage" against "AirshotKing<86><[U:1:900000013]><Red>" (damage "52") (weapon "quake_rl")
L 04/28/2026 - 05:56:14: "AirshotKing<86><[U:1:900000013]><Red>" triggered "shot_fired" (weapon "quake_rl")
L 04/28/2026 - 05:56:14: "AirshotKing<86><[U:1:900000013]><Red>" triggered "shot_hit" (weapon "quake_rl")
L 04/28/2026 - 05:56:14: "AirshotKing<86><[U:1:900000013]><Red>" triggered "damage" against "QuickScout<84><[U:1:900000012]><Blue>" (damage "101") (weapon "quake_rl") (airshot "1") (height "469")
L 04/28/2026 - 05:56:14: "QuickScout<84><[U:1:900000012]><Blue>" triggered "shot_fired" (weapon "quake_rl")
L 04/28/2026 - 05:56:15: "AirshotKing<86><[U:1:900000013]><Red>" triggered "shot_fired" (weapon "quake_rl")
L 04/28/2026 - 05:56:15: "QuickScout<84><[U:1:900000012]><Blue>" triggered "shot_fired" (weapon "quake_rl")
L 04/28/2026 - 05:56:15: "AirshotKing<86><[U:1:900000013]><Red>" triggered "shot_fired" (weapon "shotgun_soldier")
L 04/28/2026 - 05:56:15: "AirshotKing<86><[U:1:900000013]><Red>" triggered "shot_hit" (weapon "shotgun_soldier")
L 04/28/2026 - 05:56:15: "AirshotKing<86><[U:1:900000013]><Red>" triggered "damage" against "QuickScout<84><[U:1:900000012]><Blue>" (damage "66") (realdamage "57") (weapon "shotgun_soldier")
L 04/28/2026 - 05:56:15: "AirshotKing<86><[U:1:900000013]><Red>" killed "QuickScout<84><[U:1:900000012]><Blue>" with "shotgun_soldier" (attacker_position "-8290 11645 10497") (victim_position "-8532 11555 10745")
L 04/28/2026 - 05:56:15: "QuickScout<84><[U:1:900000012]><Blue>" spawned as "soldier"
L 04/28/2026 - 05:56:17: "QuickScout<84><[U:1:900000012]><Blue>" triggered "shot_hit" (weapon "quake_rl")
L 04/28/2026 - 05:56:17: "QuickScout<84><[U:1:900000012]><Blue>" triggered "damage" against "AirshotKing<86><[U:1:900000013]><Red>" (damage "106") (weapon "quake_rl")
L 04/28/2026 - 05:56:17: "QuickScout<84><[U:1:900000012]><Blue>" triggered "shot_fired" (weapon "quake_rl")
L 04/28/2026 - 05:56:17: "AirshotKing<86><[U:1:900000013]><Red>" triggered "shot_fired" (weapon "quake_rl")
L 04/28/2026 - 05:56:18: "AirshotKing<86><[U:1:900000013]><Red>" triggered "shot_fired" (weapon "quake_rl")
L 04/28/2026 - 05:56:19: "QuickScout<84><[U:1:900000012]><Blue>" triggered "shot_hit" (weapon "quake_rl")
L 04/28/2026 - 05:56:19: "QuickScout<84><[U:1:900000012]><Blue>" triggered "damage" against "AirshotKing<86><[U:1:900000013]><Red>" (damage "56") (weapon "quake_rl")
L 04/28/2026 - 05:56:19: "QuickScout<84><[U:1:900000012]><Blue>" triggered "shot_fired" (weapon "quake_rl")
L 04/28/2026 - 05:56:19: "AirshotKing<86><[U:1:900000013]><Red>" triggered "shot_hit" (weapon "quake_rl")
L 04/28/2026 - 05:56:19: "AirshotKing<86><[U:1:900000013]><Red>" triggered "damage" against "QuickScout<84><[U:1:900000012]><Blue>" (damage "112") (weapon "quake_rl")
L 04/28/2026 - 05:56:19: "QuickScout<84><[U:1:900000012]><Blue>" killed "AirshotKing<86><[U:1:900000013]><Red>" with "world" (attacker_position "-8723 11551 10795") (victim_position "-8675 11561 10790")
L 04/28/2026 - 05:56:19: "AirshotKing<86><[U:1:900000013]><Red>" spawned as "soldier"
L 04/28/2026 - 05:56:19: "AirshotKing<86><[U:1:900000013]><Red>" triggered "shot_fired" (weapon "quake_rl")
L 04/28/2026 - 05:56:21: "QuickScout<84><[U:1:900000012]><Blue>" triggered "shot_fired" (weapon "quake_rl")
L 04/28/2026 - 05:56:21: "AirshotKing<86><[U:1:900000013]><Red>" triggered "shot_fired" (weapon "quake_rl")
L 04/28/2026 - 05:56:21: "AirshotKing<86><[U:1:900000013]><Red>" triggered "shot_hit" (weapon "quake_rl")
L 04/28/2026 - 05:56:21: "AirshotKing<86><[U:1:900000013]><Red>" triggered "damage" against "QuickScout<84><[U:1:900000012]><Blue>" (damage "72") (weapon "quake_rl")
L 04/28/2026 - 05:56:25: "AirshotKing<86><[U:1:900000013]><Red>" triggered "shot_fired" (weapon "quake_rl")
L 04/28/2026 - 05:56:25: "QuickScout<84><[U:1:900000012]><Blue>" triggered "shot_fired" (weapon "quake_rl")
L 04/28/2026 - 05:56:25: "QuickScout<84><[U:1:900000012]><Blue>" triggered "shot_hit" (weapon "quake_rl")
L 04/28/2026 - 05:56:25: "QuickScout<84><[U:1:900000012]><Blue>" triggered "damage" against "AirshotKing<86><[U:1:900000013]><Red>" (damage "70") (weapon "quake_rl")
L 04/28/2026 - 05:56:26: "AirshotKing<86><[U:1:900000013]><Red>" triggered "shot_fired" (weapon "quake_rl")
L 04/28/2026 - 05:56:26: "QuickScout<84><[U:1:900000012]><Blue>" triggered "shot_fired" (weapon "quake_rl")
L 04/28/2026 - 05:56:26: "QuickScout<84><[U:1:900000012]><Blue>" triggered "shot_hit" (weapon "quake_rl")
L 04/28/2026 - 05:56:26: "QuickScout<84><[U:1:900000012]><Blue>" triggered "damage" against "AirshotKing<86><[U:1:900000013]><Red>" (damage "93") (weapon "quake_rl") (airshot "1") (height "467")
L 04/28/2026 - 05:56:27: "AirshotKing<86><[U:1:900000013]><Red>" triggered "shot_fired" (weapon "quake_rl")
L 04/28/2026 - 05:56:27: "QuickScout<84><[U:1:900000012]><Blue>" triggered "shot_fired" (weapon "quake_rl")
L 04/28/2026 - 05:56:28: "AirshotKing<86><[U:1:900000013]><Red>" triggered "shot_fired" (weapon "quake_rl")
L 04/28/2026 - 05:56:28: "QuickScout<84><[U:1:900000012]><Blue>" triggered "shot_fired" (weapon "shotgun_soldier")
L 04/28/2026 - 05:56:28: "AirshotKing<86><[U:1:900000013]><Red>" triggered "shot_fired" (weapon "shotgun_soldier")
L 04/28/2026 - 05:56:28: "AirshotKing<86><[U:1:900000013]><Red>" triggered "shot_hit" (weapon "shotgun_soldier")
L 04/28/2026 - 05:56:28: "AirshotKing<86><[U:1:900000013]><Red>" triggered "damage" against "QuickScout<84><[U:1:900000012]><Blue>" (damage "60") (weapon "shotgun_soldier")
L 04/28/2026 - 05:56:29: "QuickScout<84><[U:1:900000012]><Blue>" triggered "shot_fired" (weapon "shotgun_soldier")
L 04/28/2026 - 05:56:29: "QuickScout<84><[U:1:900000012]><Blue>" triggered "shot_hit" (weapon "shotgun_soldier")
L 04/28/2026 - 05:56:29: "QuickScout<84><[U:1:900000012]><Blue>" triggered "damage" against "AirshotKing<86><[U:1:900000013]><Red>" (damage "52") (realdamage "15") (weapon "shotgun_soldier")
L 04/28/2026 - 05:56:29: "QuickScout<84><[U:1:900000012]><Blue>" killed "AirshotKing<86><[U:1:900000013]><Red>" with "shotgun_soldier" (attacker_position "-8139 11568 10374") (victim_position "-8380 11663 10591")
L 04/28/2026 - 05:56:29: "AirshotKing<86><[U:1:900000013]><Red>" spawned as "soldier"
L 04/28/2026 - 05:56:31: "AirshotKing<86><[U:1:900000013]><Red>" triggered "shot_fired" (weapon "quake_rl")
L 04/28/2026 - 05:56:31: "QuickScout<84><[U:1:900000012]><Blue>" triggered "shot_fired" (weapon "quake_rl")
L 04/28/2026 - 05:56:32: "AirshotKing<86><[U:1:900000013]><Red>" triggered "shot_hit" (weapon "quake_rl")
L 04/28/2026 - 05:56:32: "AirshotKing<86><[U:1:900000013]><Red>" triggered "damage" against "QuickScout<84><[U:1:900000012]><Blue>" (damage "111") (weapon "quake_rl")
L 04/28/2026 - 05:56:32: "AirshotKing<86><[U:1:900000013]><Red>" triggered "shot_fired" (weapon "quake_rl")
L 04/28/2026 - 05:56:32: "QuickScout<84><[U:1:900000012]><Blue>" triggered "shot_fired" (weapon "quake_rl")
L 04/28/2026 - 05:56:32: "QuickScout<84><[U:1:900000012]><Blue>" triggered "shot_hit" (weapon "quake_rl")
L 04/28/2026 - 05:56:32: "QuickScout<84><[U:1:900000012]><Blue>" triggered "damage" against "AirshotKing<86><[U:1:900000013]><Red>" (damage "54") (weapon "quake_rl")
L 04/28/2026 - 05:56:36: "AirshotKing<86><[U:1:900000013]><Red>" triggered "shot_fired" (weapon "quake_rl")
L 04/28/2026 - 05:56:36: "QuickScout<84><[U:1:900000012]><Blue>" triggered "shot_fired" (weapon "quake_rl")
L 04/28/2026 - 05:56:37: "QuickScout<84><[U:1:900000012]><Blue>" triggered "shot_fired" (weapon "quake_rl")
L 04/28/2026 - 05:56:37: "AirshotKing<86><[U:1:900000013]><Red>" triggered "shot_fired" (weapon "quake_rl")
L 04/28/2026 - 05:56:39: "AirshotKing<86><[U:1:900000013]><Red>" triggered "shot_fired" (weapon "quake_rl")
L 04/28/2026 - 05:56:41: "AirshotKing<86><[U:1:900000013]><Red>" triggered "shot_fired" (weapon "shotgun_soldier")
L 04/28/2026 - 05:56:41: "AirshotKing<86><[U:1:900000013]><Red>" triggered "shot_hit" (weapon "shotgun_soldier")
L 04/28/2026 - 05:56:41: "AirshotKing<86><[U:1:900000013]><Red>" triggered "damage" against "QuickScout<84><[U:1:900000012]><Blue>" (damage "59") (realdamage "39") (weapon "shotgun_soldier")
L 04/28/2026 - 05:56:41: "AirshotKing<86><[U:1:900000013]><Red>" killed "QuickScout<84><[U:1:900000012]><Blue>" with "shotgun_soldier" (attacker_position "-8595 11845 10729") (victim_position "-8679 11876 10566")
L 04/28/2026 - 05:56:41: "QuickScout<84><[U:1:900000012]><Blue>" spawned as "soldier"
L 04/28/2026 - 05:56:44: "QuickScout<84><[U:1:900000012]><Blue>" triggered "shot_fired" (weapon "quake_rl")
L 04/28/2026 - 05:56:44: "QuickScout<84><[U:1:900000012]><Blue>" triggered "shot_hit" (weapon "quake_rl")
L 04/28/2026 - 05:56:44: "QuickScout<84><[U:1:900000012]><Blue>" triggered "damage" against "AirshotKing<86><[U:1:900000013]><Red>" (damage "55") (weapon "quake_rl")
L 04/28/2026 - 05:56:44: "AirshotKing<86><[U:1:900000013]><Red>" triggered "shot_fired" (weapon "quake_rl")
L 04/28/2026 - 05:56:44: "AirshotKing<86><[U:1:900000013]><Red>" triggered "shot_hit" (weapon "quake_rl")
L 04/28/2026 - 05:56:44: "AirshotKing<86><[U:1:900000013]><Red>" triggered "damage" against "QuickScout<84><[U:1:900000012]><Blue>" (damage "111") (weapon "quake_rl")
L 04/28/2026 - 05:56:45: "QuickScout<84><[U:1:900000012]><Blue>" triggered "shot_fired" (weapon "quake_rl")
L 04/28/2026 - 05:56:45: "AirshotKing<86><[U:1:900000013]><Red>" triggered "shot_fired" (weapon "quake_rl")
L 04/28/2026 - 05:56:45: "QuickScout<84><[U:1:900000012]><Blue>" triggered "shot_fired" (weapon "quake_rl")
L 04/28/2026 - 05:56:45: "QuickScout<84><[U:1:900000012]><Blue>" triggered "shot_hit" (weapon "quake_rl")
L 04/28/2026 - 05:56:45: "QuickScout<84><[U:1:900000012]><Blue>" triggered "damage" against "AirshotKing<86><[U:1:900000013]><Red>" (damage "85") (weapon "quake_rl")
L 04/28/2026 - 05:56:45: "AirshotKing<86><[U:1:900000013]><Red>" triggered "shot_hit" (weapon "quake_rl")
L 04/28/2026 - 05:56:45: "AirshotKing<86><[U:1:900000013]><Red>" triggered "damage" against "QuickScout<84><[U:1:900000012]><Blue>" (damage "74") (weapon "quake_rl")
L 04/28/2026 - 05:56:45: "AirshotKing<86><[U:1:900000013]><Red>" triggered "shot_fired" (weapon "quake_rl")
L 04/28/2026 - 05:56:46: "QuickScout<84><[U:1:900000012]><Blue>" triggered "shot_fired" (weapon "shotgun_soldier")
L 04/28/2026 - 05:56:46: "QuickScout<84><[U:1:900000012]><Blue>" triggered "shot_hit" (weapon "shotgun_soldier")
L 04/28/2026 - 05:56:46: "QuickScout<84><[U:1:900000012]><Blue>" triggered "damage" against "AirshotKing<86><[U:1:900000013]><Red>" (damage "12") (weapon "shotgun_soldier")
L 04/28/2026 - 05:56:46: "AirshotKing<86><[U:1:900000013]><Red>" triggered "shot_fired" (weapon "quake_rl")
L 04/28/2026 - 05:56:46: "QuickScout<84><[U:1:900000012]><Blue>" triggered "shot_fired" (weapon "shotgun_soldier")
L 04/28/2026 - 05:56:47: "AirshotKing<86><[U:1:900000013]><Red>" triggered "shot_fired" (weapon "shotgun_soldier")
L 04/28/2026 - 05:56:47: "QuickScout<84><[U:1:900000012]><Blue>" triggered "shot_fired" (weapon "shotgun_soldier")
L 04/28/2026 - 05:56:47: "QuickScout<84><[U:1:900000012]><Blue>" triggered "shot_hit" (weapon "shotgun_soldier")
L 04/28/2026 - 05:56:47: "QuickScout<84><[U:1:900000012]><Blue>" triggered "damage" against "AirshotKing<86><[U:1:900000013]><Red>" (damage "4") (weapon "shotgun_soldier")
L 04/28/2026 - 05:56:47: World triggered "mge_elo_delta" (player "[U:1:900000013]") (old_elo "2331") (new_elo "2335")
L 04/28/2026 - 05:56:47: World triggered "mge_elo_delta" (player "[U:1:900000012]") (old_elo "2131") (new_elo "2127")
L 04/28/2026 - 05:56:47: "QuickScout<84><[U:1:900000012]><Blue>" joined team "Spectator"
L 04/28/2026 - 05:56:47: "AirshotKing<86><[U:1:900000013]><Red>" killed "QuickScout<84><[U:1:900000012]><Spectator>" with "world" (attacker_position "-8093 11708 11211") (victim_position "-8168 11565 10444")
L 04/28/2026 - 05:56:47: World triggered "mge_match_end" (winner "[U:1:900000013]") (winner_score "20") (loser_score "17")
