L 04/28/2026 - 05:41:27: World triggered "meta_data" (matchid "2604280541279f2f") (map "mge_triumph_beta7_rc1") (arena "Badlands Spire 1 [1v1 MGE]") (gamemode "mge") (fraglimit "0")
L 04/28/2026 - 05:41:27: "QuickScout<84><[U:1:900000012]><Red>" changed role to "soldier"
L 04/28/2026 - 05:41:27: "SoldierBoy<85><[U:1:900000011]><Blue>" changed role to "soldier"
L 04/28/2026 - 05:41:28: "SoldierBoy<85><[U:1:900000011]><Blue>" triggered "shot_fired" (weapon "quake_rl")
L 04/28/2026 - 05:41:29: "QuickScout<84><[U:1:900000012]><Red>" triggered "shot_fired" (weapon "quake_rl")
L 04/28/2026 - 05:41:29: "QuickScout<84><[U:1:900000012]><Red>" triggered "shot_hit" (weapon "quake_rl")
L 04/28/2026 - 05:41:29: "QuickScout<84><[U:1:900000012]><Red>" triggered "damage" against "SoldierBoy<85><[U:1:900000011]><Blue>" (damage "102") (weapon "quake_rl") (airshot "1") (height "250")
L 04/28/2026 - 05:41:29: "SoldierBoy<85><[U:1:900000011]><Blue>" triggered "shot_fired" (weapon "quake_rl")
L 04/28/2026 - 05:41:29: "QuickScout<84><[U:1:900000012]><Red>" triggered "shot_fired" (weapon "quake_rl")
L 04/28/2026 - 05:41:29: "QuickScout<84><[U:1:900000012]><Red>" triggered "shot_hit" (weapon "quake_rl")
L 04/28/2026 - 05:41:29: "QuickScout<84><[U:1:900000012]><Red>" triggered "damage" against "SoldierBoy<85><[U:1:900000011]><Blue>" (damage "103") (weapon "quake_rl")
L 04/28/2026 - 05:41:29: "SoldierBoy<85><[U:1:900000011]><Blue>" triggered "shot_hit" (weapon "quake_rl")
L 04/28/2026 - 05:41:29: "SoldierBoy<85><[U:1:900000011]><Blue>" triggered "damage" against "QuickScout<84><[U:1:900000012]><Red>" (damage "72") (weapon "quake_rl")
L 04/28/2026 - 05:41:29: "QuickScout<84><[U:1:900000012]><Red>" killed "SoldierBoy<85><[U:1:900000011]><Blue>" with "world" (attacker_position "-8624 11767 10809") (victim_position "-8624 11485 10648")
L 04/28/2026 - 05:41:30: "SoldierBoy<85><[U:1:900000011]><Blue>" spawned as "soldier"
L 04/28/2026 - 05:41:31: "QuickScout<84><[U:1:900000012]><Red>" triggered "shot_fired" (weapon "quake_rl")
L 04/28/2026 - 05:41:32: "SoldierBoy<85><[U:1:900000011]><Blue>" triggered "shot_fired" (weapon "quake_rl")
L 04/28/2026 - 05:41:32: "QuickScout<84><[U:1:900000012]><Red>" triggered "shot_fired" (weapon "quake_rl")
L 04/28/2026 - 05:41:33: "SoldierBoy<85><[U:1:900000011]><Blue>" triggered "shot_fired" (weapon "quake_rl")
L 04/28/2026 - 05:41:33: "SoldierBoy<85><[U:1:900000011]><Blue>" triggered "shot_hit" (weapon "quake_rl")
L 04/28/2026 - 05:41:33: "SoldierBoy<85><[U:1:900000011]><Blue>" triggered "damage" against "QuickScout<84><[U:1:900000012]><Red>" (damage "69") (weapon "quake_rl")
L 04/28/2026 - 05:41:34: "SoldierBoy<85><[U:1:900000011]><Blue>" triggered "shot_fired" (weapon "quake_rl")
L 04/28/2026 - 05:41:34: "SoldierBoy<85><[U:1:900000011]><Blue>" triggered "shot_hit" (weapon "quake_rl")
L 04/28/2026 - 05:41:34: "SoldierBoy<85><[U:1:900000011]><Blue>" triggered "damage" against "QuickScout<84><[U:1:900000012]><Red>" (damage "62") (weapon "quake_rl")
L 04/28/2026 - 05:41:34: "QuickScout<84><[U:1:900000012]><Red>" triggered "shot_fired" (weapon "quake_rl")
L 04/28/2026 - 05:41:34: "SoldierBoy<85><[U:1:900000011]><Blue>" triggered "shot_fired" (weapon "shotgun_soldier")
L 04/28/2026 - 05:41:34: "SoldierBoy<85><[U:1:900000011]><Blue>" triggered "shot_hit" (weapon "shotgun_soldier")
L 04/28/2026 - 05:41:34: "SoldierBoy<85><[U:1:900000011]><Blue>" triggered "damage" against "QuickScout<84><[U:1:900000012]><Red>" (damage "51") (weapon "shotgun_soldier")
L 04/28/2026 - 05:41:35: "SoldierBoy<85><[U:1:900000011]><Blue>" triggered "shot_fired" (weapon "shotgun_soldier")
L 04/28/2026 - 05:41:35: "SoldierBoy<85><[U:1:900000011]><Blue>" triggered "shot_hit" (weapon "shotgun_soldier")
L 04/28/2026 - 05:41:35: "SoldierBoy<85><[U:1:900000011]><Blue>" triggered "damage" against "QuickScout<84><[U:1:900000012]><Red>" (damage "13") (weapon "shotgun_soldier")
L 04/28/2026 - 05:41:35: "QuickScout<84><[U:1:900000012]><Red>" triggered "shot_fired" (weapon "quake_rl")
L 04/28/2026 - 05:41:36: "SoldierBoy<85><[U:1:900000011]><Blue>" killed "QuickScout<84><[U:1:900000012]><Red>" with "world" (attacker_position "-8705 11888 10784") (victim_position "-8317 11681 10420")
L 04/28/2026 - 05:41:36: "QuickScout<84><[U:1:900000012]><Red>" spawned as "soldier"
L 04/28/2026 - 05:41:39: "QuickScout<84><[U:1:900000012]><Red>" triggered "shot_fired" (weapon "quake_rl")
L 04/28/2026 - 05:41:39: "SoldierBoy<85><[U:1:900000011]><Blue>" triggered "shot_fired" (weapon "quake_rl")
L 04/28/2026 - 05:41:39: "QuickScout<84><[U:1:900000012]><Red>" triggered "shot_hit" (weapon "quake_rl")
L 04/28/2026 - 05:41:39: "QuickScout<84><[U:1:900000012]><Red>" triggered "damage" against "SoldierBoy<85><[U:1:900000011]><Blue>" (damage "52") (weapon "quake_rl")
L 04/28/2026 - 05:41:42: "SoldierBoy<85><[U:1:900000011]><Blue>" triggered "shot_fired" (weapon "quake_rl")
L 04/28/2026 - 05:41:42: "QuickScout<84><[U:1:900000012]><Red>" triggered "shot_fired" (weapon "quake_rl")
L 04/28/2026 - 05:41:42: "QuickScout<84><[U:1:900000012]><Red>" triggered "shot_hit" (weapon "quake_rl")
L 04/28/2026 - 05:41:42: "QuickScout<84><[U:1:900000012]><Red>" triggered "damage" against "SoldierBoy<85><[U:1:900000011]><Blue>" (damage "57") (weapon "quake_rl")
L 04/28/2026 - 05:41:43: "SoldierBoy<85><[U:1:900000011]><Blue>" triggered "shot_fired" (weapon "quake_rl")
L 04/28/2026 - 05:41:43: "QuickScout<84><[U:1:900000012]><Red>" triggered "shot_fired" (weapon "quake_rl")
L 04/28/2026 - 05:41:43: "SoldierBoy<85><[U:1:900000011]><Blue>" triggered "shot_hit" (weapon "quake_rl")
L 04/28/2026 - 05:41:43: "SoldierBoy<85><[U:1:900000011]><Blue>" triggered "damage" against "QuickScout<84><[U:1:900000012]><Red>" (damage "45") (weapon "quake_rl")
L 04/28/2026 - 05:41:43: "QuickScout<84><[U:1:900000012]><Red>" triggered "shot_hit" (weapon "quake_rl")
L 04/28/2026 - 05:41:43: "QuickScout<84><[U:1:900000012]><Red>" triggered "damage" against "SoldierBoy<85><[U:1:900000011]><Blue>" (damage "45") (weapon "quake_rl")
L 04/28/2026 - 05:41:44: "QuickScout<84><[U:1:900000012]><Red>" triggered "shot_fired" (weapon "shotgun_soldier")
L 04/28/2026 - 05:41:44: "QuickScout<84><[U:1:900000012]><Red>" triggered "shot_hit" (weapon "shotgun_soldier")
L 04/28/2026 - 05:41:44: "QuickScout<84><[U:1:900000012]><Red>" triggered "damage" against "SoldierBoy<85><[U:1:900000011]><Blue>" (damage "21") (weapon "shotgun_soldier")
L 04/28/2026 - 05:41:44: "QuickScout<84><[U:1:900000012]><Red>" triggered "damage" against "SoldierBoy<85><[U:1:900000011]><Blue>" (damage "14") (weapon "shotgun_soldier")
L 04/28/2026 - 05:41:44: "SoldierBoy<85><[U:1:900000011]><Blue>" triggered "shot_fired" (weapon "quake_rl")
L 04/28/2026 - 05:41:45: "SoldierBoy<85><[U:1:900000011]><Blue>" triggered "shot_fired" (weapon "shotgun_soldier")
L 04/28/2026 - 05:41:45: "QuickScout<84><[U:1:900000012]><Red>" triggered "shot_fired" (weapon "shotgun_soldier")
L 04/28/2026 - 05:41:46: "QuickScout<84><[U:1:900000012]><Red>" triggered "shot_fired" (weapon "shotgun_soldier")
L 04/28/2026 - 05:41:46: "SoldierBoy<85><[U:1:900000011]><Blue>" triggered "shot_fired" (weapon "shotgun_soldier")
L 04/28/2026 - 05:41:46: "SoldierBoy<85><[U:1:900000011]><Blue>" triggered "shot_hit" (weapon "shotgun_soldier")
L 04/28/2026 - 05:41:46: "SoldierBoy<85><[U:1:900000011]><Blue>" triggered "damage" against "QuickScout<84><[U:1:900000012]><Red>" (damage "51") (weapon "shotgun_soldier")
L 04/28/2026 - 05:41:46: "QuickScout<84><[U:1:900000012]><Red>" triggered "shot_fired" (weapon "shotgun_soldier")
L 04/28/2026 - 05:41:46: "SoldierBoy<85><[U:1:900000011]><Blue>" triggered "shot_fired" (weapon "shotgun_soldier")
L 04/28/2026 - 05:41:46: "SoldierBoy<85><[U:1:900000011]><Blue>" triggered "shot_hit" (weapon "shotgun_soldier")
L 04/28/2026 - 05:41:46: "SoldierBoy<85><[U:1:900000011]><Blue>" triggered "damage" against "QuickScout<84><[U:1:900000012]><Red>" (damage "87") (realdamage "58") (weapon "shotgun_soldier")
L 04/28/2026 - 05:41:46: "SoldierBoy<85><[U:1:900000011]><Blue>" killed "QuickScout<84><[U:1:900000012]><Red>" with "shotgun_soldier" (attacker_position "-8589 11663 10773") (victim_position "-8630 11579 10659")
L 04/28/2026 - 05:41:46: "QuickScout<84><[U:1:900000012]><Red>" spawned as "soldier"
L 04/28/2026 - 05:41:48: "QuickScout<84><[U:1:900000012]><Red>" triggered "shot_fired" (weapon "quake_rl")
L 04/28/2026 - 05:42:34: "SoldierBoy<85><[U:1:900000011]><Blue>" say "!add"
L 04/28/2026 - 05:42:40: "QuickScout<84><[U:1:900000012]><Red>" say "gg"
L 04/28/2026 - 05:42:44: "QuickScout<84><[U:1:900000012]><Red>" triggered "shot_fired" (weapon "quake_rl")
L 04/28/2026 - 05:42:44: "SoldierBoy<85><[U:1:900000011]><Blue>" triggered "shot_fired" (weapon "quake_rl")
L 04/28/2026 - 05:42:44: "SoldierBoy<85><[U:1:900000011]><Blue>" triggered "shot_hit" (weapon "quake_rl")
L 04/28/2026 - 05:42:44: "SoldierBoy<85><[U:1:900000011]><Blue>" triggered "damage" against "QuickScout<84><[U:1:900000012]><Red>" (damage "102") (weapon "quake_rl")
L 04/28/2026 - 05:42:45: "SoldierBoy<85><[U:1:900000011]><Blue>" triggered "shot_fired" (weapon "quake_rl")
L 04/28/2026 - 05:42:45: "SoldierBoy<85><[U:1:900000011]><Blue>" triggered "shot_hit" (weapon "quake_rl")
L 04/28/2026 - 05:42:45: "SoldierBoy<85><[U:1:900000011]><Blue>" triggered "damage" against "QuickScout<84><[U:1:900000012]><Red>" (damage "50") (weapon "quake_rl")
L 04/28/2026 - 05:42:46: "SoldierBoy<85><[U:1:900000011]><Blue>" triggered "shot_fired" (weapon "shotgun_soldier")
L 04/28/2026 - 05:42:46: "SoldierBoy<85><[U:1:900000011]><Blue>" triggered "shot_hit" (weapon "shotgun_soldier")
L 04/28/2026 - 05:42:46: "SoldierBoy<85><[U:1:900000011]><Blue>" triggered "damage" against "QuickScout<84><[U:1:900000012]><Red>" (damage "48") (realdamage "3") (weapon "shotgun_soldier")
L 04/28/2026 - 05:42:46: "SoldierBoy<85><[U:1:900000011]><Blue>" killed "QuickScout<84><[U:1:900000012]><Red>" with "shotgun_soldier" (attacker_position "-8576 11780 10745") (victim_position "-8831 11848 10806")
L 04/28/2026 - 05:42:46: "QuickScout<84><[U:1:900000012]><Red>" triggered "shot_fired" (weapon "quake_rl")
L 04/28/2026 - 05:42:46: "QuickScout<84><[U:1:900000012]><Red>" spawned as "soldier"
L 04/28/2026 - 05:42:46: "QuickScout<84><[U:1:900000012]><Red>" triggered "shot_hit" (weapon "quake_rl")
L 04/28/2026 - 05:42:46: "QuickScout<84><[U:1:900000012]><Red>" triggered "damage" against "SoldierBoy<85><[U:1:900000011]><Blue>" (damage "36") (weapon "quake_rl")
L 04/28/2026 - 05:42:48: "QuickScout<84><[U:1:900000012]><Red>" triggered "shot_fired" (weapon "quake_rl")
L 04/28/2026 - 05:42:48: "SoldierBoy<85><[U:1:900000011]><Blue>" triggered "shot_fired" (weapon "quake_rl")
L 04/28/2026 - 05:42:48: "QuickScout<84><[U:1:900000012]><Red>" triggered "shot_hit" (weapon "quake_rl")
L 04/28/2026 - 05:42:48: "QuickScout<84><[U:1:900000012]><Red>" triggered "damage" against "SoldierBoy<85><[U:1:900000011]><Blue>" (damage "42") (weapon "quake_rl")
L 04/28/2026 - 05:42:49: "QuickScout<84><[U:1:900000012]><Red>" triggered "shot_fired" (weapon "quake_rl")
L 04/28/2026 - 05:42:49: "QuickScout<84><[U:1:900000012]><Red>" triggered "shot_hit" (weapon "quake_rl")
L 04/28/2026 - 05:42:49: "QuickScout<84><[U:1:900000012]><Red>" triggered "damage" against "SoldierBoy<85><[U:1:900000011]><Blue>" (damage "59") (weapon "quake_rl")
L 04/28/2026 - 05:42:49: "SoldierBoy<85><[U:1:900000011]><Blue>" triggered "shot_fired" (weapon "quake_rl")
L 04/28/2026 - 05:42:49: "QuickScout<84><[U:1:900000012]><Red>" triggered "shot_hit" (weapon "quake_rl")
L 04/28/2026 - 05:42:49: "QuickScout<84><[U:1:900000012]><Red>" triggered "damage" against "SoldierBoy<85><[U:1:900000011]><Blue>" (damage "111") (weapon "quake_rl") (airshot "1") (height "198")
L 04/28/2026 - 05:42:49: "QuickScout<84><[U:1:900000012]><Red>" triggered "shot_fired" (weapon "quake_rl")
L 04/28/2026 - 05:42:50: "QuickScout<84><[U:1:900000012]><Red>" triggered "shot_fired" (weapon "shotgun_soldier")
L 04/28/2026 - 05:42:50: "SoldierBoy<85><[U:1:900000011]><Blue>" triggered "shot_hit" (weapon "quake_rl")
L 04/28/2026 - 05:42:50: "SoldierBoy<85><[U:1:900000011]><Blue>" triggered "damage" against "QuickScout<84><[U:1:900000012]><Red>" (damage "110") (weapon "quake_rl")
L 04/28/2026 - 05:42:50: "SoldierBoy<85><[U:1:900000011]><Blue>" committed suicide with "quake_rl" (attacker_position "-8711 11761 10743")
L 04/28/2026 - 05:42:50: "SoldierBoy<85><[U:1:900000011]><Blue>" triggered "shot_fired" (weapon "quake_rl")
L 04/28/2026 - 05:42:50: "SoldierBoy<85><[U:1:900000011]><Blue>" spawned as "soldier"
L 04/28/2026 - 05:42:52: "QuickScout<84><[U:1:900000012]><Red>" triggered "shot_hit" (weapon "quake_rl")
L 04/28/2026 - 05:42:52: "QuickScout<84><[U:1:900000012]><Red>" triggered "damage" against "SoldierBoy<85><[U:1:900000011]><Blue>" (damage "107") (weapon "quake_rl")
L 04/28/2026 - 05:42:52: "QuickScout<84><[U:1:900000012]><Red>" triggered "shot_fired" (weapon "quake_rl")
L 04/28/2026 - 05:42:52: "SoldierBoy<85><[U:1:900000011]><Blue>" triggered "shot_fired" (weapon "quake_rl")
L 04/28/2026 - 05:42:52: "SoldierBoy<85><[U:1:900000011]><Blue>" triggered "shot_hit" (weapon "quake_rl")
L 04/28/2026 - 05:42:52: "SoldierBoy<85><[U:1:900000011]><Blue>" triggered "damage" against "QuickScout<84><[U:1:900000012]><Red>" (damage "53") (weapon "quake_rl")
L 04/28/2026 - 05:42:53: "QuickScout<84><[U:1:900000012]><Red>" triggered "shot_fired" (weapon "quake_rl")
L 04/28/2026 - 05:42:53: "SoldierBoy<85><[U:1:900000011]><Blue>" triggered "shot_fired" (weapon "quake_rl")
L 04/28/2026 - 05:42:54: "SoldierBoy<85><[U:1:900000011]><Blue>" triggered "shot_hit" (weapon "quake_rl")
L 04/28/2026 - 05:42:54: "SoldierBoy<85><[U:1:900000011]><Blue>" triggered "damage" against "QuickScout<84><[U:1:900000012]><Red>" (damage "78") (weapon "quake_rl")
L 04/28/2026 - 05:42:54: "QuickScout<84><[U:1:900000012]><Red>" triggered "shot_fired" (weapon "quake_rl")
L 04/28/2026 - 05:42:54: "SoldierBoy<85><[U:1:900000011]><Blue>" triggered "shot_fired" (weapon "quake_rl")
L 04/28/2026 - 05:42:54: "SoldierBoy<85><[U:1:900000011]><Blue>" triggered "shot_hit" (weapon "quake_rl")
L 04/28/2026 - 05:42:54: "SoldierBoy<85><[U:1:900000011]><Blue>" triggered "damage" against "QuickScout<84><[U:1:900000012]><Red>" (damage "46") (weapon "quake_rl")
L 04/28/2026 - 05:43:01: "QuickScout<84><[U:1:900000012]><Red>" triggered "shot_fired" (weapon "quake_rl")
L 04/28/2026 - 05:43:01: "SoldierBoy<85><[U:1:900000011]><Blue>" triggered "shot_fired" (weapon "shotgun_soldier")
L 04/28/2026 - 05:43:01: "SoldierBoy<85><[U:1:900000011]><Blue>" triggered "shot_hit" (weapon "shotgun_soldier")
L 04/28/2026 - 05:43:01: "SoldierBoy<85><[U:1:900000011]><Blue>" triggered "damage" against "QuickScout<84><[U:1:900000012]><Red>" (damage "88") (weapon "shotgun_soldier")
L 04/28/2026 - 05:43:02: "QuickScout<84><[U:1:900000012]><Red>" triggered "shot_hit" (weapon "quake_rl")
L 04/28/2026 - 05:43:02: "QuickScout<84><[U:1:900000012]><Red>" triggered "damage" against "SoldierBoy<85><[U:1:900000011]><Blue>" (damage "77") (realdamage "61") (weapon "quake_rl")
L 04/28/2026 - 05:43:02: "QuickScout<84><[U:1:900000012]><Red>" killed "SoldierBoy<85><[U:1:900000011]><Blue>" with "quake_rl" (attacker_position "-8676 11745 10798") (victim_position "-8656 11682 10743")
L 04/28/2026 - 05:43:02: "QuickScout<84><[U:1:900000012]><Red>" picked up item "tf_ammo_pack"
L 04/28/2026 - 05:43:02: "QuickScout<84><[U:1:900000012]><Red>" triggered "shot_fired" (weapon "quake_rl")
L 04/28/2026 - 05:43:02: "SoldierBoy<85><[U:1:900000011]><Blue>" spawned as "soldier"
L 04/28/2026 - 05:43:04: "SoldierBoy<85><[U:1:900000011]><Blue>" triggered "shot_fired" (weapon "quake_rl")
L 04/28/2026 - 05:43:04: "SoldierBoy<85><[U:1:900000011]><Blue>" triggered "shot_hit" (weapon "quake_rl")
L 04/28/2026 - 05:43:04: "SoldierBoy<85><[U:1:900000011]><Blue>" triggered "damage" against "QuickScout<84><[U:1:900000012]><Red>" (damage "68") (weapon "quake_rl")
L 04/28/2026 - 05:43:04: "QuickScout<84><[U:1:900000012]><Red>" triggered "shot_fired" (weapon "quake_rl")
L 04/28/2026 - 05:43:04: "SoldierBoy<85><[U:1:900000011]><Blue>" triggered "shot_hit" (weapon "quake_rl")
L 04/28/2026 - 05:43:04: "SoldierBoy<85><[U:1:900000011]><Blue>" triggered "damage" against "QuickScout<84><[U:1:900000012]><Red>" (damage "109") (weapon "quake_rl") (airshot "1") (height "261")
L 04/28/2026 - 05:43:05: "SoldierBoy<85><[U:1:900000011]><Blue>" triggered "shot_fired" (weapon "quake_rl")
L 04/28/2026 - 05:43:05: "QuickScout<84><[U:1:900000012]><Red>" triggered "shot_fired" (weapon "quake_rl")
L 04/28/2026 - 05:43:06: "SoldierBoy<85><[U:1:900000011]><Blue>" triggered "shot_fired" (weapon "quake_rl")
L 04/28/2026 - 05:43:06: "QuickScout<84><[U:1:900000012]><Red>" triggered "shot_fired" (weapon "quake_rl")
L 04/28/2026 - 05:43:06: "SoldierBoy<85><[U:1:900000011]><Blue>" triggered "shot_hit" (weapon "quake_rl")
L 04/28/2026 - 05:43:06: "SoldierBoy<85><[U:1:900000011]><Blue>" triggered "damage" against "QuickScout<84><[U:1:900000012]><Red>" (damage "73") (weapon "quake_rl") (airshot "1") (height "582")
L 04/28/2026 - 05:43:07: "SoldierBoy<85><[U:1:900000011]><Blue>" killed "QuickScout<84><[U:1:900000012]><Red>" with "world" (attacker_position "-8832 11744 10740") (victim_position "-8737 11763 10750")
L 04/28/2026 - 05:43:07: "QuickScout<84><[U:1:900000012]><Red>" spawned as "soldier"
L 04/28/2026 - 05:43:09: "QuickScout<84><[U:1:900000012]><Red>" triggered "shot_fired" (weapon "quake_rl")
L 04/28/2026 - 05:43:09: "QuickScout<84><[U:1:900000012]><Red>" triggered "shot_hit" (weapon "quake_rl")
L 04/28/2026 - 05:43:09: "QuickScout<84><[U:1:900000012]><Red>" triggered "damage" against "SoldierBoy<85><[U:1:900000011]><Blue>" (damage "64") (weapon "quake_rl")
L 04/28/2026 - 05:43:10: "SoldierBoy<85><[U:1:900000011]><Blue>" triggered "shot_fired" (weapon "quake_rl")
L 04/28/2026 - 05:43:10: "SoldierBoy<85><[U:1:900000011]><Blue>" triggered "shot_hit" (weapon "quake_rl")
L 04/28/2026 - 05:43:10: "SoldierBoy<85><[U:1:900000011]><Blue>" triggered "damage" against "QuickScout<84><[U:1:900000012]><Red>" (damage "105") (weapon "quake_rl")
L 04/28/2026 - 05:43:10: "QuickScout<84><[U:1:900000012]><Red>" triggered "shot_fired" (weapon "quake_rl")
L 04/28/2026 - 05:43:10: "SoldierBoy<85><[U:1:900000011]><Blue>" triggered "shot_fired" (weapon "quake_rl")
L 04/28/2026 - 05:43:10: "QuickScout<84><[U:1:900000012]><Red>" triggered "shot_hit" (weapon "quake_rl")
L 04/28/2026 - 05:43:10: "QuickScout<84><[U:1:900000012]><Red>" triggered "damage" against "SoldierBoy<85><[U:1:900000011]><Blue>" (damage "77") (weapon "quake_rl")
L 04/28/2026 - 05:43:11: "SoldierBoy<85><[U:1:900000011]><Blue>" triggered "shot_fired" (weapon "quake_rl")
L 04/28/2026 - 05:43:11: "SoldierBoy<85><[U:1:900000011]><Blue>" triggered "shot_hit" (weapon "quake_rl")
L 04/28/2026 - 05:43:11: "SoldierBoy<85><[U:1:900000011]><Blue>" triggered "damage" against "QuickScout<84><[U:1:900000012]><Red>" (damage "61") (weapon "quake_rl")
L 04/28/2026 - 05:43:12: "SoldierBoy<85><[U:1:900000011]><Blue>" triggered "shot_hit" (weapon "quake_rl")
L 04/28/2026 - 05:43:12: "SoldierBoy<85><[U:1:900000011]><Blue>" triggered "damage" against "QuickScout<84><[U:1:900000012]><Red>" (damage "67") (weapon "quake_rl")
L 04/28/2026 - 05:43:12: "SoldierBoy<85><[U:1:900000011]><Blue>" triggered "shot_fired" (weapon "quake_rl")
L 04/28/2026 - 05:43:12: "QuickScout<84><[U:1:900000012]><Red>" triggered "shot_hit" (weapon "quake_rl")
L 04/28/2026 - 05:43:12: "QuickScout<84><[U:1:900000012]><Red>" triggered "damage" against "SoldierBoy<85><[U:1:900000011]><Blue>" (damage "73") (weapon "quake_rl")
L 04/28/2026 - 05:43:12: "QuickScout<84><[U:1:900000012]><Red>" triggered "shot_fired" (weapon "quake_rl")
L 04/28/2026 - 05:43:13: "QuickScout<84><[U:1:900000012]><Red>" triggered "shot_fired" (weapon "quake_rl")
L 04/28/2026 - 05:43:13: "SoldierBoy<85><[U:1:900000011]><Blue>" triggered "shot_fired" (weapon "shotgun_soldier")
L 04/28/2026 - 05:43:13: "SoldierBoy<85><[U:1:900000011]><Blue>" triggered "shot_hit" (weapon "shotgun_soldier")
L 04/28/2026 - 05:43:13: "SoldierBoy<85><[U:1:900000011]><Blue>" triggered "damage" against "QuickScout<84><[U:1:900000012]><Red>" (damage "11") (realdamage "6") (weapon "shotgun_soldier")
L 04/28/2026 - 05:43:13: "SoldierBoy<85><[U:1:900000011]><Blue>" killed "QuickScout<84><[U:1:900000012]><Red>" with "shotgun_soldier" (attacker_position "-8167 11503 10475") (victim_position "-8554 11591 10871")
L 04/28/2026 - 05:43:13: "QuickScout<84><[U:1:900000012]><Red>" spawned as "soldier"
L 04/28/2026 - 05:43:15: "SoldierBoy<85><[U:1:900000011]><Blue>" triggered "shot_fired" (weapon "quake_rl")
L 04/28/2026 - 05:43:15: "SoldierBoy<85><[U:1:900000011]><Blue>" triggered "shot_hit" (weapon "quake_rl")
L 04/28/2026 - 05:43:15: "SoldierBoy<85><[U:1:900000011]><Blue>" triggered "damage" against "QuickScout<84><[U:1:900000012]><Red>" (damage "105") (weapon "quake_rl")
L 04/28/2026 - 05:43:16: "QuickScout<84><[U:1:900000012]><Red>" triggered "shot_fired" (weapon "quake_rl")
L 04/28/2026 - 05:43:16: "SoldierBoy<85><[U:1:900000011]><Blue>" triggered "shot_fired" (weapon "quake_rl")
L 04/28/2026 - 05:43:20: "QuickScout<84><[U:1:900000012]><Red>" triggered "shot_fired" (weapon "quake_rl")
L 04/28/2026 - 05:43:20: "QuickScout<84><[U:1:900000012]><Red>" triggered "shot_hit" (weapon "quake_rl")
L 04/28/2026 - 05:43:20: "QuickScout<84><[U:1:900000012]><Red>" triggered "damage" against "SoldierBoy<85><[U:1:900000011]><Blue>" (damage "81") (weapon "quake_rl")
L 04/28/2026 - 05:43:20: "SoldierBoy<85><[U:1:900000011]><Blue>" triggered "shot_hit" (weapon "quake_rl")
L 04/28/2026 - 05:43:20: "SoldierBoy<85><[U:1:900000011]><Blue>" triggered "damage" against "QuickScout<84><[U:1:900000012]><Red>" (damage "90") (realdamage "56") (weapon "quake_rl")
L 04/28/2026 - 05:43:20: "SoldierBoy<85><[U:1:900000011]><Blue>" killed "QuickScout<84><[U:1:900000012]><Red>" with "quake_rl" (attacker_position "-8929 11918 10747") (victim_position "-8715 11985 10738")
L 04/28/2026 - 05:43:20: "SoldierBoy<85><[U:1:900000011]><Blue>" triggered "shot_fired" (weapon "quake_rl")
L 04/28/2026 - 05:43:21: "QuickScout<84><[U:1:900000012]><Red>" spawned as "soldier"
L 04/28/2026 - 05:43:21: "QuickScout<84><[U:1:900000012]><Red>" triggered "shot_fired" (weapon "quake_rl")
L 04/28/2026 - 05:43:21: "QuickScout<84><[U:1:900000012]><Red>" triggered "shot_hit" (weapon "quake_rl")
L 04/28/2026 - 05:43:21: "QuickScout<84><[U:1:900000012]><Red>" triggered "damage" against "SoldierBoy<85><[U:1:900000011]><Blue>" (damage "39") (weapon "quake_rl")
L 04/28/2026 - 05:43:23: "QuickScout<84><[U:1:900000012]><Red>" triggered "shot_fired" (weapon "quake_rl")
L 04/28/2026 - 05:43:23: "SoldierBoy<85><[U:1:900000011]><Blue>" triggered "shot_fired" (weapon "quake_rl")
L 04/28/2026 - 05:43:23: "QuickScout<84><[U:1:900000012]><Red>" triggered "shot_hit" (weapon "quake_rl")
L 04/28/2026 - 05:43:23: "QuickScout<84><[U:1:900000012]><Red>" triggered "damage" against "SoldierBoy<85><[U:1:900000011]><Blue>" (damage "54") (weapon "quake_rl")
L 04/28/2026 - 05:43:24: "QuickScout<84><[U:1:900000012]><Red>" triggered "shot_fired" (weapon "quake_rl")
L 04/28/2026 - 05:43:24: "QuickScout<84><[U:1:900000012]><Red>" triggered "shot_hit" (weapon "quake_rl")
L 04/28/2026 - 05:43:24: "QuickScout<84><[U:1:900000012]><Red>" triggered "damage" against "SoldierBoy<85><[U:1:900000011]><Blue>" (damage "89") (weapon "quake_rl")
L 04/28/2026 - 05:43:24: "SoldierBoy<85><[U:1:900000011]><Blue>" triggered "shot_hit" (weapon "quake_rl")
L 04/28/2026 - 05:43:24: "SoldierBoy<85><[U:1:900000011]><Blue>" triggered "damage" against "QuickScout<84><[U:1:900000012]><Red>" (damage "69") (weapon "quake_rl")
L 04/28/2026 - 05:43:24: "SoldierBoy<85><[U:1:900000011]><Blue>" triggered "shot_fired" (weapon "quake_rl")
L 04/28/2026 - 05:43:25: "QuickScout<84><[U:1:900000012]><Red>" triggered "shot_fired" (weapon "quake_rl")
L 04/28/2026 - 05:43:25: "SoldierBoy<85><[U:1:900000011]><Blue>" triggered "shot_fired" (weapon "quake_rl")
L 04/28/2026 - 05:43:26: "SoldierBoy<85><[U:1:900000011]><Blue>" picked up item "tf_ammo_pack"
L 04/28/2026 - 05:43:28: "SoldierBoy<85><[U:1:900000011]><Blue>" triggered "shot_fired" (weapon "quake_rl")
L 04/28/2026 - 05:43:29: "QuickScout<84><[U:1:900000012]><Red>" triggered "shot_fired" (weapon "quake_rl")
L 04/28/2026 - 05:43:29: "QuickScout<84><[U:1:900000012]><Red>" triggered "shot_hit" (weapon "quake_rl")
L 04/28/2026 - 05:43:29: "QuickScout<84><[U:1:900000012]><Red>" triggered "damage" against "SoldierBoy<85><[U:1:900000011]><Blue>" (damage "56") (weapon "quake_rl")
L 04/28/2026 - 05:43:29: "QuickScout<84><[U:1:900000012]><Red>" triggered "shot_fired" (weapon "shotgun_soldier")
L 04/28/2026 - 05:43:29: "QuickScout<84><[U:1:900000012]><Red>" triggered "shot_hit" (weapon "shotgun_soldier")
L 04/28/2026 - 05:43:29: "QuickScout<84><[U:1:900000012]><Red>" triggered "damage" against "SoldierBoy<85><[U:1:900000011]><Blue>" (damage "8") (weapon "shotgun_soldier")
L 04/28/2026 - 05:43:29: "SoldierBoy<85><[U:1:900000011]><Blue>" triggered "shot_fired" (weapon "quake_rl")
L 04/28/2026 - 05:43:29: "SoldierBoy<85><[U:1:900000011]><Blue>" triggered "shot_hit" (weapon "quake_rl")
L 04/28/2026 - 05:43:29: "SoldierBoy<85><[U:1:900000011]><Blue>" triggered "damage" against "QuickScout<84><[U:1:900000012]><Red>" (damage "84") (realdamage "55") (weapon "quake_rl")
L 04/28/2026 - 05:43:29: "SoldierBoy<85><[U:1:900000011]><Blue>" killed "QuickScout<84><[U:1:900000012]><Red>" with "quake_rl" (attacker_position "-8533 11520 10685") (victim_position "-8388 11653 10591")
L 04/28/2026 - 05:43:29: "SoldierBoy<85><[U:1:900000011]><Blue>" triggered "domination" against "QuickScout<84><[U:1:900000012]><Red>"
L 04/28/2026 - 05:43:29: "QuickScout<84><[U:1:900000012]><Red>" spawned as "soldier"
L 04/28/2026 - 05:43:31: "QuickScout<84><[U:1:900000012]><Red>" triggered "shot_fired" (weapon "quake_rl")
L 04/28/2026 - 05:43:32: "QuickScout<84><[U:1:900000012]><Red>" triggered "shot_hit" (weapon "quake_rl")
L 04/28/2026 - 05:43:32: "QuickScout<84><[U:1:900000012]><Red>" triggered "damage" against "SoldierBoy<85><[U:1:900000011]><Blue>" (damage "72") (weapon "quake_rl")
L 04/28/2026 - 05:43:32: "QuickScout<84><[U:1:900000012]><Red>" triggered "shot_fired" (weapon "quake_rl")
L 04/28/2026 - 05:43:32: "SoldierBoy<85><[U:1:900000011]><Blue>" triggered "shot_fired" (weapon "quake_rl")
L 04/28/2026 - 05:43:32: "SoldierBoy<85><[U:1:900000011]><Blue>" triggered "shot_hit" (weapon "quake_rl")
L 04/28/2026 - 05:43:32: "SoldierBoy<85><[U:1:900000011]><Blue>" triggered "damage" against "QuickScout<84><[U:1:900000012]><Red>" (damage "107") (weapon "quake_rl")
L 04/28/2026 - 05:43:34: "SoldierBoy<85><[U:1:900000011]><Blue>" triggered "shot_fired" (weapon "quake_rl")
L 04/28/2026 - 05:43:35: "QuickScout<84><[U:1:900000012]><Red>" triggered "shot_fired" (weapon "quake_rl")
L 04/28/2026 - 05:43:35: "SoldierBoy<85><[U:1:900000011]><Blue>" triggered "shot_fired" (weapon "quake_rl")
L 04/28/2026 - 05:43:35: "SoldierBoy<85><[U:1:900000011]><Blue>" triggered "shot_hit" (weapon "quake_rl")
L 04/28/2026 - 05:43:35: "SoldierBoy<85><[U:1:900000011]><Blue>" triggered "damage" against "QuickScout<84><[U:1:900000012]><Red>" (damage "74") (weapon "quake_rl")
L 04/28/2026 - 05:43:36: "SoldierBoy<85><[U:1:900000011]><Blue>" triggered "shot_fired" (weapon "shotgun_soldier")
L 04/28/2026 - 05:43:36: "SoldierBoy<85><[U:1:900000011]><Blue>" triggered "shot_hit" (weapon "shotgun_soldier")
L 04/28/2026 - 05:43:36: "SoldierBoy<85><[U:1:900000011]><Blue>" triggered "damage" against "QuickScout<84><[U:1:900000012]><Red>" (damage "67") (realdamage "1") (weapon "shotgun_soldier")
L 04/28/2026 - 05:43:36: "SoldierBoy<85><[U:1:900000011]><Blue>" killed "QuickScout<84><[U:1:900000012]><Red>" with "shotgun_soldier" (attacker_position "-8801 11913 10928") (victim_position "-8806 11998 10736")
L 04/28/2026 - 05:43:36: "QuickScout<84><[U:1:900000012]><Red>" spawned as "soldier"
L 04/28/2026 - 05:43:38: "QuickScout<84><[U:1:900000012]><Red>" triggered "shot_fired" (weapon "quake_rl")
L 04/28/2026 - 05:43:38: "SoldierBoy<85><[U:1:900000011]><Blue>" triggered "shot_fired" (weapon "quake_rl")
L 04/28/2026 - 05:43:38: "QuickScout<84><[U:1:900000012]><Red>" triggered "shot_hit" (weapon "quake_rl")
L 04/28/2026 - 05:43:38: "QuickScout<84><[U:1:900000012]><Red>" triggered "damage" against "SoldierBoy<85><[U:1:900000011]><Blue>" (damage "60") (weapon "quake_rl")
L 04/28/2026 - 05:43:39: "QuickScout<84><[U:1:900000012]><Red>" triggered "shot_fired" (weapon "quake_rl")
L 04/28/2026 - 05:43:39: "QuickScout<84><[U:1:900000012]><Red>" triggered "shot_hit" (weapon "quake_rl")
L 04/28/2026 - 05:43:39: "QuickScout<84><[U:1:900000012]><Red>" triggered "damage" against "SoldierBoy<85><[U:1:900000011]><Blue>" (damage "53") (weapon "quake_rl")
L 04/28/2026 - 05:43:39: "SoldierBoy<85><[U:1:900000011]><Blue>" triggered "shot_fired" (weapon "quake_rl")
L 04/28/2026 - 05:43:40: "QuickScout<84><[U:1:900000012]><Red>" triggered "shot_hit" (weapon "quake_rl")
L 04/28/2026 - 05:43:40: "QuickScout<84><[U:1:900000012]><Red>" triggered "damage" against "SoldierBoy<85><[U:1:900000011]><Blue>" (damage "106") (weapon "quake_rl") (airshot "1") (height "382")
L 04/28/2026 - 05:43:40: "QuickScout<84><[U:1:900000012]><Red>" triggered "shot_fired" (weapon "quake_rl")
L 04/28/2026 - 05:43:40: "SoldierBoy<85><[U:1:900000011]><Blue>" triggered "shot_fired" (weapon "quake_rl")
L 04/28/2026 - 05:43:40: "SoldierBoy<85><[U:1:900000011]><Blue>" triggered "shot_hit" (weapon "quake_rl")
L 04/28/2026 - 05:43:40: "SoldierBoy<85><[U:1:900000011]><Blue>" triggered "damage" against "QuickScout<84><[U:1:900000012]><Red>" (damage "63") (weapon "quake_rl")
L 04/28/2026 - 05:43:40: "QuickScout<84><[U:1:900000012]><Red>" triggered "shot_fired" (weapon "shotgun_soldier")
L 04/28/2026 - 05:43:40: "QuickScout<84><[U:1:900000012]><Red>" triggered "shot_hit" (weapon "shotgun_soldier")
L 04/28/2026 - 05:43:40: "QuickScout<84><[U:1:900000012]><Red>" triggered "damage" against "SoldierBoy<85><[U:1:900000011]><Blue>" (damage "19") (weapon "shotgun_soldier")
L 04/28/2026 - 05:43:41: "SoldierBoy<85><[U:1:900000011]><Blue>" triggered "shot_fired" (weapon "quake_rl")
L 04/28/2026 - 05:43:41: "QuickScout<84><[U:1:900000012]><Red>" triggered "shot_fired" (weapon "shotgun_soldier")
L 04/28/2026 - 05:43:41: "QuickScout<84><[U:1:900000012]><Red>" triggered "shot_hit" (weapon "shotgun_soldier")
L 04/28/2026 - 05:43:41: "QuickScout<84><[U:1:900000012]><Red>" triggered "damage" against "SoldierBoy<85><[U:1:900000011]><Blue>" (damage "21") (weapon "shotgun_soldier")
L 04/28/2026 - 05:43:41: "SoldierBoy<85><[U:1:900000011]><Blue>" triggered "shot_hit" (weapon "quake_rl")
L 04/28/2026 - 05:43:41: "SoldierBoy<85><[U:1:900000011]><Blue>" triggered "damage" against "QuickScout<84><[U:1:900000012]><Red>" (damage "77") (weapon "quake_rl")
L 04/28/2026 - 05:43:41: "SoldierBoy<85><[U:1:900000011]><Blue>" triggered "shot_fired" (weapon "shotgun_soldier")
L 04/28/2026 - 05:43:41: "QuickScout<84><[U:1:900000012]><Red>" killed "SoldierBoy<85><[U:1:900000011]><Blue>" with "world" (attacker_position "-8838 11838 10801") (victim_position "-8207 11712 10410")
L 04/28/2026 - 05:43:41: "QuickScout<84><[U:1:900000012]><Red>" triggered "revenge" against "SoldierBoy<85><[U:1:900000011]><Blue>"
L 04/28/2026 - 05:43:42: "SoldierBoy<85><[U:1:900000011]><Blue>" spawned as "soldier"
L 04/28/2026 - 05:43:44: "QuickScout<84><[U:1:900000012]><Red>" triggered "shot_fired" (weapon "quake_rl")
L 04/28/2026 - 05:43:44: "SoldierBoy<85><[U:1:900000011]><Blue>" triggered "shot_fired" (weapon "quake_rl")
L 04/28/2026 - 05:43:44: "SoldierBoy<85><[U:1:900000011]><Blue>" triggered "shot_hit" (weapon "quake_rl")
L 04/28/2026 - 05:43:44: "SoldierBoy<85><[U:1:900000011]><Blue>" triggered "damage" against "QuickScout<84><[U:1:900000012]><Red>" (damage "78") (weapon "quake_rl")
L 04/28/2026 - 05:43:45: "SoldierBoy<85><[U:1:900000011]><Blue>" triggered "shot_fired" (weapon "quake_rl")
L 04/28/2026 - 05:43:45: "QuickScout<84><[U:1:900000012]><Red>" triggered "shot_fired" (weapon "quake_rl")
L 04/28/2026 - 05:43:45: "QuickScout<84><[U:1:900000012]><Red>" triggered "shot_hit" (weapon "quake_rl")
L 04/28/2026 - 05:43:45: "QuickScout<84><[U:1:900000012]><Red>" triggered "damage" against "SoldierBoy<85><[U:1:900000011]><Blue>" (damage "49") (weapon "quake_rl")
L 04/28/2026 - 05:43:47: "QuickScout<84><[U:1:900000012]><Red>" picked up item "tf_ammo_pack"
L 04/28/2026 - 05:43:48: "QuickScout<84><[U:1:900000012]><Red>" triggered "shot_fired" (weapon "quake_rl")
L 04/28/2026 - 05:43:48: "QuickScout<84><[U:1:900000012]><Red>" triggered "shot_hit" (weapon "quake_rl")
L 04/28/2026 - 05:43:48: "QuickScout<84><[U:1:900000012]><Red>" triggered "damage" against "SoldierBoy<85><[U:1:900000011]><Blue>" (damage "67") (weapon "quake_rl")
L 04/28/2026 - 05:43:48: "SoldierBoy<85><[U:1:900000011]><Blue>" triggered "shot_fired" (weapon "quake_rl")
L 04/28/2026 - 05:43:49: "QuickScout<84><[U:1:900000012]><Red>" triggered "shot_fired" (weapon "quake_rl")
L 04/28/2026 - 05:43:49: "SoldierBoy<85><[U:1:900000011]><Blue>" triggered "shot_fired" (weapon "quake_rl")
L 04/28/2026 - 05:43:49: "QuickScout<84><[U:1:900000012]><Red>" triggered "shot_hit" (weapon "quake_rl")
L 04/28/2026 - 05:43:49: "QuickScout<84><[U:1:900000012]><Red>" triggered "damage" against "SoldierBoy<85><[U:1:900000011]><Blue>" (damage "62") (weapon "quake_rl")
L 04/28/2026 - 05:43:50: "QuickScout<84><[U:1:900000012]><Red>" triggered "shot_fired" (weapon "quake_rl")
L 04/28/2026 - 05:43:50: "SoldierBoy<85><[U:1:900000011]><Blue>" triggered "shot_fired" (weapon "quake_rl")
L 04/28/2026 - 05:43:50: "SoldierBoy<85><[U:1:900000011]><Blue>" triggered "shot_hit" (weapon "quake_rl")
L 04/28/2026 - 05:43:50: "SoldierBoy<85><[U:1:900000011]><Blue>" triggered "damage" against "QuickScout<84><[U:1:900000012]><Red>" (damage "89") (weapon "quake_rl")
L 04/28/2026 - 05:43:50: "QuickScout<84><[U:1:900000012]><Red>" triggered "shot_fired" (weapon "shotgun_soldier")
L 04/28/2026 - 05:43:51: "SoldierBoy<85><[U:1:900000011]><Blue>" triggered "shot_fired" (weapon "shotgun_soldier")
L 04/28/2026 - 05:43:51: "SoldierBoy<85><[U:1:900000011]><Blue>" triggered "shot_hit" (weapon "shotgun_soldier")
L 04/28/2026 - 05:43:51: "SoldierBoy<85><[U:1:900000011]><Blue>" triggered "damage" against "QuickScout<84><[U:1:900000012]><Red>" (damage "87") (realdamage "10") (weapon "shotgun_soldier")
L 04/28/2026 - 05:43:51: "SoldierBoy<85><[U:1:900000011]><Blue>" killed "QuickScout<84><[U:1:900000012]><Red>" with "shotgun_soldier" (attacker_position "-8459 11713 10705") (victim_position "-8519 11828 10766")
L 04/28/2026 - 05:43:51: "QuickScout<84><[U:1:900000012]><Red>" spawned as "soldier"
L 04/28/2026 - 05:43:53: "QuickScout<84><[U:1:900000012]><Red>" triggered "shot_fired" (weapon "quake_rl")
L 04/28/2026 - 05:43:53: "QuickScout<84><[U:1:900000012]><Red>" triggered "shot_hit" (weapon "quake_rl")
L 04/28/2026 - 05:43:53: "QuickScout<84><[U:1:900000012]><Red>" triggered "damage" against "SoldierBoy<85><[U:1:900000011]><Blue>" (damage "59") (weapon "quake_rl")
L 04/28/2026 - 05:43:53: "SoldierBoy<85><[U:1:900000011]><Blue>" triggered "shot_fired" (weapon "quake_rl")
L 04/28/2026 - 05:43:54: "QuickScout<84><[U:1:900000012]><Red>" triggered "shot_fired" (weapon "quake_rl")
L 04/28/2026 - 05:43:54: "QuickScout<84><[U:1:900000012]><Red>" triggered "shot_hit" (weapon "quake_rl")
L 04/28/2026 - 05:43:54: "QuickScout<84><[U:1:900000012]><Red>" triggered "damage" against "SoldierBoy<85><[U:1:900000011]><Blue>" (damage "55") (weapon "quake_rl")
L 04/28/2026 - 05:43:54: "SoldierBoy<85><[U:1:900000011]><Blue>" triggered "shot_fired" (weapon "quake_rl")
L 04/28/2026 - 05:43:56: "SoldierBoy<85><[U:1:900000011]><Blue>" triggered "shot_fired" (weapon "quake_rl")
L 04/28/2026 - 05:43:57: "QuickScout<84><[U:1:900000012]><Red>" triggered "shot_fired" (weapon "quake_rl")
L 04/28/2026 - 05:43:57: "SoldierBoy<85><[U:1:900000011]><Blue>" triggered "shot_fired" (weapon "quake_rl")
L 04/28/2026 - 05:43:57: "SoldierBoy<85><[U:1:900000011]><Blue>" triggered "shot_hit" (weapon "quake_rl")
L 04/28/2026 - 05:43:57: "SoldierBoy<85><[U:1:900000011]><Blue>" triggered "damage" against "QuickScout<84><[U:1:900000012]><Red>" (damage "53") (weapon "quake_rl")
L 04/28/2026 - 05:43:57: "QuickScout<84><[U:1:900000012]><Red>" triggered "shot_fired" (weapon "shotgun_soldier")
L 04/28/2026 - 05:43:57: "QuickScout<84><[U:1:900000012]><Red>" triggered "shot_hit" (weapon "shotgun_soldier")
L 04/28/2026 - 05:43:57: "QuickScout<84><[U:1:900000012]><Red>" triggered "damage" against "SoldierBoy<85><[U:1:900000011]><Blue>" (damage "63") (weapon "shotgun_soldier")
L 04/28/2026 - 05:43:58: "SoldierBoy<85><[U:1:900000011]><Blue>" triggered "shot_fired" (weapon "quake_rl")
L 04/28/2026 - 05:43:58: "SoldierBoy<85><[U:1:900000011]><Blue>" triggered "shot_hit" (weapon "quake_rl")
L 04/28/2026 - 05:43:58: "SoldierBoy<85><[U:1:900000011]><Blue>" triggered "damage" against "QuickScout<84><[U:1:900000012]><Red>" (damage "71") (weapon "quake_rl")
L 04/28/2026 - 05:43:58: "QuickScout<84><[U:1:900000012]><Red>" triggered "shot_fired" (weapon "shotgun_soldier")
L 04/28/2026 - 05:43:59: "SoldierBoy<85><[U:1:900000011]><Blue>" triggered "shot_fired" (weapon "shotgun_soldier")
L 04/28/2026 - 05:43:59: "SoldierBoy<85><[U:1:900000011]><Blue>" triggered "shot_hit" (weapon "shotgun_soldier")
L 04/28/2026 - 05:43:59: "SoldierBoy<85><[U:1:900000011]><Blue>" triggered "damage" against "QuickScout<84><[U:1:900000012]><Red>" (damage "72") (realdamage "20") (weapon "shotgun_soldier")
L 04/28/2026 - 05:43:59: "SoldierBoy<85><[U:1:900000011]><Blue>" killed "QuickScout<84><[U:1:900000012]><Red>" with "shotgun_soldier" (attacker_position "-8708 11679 10743") (victim_position "-8822 11923 10736")
L 04/28/2026 - 05:43:59: "QuickScout<84><[U:1:900000012]><Red>" spawned as "soldier"
L 04/28/2026 - 05:44:02: "QuickScout<84><[U:1:900000012]><Red>" triggered "shot_fired" (weapon "quake_rl")
L 04/28/2026 - 05:44:02: "SoldierBoy<85><[U:1:900000011]><Blue>" triggered "shot_hit" (weapon "quake_rl")
L 04/28/2026 - 05:44:02: "SoldierBoy<85><[U:1:900000011]><Blue>" triggered "damage" against "QuickScout<84><[U:1:900000012]><Red>" (damage "105") (weapon "quake_rl")
L 04/28/2026 - 05:44:02: "SoldierBoy<85><[U:1:900000011]><Blue>" triggered "shot_fired" (weapon "quake_rl")
L 04/28/2026 - 05:44:02: "QuickScout<84><[U:1:900000012]><Red>" triggered "shot_hit" (weapon "quake_rl")
L 04/28/2026 - 05:44:02: "QuickScout<84><[U:1:900000012]><Red>" triggered "damage" against "SoldierBoy<85><[U:1:900000011]><Blue>" (damage "74") (weapon "quake_rl")
L 04/28/2026 - 05:44:03: "QuickScout<84><[U:1:900000012]><Red>" triggered "shot_fired" (weapon "quake_rl")
L 04/28/2026 - 05:44:07: "QuickScout<84><[U:1:900000012]><Red>" triggered "shot_fired" (weapon "quake_rl")
L 04/28/2026 - 05:44:07: "QuickScout<84><[U:1:900000012]><Red>" triggered "shot_hit" (weapon "quake_rl")
L 04/28/2026 - 05:44:07: "QuickScout<84><[U:1:900000012]><Red>" triggered "damage" against "SoldierBoy<85><[U:1:900000011]><Blue>" (damage "50") (weapon "quake_rl")
L 04/28/2026 - 05:44:07: "SoldierBoy<85><[U:1:900000011]><Blue>" triggered "shot_fired" (weapon "quake_rl")
L 04/28/2026 - 05:44:07: "SoldierBoy<85><[U:1:900000011]><Blue>" picked up item "tf_ammo_pack"
L 04/28/2026 - 05:44:07: "SoldierBoy<85><[U:1:900000011]><Blue>" triggered "shot_hit" (weapon "quake_rl")
L 04/28/2026 - 05:44:07: "SoldierBoy<85><[U:1:900000011]><Blue>" triggered "damage" against "QuickScout<84><[U:1:900000012]><Red>" (damage "98") (realdamage "55") (weapon "quake_rl") (airshot "1") (height "278")
L 04/28/2026 - 05:44:07: "SoldierBoy<85><[U:1:900000011]><Blue>" killed "QuickScout<84><[U:1:900000012]><Red>" with "quake_rl" (attacker_position "-8843 11884 10736") (victim_position "-8657 11671 11021")
L 04/28/2026 - 05:44:07: "QuickScout<84><[U:1:900000012]><Red>" spawned as "soldier"
L 04/28/2026 - 05:44:09: "QuickScout<84><[U:1:900000012]><Red>" triggered "shot_hit" (weapon "quake_rl")
L 04/28/2026 - 05:44:09: "QuickScout<84><[U:1:900000012]><Red>" triggered "damage" against "SoldierBoy<85><[U:1:900000011]><Blue>" (damage "54") (weapon "quake_rl")
L 04/28/2026 - 05:44:09: "QuickScout<84><[U:1:900000012]><Red>" triggered "shot_fired" (weapon "quake_rl")
L 04/28/2026 - 05:44:09: "SoldierBoy<85><[U:1:900000011]><Blue>" triggered "shot_fired" (weapon "quake_rl")
L 04/28/2026 - 05:44:10: "QuickScout<84><[U:1:900000012]><Red>" triggered "shot_hit" (weapon "quake_rl")
L 04/28/2026 - 05:44:10: "QuickScout<84><[U:1:900000012]><Red>" triggered "damage" against "SoldierBoy<85><[U:1:900000011]><Blue>" (damage "86") (weapon "quake_rl")
L 04/28/2026 - 05:44:10: "QuickScout<84><[U:1:900000012]><Red>" triggered "shot_fired" (weapon "quake_rl")
L 04/28/2026 - 05:44:10: "SoldierBoy<85><[U:1:900000011]><Blue>" triggered "shot_fired" (weapon "quake_rl")
L 04/28/2026 - 05:44:11: "QuickScout<84><[U:1:900000012]><Red>" triggered "shot_fired" (weapon "quake_rl")
L 04/28/2026 - 05:44:12: "SoldierBoy<85><[U:1:900000011]><Blue>" triggered "shot_fired" (weapon "quake_rl")
L 04/28/2026 - 05:44:12: "SoldierBoy<85><[U:1:900000011]><Blue>" triggered "shot_hit" (weapon "quake_rl")
L 04/28/2026 - 05:44:12: "SoldierBoy<85><[U:1:900000011]><Blue>" triggered "damage" against "QuickScout<84><[U:1:900000012]><Red>" (damage "43") (weapon "quake_rl")
L 04/28/2026 - 05:44:15: "SoldierBoy<85><[U:1:900000011]><Blue>" triggered "shot_fired" (weapon "quake_rl")
L 04/28/2026 - 05:44:15: "QuickScout<84><[U:1:900000012]><Red>" triggered "shot_fired" (weapon "quake_rl")
L 04/28/2026 - 05:44:15: "QuickScout<84><[U:1:900000012]><Red>" triggered "shot_fired" (weapon "shotgun_soldier")
L 04/28/2026 - 05:44:15: "QuickScout<84><[U:1:900000012]><Red>" triggered "shot_hit" (weapon "shotgun_soldier")
L 04/28/2026 - 05:44:15: "QuickScout<84><[U:1:900000012]><Red>" triggered "damage" against "SoldierBoy<85><[U:1:900000011]><Blue>" (damage "27") (weapon "shotgun_soldier")
L 04/28/2026 - 05:44:16: "SoldierBoy<85><[U:1:900000011]><Blue>" triggered "shot_hit" (weapon "quake_rl")
L 04/28/2026 - 05:44:16: "SoldierBoy<85><[U:1:900000011]><Blue>" triggered "damage" against "QuickScout<84><[U:1:900000012]><Red>" (damage "110") (realdamage "109") (weapon "quake_rl")
L 04/28/2026 - 05:44:16: "SoldierBoy<85><[U:1:900000011]><Blue>" killed "QuickScout<84><[U:1:900000012]><Red>" with "quake_rl" (attacker_position "-8649 11906 10736") (victim_position "-8777 11996 10736")
L 04/28/2026 - 05:44:16: "SoldierBoy<85><[U:1:900000011]><Blue>" triggered "domination" against "QuickScout<84><[U:1:900000012]><Red>"
L 04/28/2026 - 05:44:16: "SoldierBoy<85><[U:1:900000011]><Blue>" triggered "shot_fired" (weapon "quake_rl")
L 04/28/2026 - 05:44:16: "QuickScout<84><[U:1:900000012]><Red>" spawned as "soldier"
L 04/28/2026 - 05:44:18: "QuickScout<84><[U:1:900000012]><Red>" triggered "shot_hit" (weapon "quake_rl")
L 04/28/2026 - 05:44:18: "QuickScout<84><[U:1:900000012]><Red>" triggered "damage" against "SoldierBoy<85><[U:1:900000011]><Blue>" (damage "110") (weapon "quake_rl")
L 04/28/2026 - 05:44:18: "QuickScout<84><[U:1:900000012]><Red>" triggered "shot_fired" (weapon "quake_rl")
L 04/28/2026 - 05:44:19: "SoldierBoy<85><[U:1:900000011]><Blue>" triggered "shot_fired" (weapon "quake_rl")
L 04/28/2026 - 05:44:22: "SoldierBoy<85><[U:1:900000011]><Blue>" triggered "shot_fired" (weapon "quake_rl")
L 04/28/2026 - 05:44:22: "QuickScout<84><[U:1:900000012]><Red>" triggered "shot_hit" (weapon "quake_rl")
L 04/28/2026 - 05:44:22: "QuickScout<84><[U:1:900000012]><Red>" triggered "damage" against "SoldierBoy<85><[U:1:900000011]><Blue>" (damage "68") (weapon "quake_rl")
L 04/28/2026 - 05:44:22: "QuickScout<84><[U:1:900000012]><Red>" triggered "shot_fired" (weapon "quake_rl")
L 04/28/2026 - 05:44:23: "QuickScout<84><[U:1:900000012]><Red>" triggered "shot_fired" (weapon "quake_rl")
L 04/28/2026 - 05:44:23: "QuickScout<84><[U:1:900000012]><Red>" triggered "shot_hit" (weapon "quake_rl")
L 04/28/2026 - 05:44:23: "QuickScout<84><[U:1:900000012]><Red>" triggered "damage" against "SoldierBoy<85><[U:1:900000011]><Blue>" (damage "51") (weapon "quake_rl")
L 04/28/2026 - 05:44:23: "SoldierBoy<85><[U:1:900000011]><Blue>" triggered "shot_fired" (weapon "quake_rl")
L 04/28/2026 - 05:44:23: "SoldierBoy<85><[U:1:900000011]><Blue>" triggered "shot_hit" (weapon "quake_rl")
L 04/28/2026 - 05:44:23: "SoldierBoy<85><[U:1:900000011]><Blue>" triggered "damage" against "QuickScout<84><[U:1:900000012]><Red>" (damage "63") (weapon "quake_rl")
L 04/28/2026 - 05:44:24: "QuickScout<84><[U:1:900000012]><Red>" triggered "shot_hit" (weapon "quake_rl")
L 04/28/2026 - 05:44:24: "QuickScout<84><[U:1:900000012]><Red>" triggered "damage" against "SoldierBoy<85><[U:1:900000011]><Blue>" (damage "70") (realdamage "12") (weapon "quake_rl")
L 04/28/2026 - 05:44:24: "QuickScout<84><[U:1:900000012]><Red>" killed "SoldierBoy<85><[U:1:900000011]><Blue>" with "quake_rl" (attacker_position "-8785 11618 10743") (victim_position "-8911 11817 10736")
L 04/28/2026 - 05:44:24: "QuickScout<84><[U:1:900000012]><Red>" triggered "revenge" against "SoldierBoy<85><[U:1:900000011]><Blue>"
L 04/28/2026 - 05:44:24: "QuickScout<84><[U:1:900000012]><Red>" triggered "shot_fired" (weapon "quake_rl")
L 04/28/2026 - 05:44:24: "SoldierBoy<85><[U:1:900000011]><Blue>" triggered "shot_hit" (weapon "quake_rl")
L 04/28/2026 - 05:44:24: "SoldierBoy<85><[U:1:900000011]><Blue>" triggered "damage" against "QuickScout<84><[U:1:900000012]><Red>" (damage "86") (weapon "quake_rl")
L 04/28/2026 - 05:44:24: "SoldierBoy<85><[U:1:900000011]><Blue>" triggered "shot_fired" (weapon "quake_rl")
L 04/28/2026 - 05:44:24: "SoldierBoy<85><[U:1:900000011]><Blue>" spawned as "soldier"
L 04/28/2026 - 05:44:26: "QuickScout<84><[U:1:900000012]><Red>" triggered "shot_fired" (weapon "quake_rl")
L 04/28/2026 - 05:44:26: "QuickScout<84><[U:1:900000012]><Red>" triggered "shot_hit" (weapon "quake_rl")
L 04/28/2026 - 05:44:26: "QuickScout<84><[U:1:900000012]><Red>" triggered "damage" against "SoldierBoy<85><[U:1:900000011]><Blue>" (damage "104") (weapon "quake_rl")
L 04/28/2026 - 05:44:26: "SoldierBoy<85><[U:1:900000011]><Blue>" triggered "shot_fired" (weapon "quake_rl")
L 04/28/2026 - 05:44:26: "SoldierBoy<85><[U:1:900000011]><Blue>" triggered "shot_hit" (weapon "quake_rl")
L 04/28/2026 - 05:44:26: "SoldierBoy<85><[U:1:900000011]><Blue>" triggered "damage" against "QuickScout<84><[U:1:900000012]><Red>" (damage "60") (weapon "quake_rl")
L 04/28/2026 - 05:44:27: "QuickScout<84><[U:1:900000012]><Red>" triggered "shot_fired" (weapon "quake_rl")
L 04/28/2026 - 05:44:30: "SoldierBoy<85><[U:1:900000011]><Blue>" triggered "shot_fired" (weapon "quake_rl")
L 04/28/2026 - 05:44:30: "QuickScout<84><[U:1:900000012]><Red>" triggered "shot_fired" (weapon "quake_rl")
L 04/28/2026 - 05:44:30: "SoldierBoy<85><[U:1:900000011]><Blue>" triggered "shot_fired" (weapon "quake_rl")
L 04/28/2026 - 05:44:30: "SoldierBoy<85><[U:1:900000011]><Blue>" triggered "shot_hit" (weapon "quake_rl")
L 04/28/2026 - 05:44:30: "SoldierBoy<85><[U:1:900000011]><Blue>" triggered "damage" against "QuickScout<84><[U:1:900000012]><Red>" (damage "66") (weapon "quake_rl")
L 04/28/2026 - 05:44:31: "QuickScout<84><[U:1:900000012]><Red>" triggered "shot_fired" (weapon "quake_rl")
L 04/28/2026 - 05:44:31: "QuickScout<84><[U:1:900000012]><Red>" triggered "shot_hit" (weapon "quake_rl")
L 04/28/2026 - 05:44:31: "QuickScout<84><[U:1:900000012]><Red>" triggered "damage" against "SoldierBoy<85><[U:1:900000011]><Blue>" (damage "60") (realdamage "38") (weapon "quake_rl")
L 04/28/2026 - 05:44:31: "QuickScout<84><[U:1:900000012]><Red>" killed "SoldierBoy<85><[U:1:900000011]><Blue>" with "quake_rl" (attacker_position "-8522 11800 10852") (victim_position "-8577 11488 10624")
L 04/28/2026 - 05:44:31: "SoldierBoy<85><[U:1:900000011]><Blue>" spawned as "soldier"
L 04/28/2026 - 05:44:33: "SoldierBoy<85><[U:1:900000011]><Blue>" triggered "shot_fired" (weapon "quake_rl")
L 04/28/2026 - 05:44:33: "QuickScout<84><[U:1:900000012]><Red>" triggered "shot_fired" (weapon "quake_rl")
L 04/28/2026 - 05:44:33: "QuickScout<84><[U:1:900000012]><Red>" triggered "shot_hit" (weapon "quake_rl")
L 04/28/2026 - 05:44:33: "QuickScout<84><[U:1:900000012]><Red>" triggered "damage" against "SoldierBoy<85><[U:1:900000011]><Blue>" (damage "93") (weapon "quake_rl") (airshot "1") (height "349")
L 04/28/2026 - 05:44:33: "SoldierBoy<85><[U:1:900000011]><Blue>" triggered "shot_hit" (weapon "quake_rl")
L 04/28/2026 - 05:44:33: "SoldierBoy<85><[U:1:900000011]><Blue>" triggered "damage" against "QuickScout<84><[U:1:900000012]><Red>" (damage "49") (weapon "quake_rl")
L 04/28/2026 - 05:44:34: "SoldierBoy<85><[U:1:900000011]><Blue>" triggered "shot_fired" (weapon "quake_rl")
L 04/28/2026 - 05:44:34: "QuickScout<84><[U:1:900000012]><Red>" triggered "shot_fired" (weapon "quake_rl")
L 04/28/2026 - 05:44:34: "QuickScout<84><[U:1:900000012]><Red>" triggered "shot_hit" (weapon "quake_rl")
L 04/28/2026 - 05:44:34: "QuickScout<84><[U:1:900000012]><Red>" triggered "damage" against "SoldierBoy<85><[U:1:900000011]><Blue>" (damage "98") (weapon "quake_rl") (airshot "1") (height "289")
L 04/28/2026 - 05:44:34: "SoldierBoy<85><[U:1:900000011]><Blue>" triggered "shot_hit" (weapon "quake_rl")
L 04/28/2026 - 05:44:34: "SoldierBoy<85><[U:1:900000011]><Blue>" triggered "damage" against "QuickScout<84><[U:1:900000012]><Red>" (damage "68") (weapon "quake_rl")
L 04/28/2026 - 05:44:35: "QuickScout<84><[U:1:900000012]><Red>" triggered "shot_fired" (weapon "quake_rl")
L 04/28/2026 - 05:44:35: "QuickScout<84><[U:1:900000012]><Red>" triggered "shot_hit" (weapon "quake_rl")
L 04/28/2026 - 05:44:35: "QuickScout<84><[U:1:900000012]><Red>" triggered "damage" against "SoldierBoy<85><[U:1:900000011]><Blue>" (damage "105") (realdamage "49") (weapon "quake_rl")
L 04/28/2026 - 05:44:35: "QuickScout<84><[U:1:900000012]><Red>" killed "SoldierBoy<85><[U:1:900000011]><Blue>" with "quake_rl" (attacker_position "-8599 11728 10736") (victim_position "-8847 11848 10736")
L 04/28/2026 - 05:44:35: "SoldierBoy<85><[U:1:900000011]><Blue>" triggered "shot_fired" (weapon "quake_rl")
L 04/28/2026 - 05:44:35: "SoldierBoy<85><[U:1:900000011]><Blue>" triggered "shot_hit" (weapon "quake_rl")
L 04/28/2026 - 05:44:35: "SoldierBoy<85><[U:1:900000011]><Blue>" triggered "damage" against "QuickScout<84><[U:1:900000012]><Red>" (damage "104") (weapon "quake_rl")
L 04/28/2026 - 05:44:35: "SoldierBoy<85><[U:1:900000011]><Blue>" spawned as "soldier"
L 04/28/2026 - 05:44:37: "SoldierBoy<85><[U:1:900000011]><Blue>" triggered "shot_fired" (weapon "quake_rl")
L 04/28/2026 - 05:44:37: "QuickScout<84><[U:1:900000012]><Red>" triggered "shot_fired" (weapon "quake_rl")
L 04/28/2026 - 05:44:37: "QuickScout<84><[U:1:900000012]><Red>" triggered "shot_hit" (weapon "quake_rl")
L 04/28/2026 - 05:44:37: "QuickScout<84><[U:1:900000012]><Red>" triggered "damage" against "SoldierBoy<85><[U:1:900000011]><Blue>" (damage "96") (weapon "quake_rl") (airshot "1") (height "564")
L 04/28/2026 - 05:44:37: "SoldierBoy<85><[U:1:900000011]><Blue>" triggered "shot_hit" (weapon "quake_rl")
L 04/28/2026 - 05:44:37: "SoldierBoy<85><[U:1:900000011]><Blue>" triggered "damage" against "QuickScout<84><[U:1:900000012]><Red>" (damage "63") (weapon "quake_rl")
L 04/28/2026 - 05:44:38: "QuickScout<84><[U:1:900000012]><Red>" triggered "shot_fired" (weapon "quake_rl")
L 04/28/2026 - 05:44:38: "SoldierBoy<85><[U:1:900000011]><Blue>" triggered "shot_fired" (weapon "quake_rl")
L 04/28/2026 - 05:44:39: "SoldierBoy<85><[U:1:900000011]><Blue>" triggered "shot_fired" (weapon "quake_rl")
L 04/28/2026 - 05:44:40: "QuickScout<84><[U:1:900000012]><Red>" triggered "shot_hit" (weapon "quake_rl")
L 04/28/2026 - 05:44:40: "QuickScout<84><[U:1:900000012]><Red>" triggered "damage" against "SoldierBoy<85><[U:1:900000011]><Blue>" (damage "109") (weapon "quake_rl")
L 04/28/2026 - 05:44:40: "QuickScout<84><[U:1:900000012]><Red>" triggered "shot_fired" (weapon "quake_rl")
L 04/28/2026 - 05:44:40: "SoldierBoy<85><[U:1:900000011]><Blue>" triggered "shot_fired" (weapon "shotgun_soldier")
L 04/28/2026 - 05:44:40: "QuickScout<84><[U:1:900000012]><Red>" triggered "shot_fired" (weapon "shotgun_soldier")
L 04/28/2026 - 05:44:40: "QuickScout<84><[U:1:900000012]><Red>" triggered "shot_hit" (weapon "shotgun_soldier")
L 04/28/2026 - 05:44:40: "QuickScout<84><[U:1:900000012]><Red>" triggered "damage" against "SoldierBoy<85><[U:1:900000011]><Blue>" (damage "16") (realdamage "7") (weapon "shotgun_soldier")
L 04/28/2026 - 05:44:40: "QuickScout<84><[U:1:900000012]><Red>" killed "SoldierBoy<85><[U:1:900000011]><Blue>" with "shotgun_soldier" (attacker_position "-8621 11714 10743") (victim_position "-8763 11535 10938")
L 04/28/2026 - 05:44:40: "QuickScout<84><[U:1:900000012]><Red>" triggered "domination" against "SoldierBoy<85><[U:1:900000011]><Blue>"
L 04/28/2026 - 05:44:40: "SoldierBoy<85><[U:1:900000011]><Blue>" spawned as "soldier"
L 04/28/2026 - 05:44:43: "QuickScout<84><[U:1:900000012]><Red>" triggered "shot_fired" (weapon "quake_rl")
L 04/28/2026 - 05:44:43: "SoldierBoy<85><[U:1:900000011]><Blue>" triggered "shot_fired" (weapon "quake_rl")
L 04/28/2026 - 05:44:43: "QuickScout<84><[U:1:900000012]><Red>" triggered "shot_hit" (weapon "quake_rl")
L 04/28/2026 - 05:44:43: "QuickScout<84><[U:1:900000012]><Red>" triggered "damage" against "SoldierBoy<85><[U:1:900000011]><Blue>" (damage "94") (weapon "quake_rl") (airshot "1") (height "354")
L 04/28/2026 - 05:44:43: "SoldierBoy<85><[U:1:900000011]><Blue>" triggered "shot_hit" (weapon "quake_rl")
L 04/28/2026 - 05:44:43: "SoldierBoy<85><[U:1:900000011]><Blue>" triggered "damage" against "QuickScout<84><[U:1:900000012]><Red>" (damage "44") (weapon "quake_rl")
L 04/28/2026 - 05:44:44: "SoldierBoy<85><[U:1:900000011]><Blue>" triggered "shot_fired" (weapon "quake_rl")
L 04/28/2026 - 05:44:44: "QuickScout<84><[U:1:900000012]><Red>" triggered "shot_fired" (weapon "quake_rl")
L 04/28/2026 - 05:44:44: "SoldierBoy<85><[U:1:900000011]><Blue>" triggered "shot_hit" (weapon "quake_rl")
L 04/28/2026 - 05:44:44: "SoldierBoy<85><[U:1:900000011]><Blue>" triggered "damage" against "QuickScout<84><[U:1:900000012]><Red>" (damage "50") (weapon "quake_rl")
L 04/28/2026 - 05:44:47: "QuickScout<84><[U:1:900000012]><Red>" triggered "shot_fired" (weapon "quake_rl")
L 04/28/2026 - 05:44:47: "SoldierBoy<85><[U:1:900000011]><Blue>" triggered "shot_fired" (weapon "quake_rl")
L 04/28/2026 - 05:44:48: "QuickScout<84><[U:1:900000012]><Red>" triggered "shot_fired" (weapon "quake_rl")
L 04/28/2026 - 05:44:48: "SoldierBoy<85><[U:1:900000011]><Blue>" triggered "shot_fired" (weapon "quake_rl")
L 04/28/2026 - 05:44:48: "SoldierBoy<85><[U:1:900000011]><Blue>" triggered "shot_hit" (weapon "quake_rl")
L 04/28/2026 - 05:44:48: "SoldierBoy<85><[U:1:900000011]><Blue>" triggered "damage" against "QuickScout<84><[U:1:900000012]><Red>" (damage "47") (weapon "quake_rl")
L 04/28/2026 - 05:44:48: "QuickScout<84><[U:1:900000012]><Red>" triggered "shot_hit" (weapon "quake_rl")
L 04/28/2026 - 05:44:48: "QuickScout<84><[U:1:900000012]><Red>" triggered "damage" against "SoldierBoy<85><[U:1:900000011]><Blue>" (damage "47") (weapon "quake_rl")
L 04/28/2026 - 05:44:48: "SoldierBoy<85><[U:1:900000011]><Blue>" triggered "shot_fired" (weapon "shotgun_soldier")
L 04/28/2026 - 05:44:48: "SoldierBoy<85><[U:1:900000011]><Blue>" triggered "shot_hit" (weapon "shotgun_soldier")
L 04/28/2026 - 05:44:48: "SoldierBoy<85><[U:1:900000011]><Blue>" triggered "damage" against "QuickScout<84><[U:1:900000012]><Red>" (damage "32") (weapon "shotgun_soldier")
L 04/28/2026 - 05:44:49: "QuickScout<84><[U:1:900000012]><Red>" triggered "shot_fired" (weapon "quake_rl")
L 04/28/2026 - 05:44:49: "SoldierBoy<85><[U:1:900000011]><Blue>" triggered "shot_fired" (weapon "shotgun_soldier")
L 04/28/2026 - 05:44:49: "SoldierBoy<85><[U:1:900000011]><Blue>" triggered "shot_hit" (weapon "shotgun_soldier")
L 04/28/2026 - 05:44:49: "SoldierBoy<85><[U:1:900000011]><Blue>" triggered "damage" against "QuickScout<84><[U:1:900000012]><Red>" (damage "18") (weapon "shotgun_soldier")
L 04/28/2026 - 05:44:49: "SoldierBoy<85><[U:1:900000011]><Blue>" triggered "shot_fired" (weapon "shotgun_soldier")
L 04/28/2026 - 05:44:49: "SoldierBoy<85><[U:1:900000011]><Blue>" triggered "shot_hit" (weapon "shotgun_soldier")
L 04/28/2026 - 05:44:49: "SoldierBoy<85><[U:1:900000011]><Blue>" triggered "damage" against "QuickScout<84><[U:1:900000012]><Red>" (damage "20") (weapon "shotgun_soldier")
L 04/28/2026 - 05:44:50: "QuickScout<84><[U:1:900000012]><Red>" triggered "shot_fired" (weapon "quake_rl")
L 04/28/2026 - 05:44:50: "QuickScout<84><[U:1:900000012]><Red>" triggered "shot_fired" (weapon "shotgun_soldier")
L 04/28/2026 - 05:44:50: "QuickScout<84><[U:1:900000012]><Red>" triggered "shot_hit" (weapon "shotgun_soldier")
L 04/28/2026 - 05:44:50: "QuickScout<84><[U:1:900000012]><Red>" triggered "damage" against "SoldierBoy<85><[U:1:900000011]><Blue>" (damage "7") (realdamage "4") (weapon "shotgun_soldier")
L 04/28/2026 - 05:44:50: "QuickScout<84><[U:1:900000012]><Red>" killed "SoldierBoy<85><[U:1:900000011]><Blue>" with "shotgun_soldier" (attacker_position "-8515 11667 10698") (victim_position "-8941 11776 10806")
L 04/28/2026 - 05:44:50: "SoldierBoy<85><[U:1:900000011]><Blue>" spawned as "soldier"
L 04/28/2026 - 05:44:52: "QuickScout<84><[U:1:900000012]><Red>" triggered "shot_fired" (weapon "quake_rl")
L 04/28/2026 - 05:44:52: "SoldierBoy<85><[U:1:900000011]><Blue>" triggered "shot_fired" (weapon "quake_rl")
L 04/28/2026 - 05:44:52: "QuickScout<84><[U:1:900000012]><Red>" triggered "shot_hit" (weapon "quake_rl")
L 04/28/2026 - 05:44:52: "QuickScout<84><[U:1:900000012]><Red>" triggered "damage" against "SoldierBoy<85><[U:1:900000011]><Blue>" (damage "105") (weapon "quake_rl") (airshot "1") (height "245")
L 04/28/2026 - 05:44:52: "SoldierBoy<85><[U:1:900000011]><Blue>" triggered "shot_hit" (weapon "quake_rl")
L 04/28/2026 - 05:44:52: "SoldierBoy<85><[U:1:900000011]><Blue>" triggered "damage" against "QuickScout<84><[U:1:900000012]><Red>" (damage "75") (weapon "quake_rl")
L 04/28/2026 - 05:44:53: "SoldierBoy<85><[U:1:900000011]><Blue>" triggered "shot_fired" (weapon "quake_rl")
L 04/28/2026 - 05:44:53: "QuickScout<84><[U:1:900000012]><Red>" triggered "shot_fired" (weapon "quake_rl")
L 04/28/2026 - 05:44:57: "SoldierBoy<85><[U:1:900000011]><Blue>" triggered "shot_fired" (weapon "quake_rl")
L 04/28/2026 - 05:44:58: "SoldierBoy<85><[U:1:900000011]><Blue>" triggered "shot_hit" (weapon "quake_rl")
L 04/28/2026 - 05:44:58: "SoldierBoy<85><[U:1:900000011]><Blue>" triggered "damage" against "QuickScout<84><[U:1:900000012]><Red>" (damage "44") (weapon "quake_rl")
L 04/28/2026 - 05:44:58: "QuickScout<84><[U:1:900000012]><Red>" triggered "shot_fired" (weapon "quake_rl")
L 04/28/2026 - 05:44:58: "SoldierBoy<85><[U:1:900000011]><Blue>" triggered "shot_fired" (weapon "quake_rl")
L 04/28/2026 - 05:44:58: "SoldierBoy<85><[U:1:900000011]><Blue>" triggered "shot_hit" (weapon "quake_rl")
L 04/28/2026 - 05:44:58: "SoldierBoy<85><[U:1:900000011]><Blue>" triggered "damage" against "QuickScout<84><[U:1:900000012]><Red>" (damage "73") (weapon "quake_rl")
L 04/28/2026 - 05:44:59: "QuickScout<84><[U:1:900000012]><Red>" triggered "shot_fired" (weapon "quake_rl")
L 04/28/2026 - 05:44:59: "SoldierBoy<85><[U:1:900000011]><Blue>" triggered "shot_fired" (weapon "shotgun_soldier")
L 04/28/2026 - 05:44:59: "SoldierBoy<85><[U:1:900000011]><Blue>" triggered "shot_hit" (weapon "shotgun_soldier")
L 04/28/2026 - 05:44:59: "SoldierBoy<85><[U:1:900000011]><Blue>" triggered "damage" against "QuickScout<84><[U:1:900000012]><Red>" (damage "37") (weapon "shotgun_soldier")
L 04/28/2026 - 05:45:00: "QuickScout<84><[U:1:900000012]><Red>" triggered "shot_fired" (weapon "quake_rl")
L 04/28/2026 - 05:45:00: "SoldierBoy<85><[U:1:900000011]><Blue>" triggered "shot_fired" (weapon "shotgun_soldier")
L 04/28/2026 - 05:45:00: "QuickScout<84><[U:1:900000012]><Red>" triggered "shot_fired" (weapon "quake_rl")
L 04/28/2026 - 05:45:01: "QuickScout<84><[U:1:900000012]><Red>" triggered "shot_fired" (weapon "shotgun_soldier")
L 04/28/2026 - 05:45:01: "SoldierBoy<85><[U:1:900000011]><Blue>" triggered "shot_fired" (weapon "shotgun_soldier")
L 04/28/2026 - 05:45:01: "SoldierBoy<85><[U:1:900000011]><Blue>" triggered "shot_hit" (weapon "shotgun_soldier")
L 04/28/2026 - 05:45:01: "SoldierBoy<85><[U:1:900000011]><Blue>" triggered "damage" against "QuickScout<84><[U:1:900000012]><Red>" (damage "57") (realdamage "19") (weapon "shotgun_soldier")
L 04/28/2026 - 05:45:01: "SoldierBoy<85><[U:1:900000011]><Blue>" killed "QuickScout<84><[U:1:900000012]><Red>" with "shotgun_soldier" (attacker_position "-8522 11624 10694") (victim_position "-8848 11802 10736")
L 04/28/2026 - 05:45:01: "SoldierBoy<85><[U:1:900000011]><Blue>" triggered "revenge" against "QuickScout<84><[U:1:900000012]><Red>"
L 04/28/2026 - 05:45:01: "QuickScout<84><[U:1:900000012]><Red>" spawned as "soldier"
L 04/28/2026 - 05:45:03: "SoldierBoy<85><[U:1:900000011]><Blue>" triggered "shot_fired" (weapon "quake_rl")
L 04/28/2026 - 05:45:04: "QuickScout<84><[U:1:900000012]><Red>" triggered "shot_fired" (weapon "quake_rl")
L 04/28/2026 - 05:45:04: "QuickScout<84><[U:1:900000012]><Red>" triggered "shot_hit" (weapon "quake_rl")
L 04/28/2026 - 05:45:04: "QuickScout<84><[U:1:900000012]><Red>" triggered "damage" against "SoldierBoy<85><[U:1:900000011]><Blue>" (damage "82") (weapon "quake_rl")
L 04/28/2026 - 05:45:05: "QuickScout<84><[U:1:900000012]><Red>" triggered "shot_fired" (weapon "quake_rl")
L 04/28/2026 - 05:45:05: "QuickScout<84><[U:1:900000012]><Red>" triggered "shot_hit" (weapon "quake_rl")
L 04/28/2026 - 05:45:05: "QuickScout<84><[U:1:900000012]><Red>" triggered "damage" against "SoldierBoy<85><[U:1:900000011]><Blue>" (damage "102") (weapon "quake_rl")
L 04/28/2026 - 05:45:05: "SoldierBoy<85><[U:1:900000011]><Blue>" triggered "shot_fired" (weapon "quake_rl")
L 04/28/2026 - 05:45:05: "QuickScout<84><[U:1:900000012]><Red>" triggered "shot_fired" (weapon "quake_rl")
L 04/28/2026 - 05:45:06: "SoldierBoy<85><[U:1:900000011]><Blue>" triggered "shot_fired" (weapon "quake_rl")
L 04/28/2026 - 05:45:06: "QuickScout<84><[U:1:900000012]><Red>" triggered "shot_hit" (weapon "quake_rl")
L 04/28/2026 - 05:45:06: "QuickScout<84><[U:1:900000012]><Red>" triggered "damage" against "SoldierBoy<85><[U:1:900000011]><Blue>" (damage "70") (weapon "quake_rl")
L 04/28/2026 - 05:45:06: "QuickScout<84><[U:1:900000012]><Red>" triggered "shot_fired" (weapon "shotgun_soldier")
L 04/28/2026 - 05:45:06: "SoldierBoy<85><[U:1:900000011]><Blue>" triggered "shot_fired" (weapon "shotgun_soldier")
L 04/28/2026 - 05:45:06: "SoldierBoy<85><[U:1:900000011]><Blue>" triggered "shot_hit" (weapon "shotgun_soldier")
L 04/28/2026 - 05:45:06: "SoldierBoy<85><[U:1:900000011]><Blue>" triggered "damage" against "QuickScout<84><[U:1:900000012]><Red>" (damage "59") (weapon "shotgun_soldier")
L 04/28/2026 - 05:45:07: "SoldierBoy<85><[U:1:900000011]><Blue>" triggered "shot_fired" (weapon "shotgun_soldier")
L 04/28/2026 - 05:45:07: "SoldierBoy<85><[U:1:900000011]><Blue>" triggered "shot_hit" (weapon "shotgun_soldier")
L 04/28/2026 - 05:45:07: "SoldierBoy<85><[U:1:900000011]><Blue>" triggered "damage" against "QuickScout<84><[U:1:900000012]><Red>" (damage "44") (weapon "shotgun_soldier")
L 04/28/2026 - 05:45:07: "SoldierBoy<85><[U:1:900000011]><Blue>" triggered "shot_fired" (weapon "shotgun_soldier")
L 04/28/2026 - 05:45:07: "SoldierBoy<85><[U:1:900000011]><Blue>" triggered "shot_hit" (weapon "shotgun_soldier")
L 04/28/2026 - 05:45:07: "SoldierBoy<85><[U:1:900000011]><Blue>" triggered "damage" against "QuickScout<84><[U:1:900000012]><Red>" (damage "87") (weapon "shotgun_soldier")
L 04/28/2026 - 05:45:07: "QuickScout<84><[U:1:900000012]><Red>" triggered "shot_fired" (weapon "shotgun_soldier")
L 04/28/2026 - 05:45:08: "SoldierBoy<85><[U:1:900000011]><Blue>" triggered "shot_fired" (weapon "shotgun_soldier")
L 04/28/2026 - 05:45:08: "QuickScout<84><[U:1:900000012]><Red>" triggered "shot_fired" (weapon "shotgun_soldier")
L 04/28/2026 - 05:45:08: "QuickScout<84><[U:1:900000012]><Red>" triggered "shot_hit" (weapon "shotgun_soldier")
L 04/28/2026 - 05:45:08: "QuickScout<84><[U:1:900000012]><Red>" triggered "damage" against "SoldierBoy<85><[U:1:900000011]><Blue>" (damage "82") (realdamage "28") (weapon "shotgun_soldier")
L 04/28/2026 - 05:45:08: "QuickScout<84><[U:1:900000012]><Red>" killed "SoldierBoy<85><[U:1:900000011]><Blue>" with "shotgun_soldier" (attacker_position "-8830 11773 10737") (victim_position "-8590 11780 10736")
L 04/28/2026 - 05:45:08: "SoldierBoy<85><[U:1:900000011]><Blue>" spawned as "soldier"
L 04/28/2026 - 05:45:10: "QuickScout<84><[U:1:900000012]><Red>" triggered "shot_fired" (weapon "quake_rl")
L 04/28/2026 - 05:45:10: "SoldierBoy<85><[U:1:900000011]><Blue>" triggered "shot_fired" (weapon "quake_rl")
L 04/28/2026 - 05:45:10: "SoldierBoy<85><[U:1:900000011]><Blue>" triggered "shot_hit" (weapon "quake_rl")
L 04/28/2026 - 05:45:10: "SoldierBoy<85><[U:1:900000011]><Blue>" triggered "damage" against "QuickScout<84><[U:1:900000012]><Red>" (damage "57") (weapon "quake_rl")
L 04/28/2026 - 05:45:11: "SoldierBoy<85><[U:1:900000011]><Blue>" triggered "shot_hit" (weapon "quake_rl")
L 04/28/2026 - 05:45:11: "SoldierBoy<85><[U:1:900000011]><Blue>" triggered "damage" against "QuickScout<84><[U:1:900000012]><Red>" (damage "112") (weapon "quake_rl") (airshot "1") (height "202")
L 04/28/2026 - 05:45:11: "QuickScout<84><[U:1:900000012]><Red>" triggered "shot_fired" (weapon "quake_rl")
L 04/28/2026 - 05:45:11: "SoldierBoy<85><[U:1:900000011]><Blue>" triggered "shot_fired" (weapon "quake_rl")
L 04/28/2026 - 05:45:12: "QuickScout<84><[U:1:900000012]><Red>" triggered "shot_fired" (weapon "quake_rl")
L 04/28/2026 - 05:45:12: "SoldierBoy<85><[U:1:900000011]><Blue>" triggered "shot_fired" (weapon "shotgun_soldier")
L 04/28/2026 - 05:45:12: "SoldierBoy<85><[U:1:900000011]><Blue>" triggered "shot_hit" (weapon "shotgun_soldier")
L 04/28/2026 - 05:45:12: "SoldierBoy<85><[U:1:900000011]><Blue>" triggered "damage" against "QuickScout<84><[U:1:900000012]><Red>" (damage "20") (weapon "shotgun_soldier")
L 04/28/2026 - 05:45:13: "QuickScout<84><[U:1:900000012]><Red>" triggered "shot_fired" (weapon "quake_rl")
L 04/28/2026 - 05:45:13: "SoldierBoy<85><[U:1:900000011]><Blue>" triggered "shot_fired" (weapon "shotgun_soldier")
L 04/28/2026 - 05:45:13: "SoldierBoy<85><[U:1:900000011]><Blue>" triggered "shot_hit" (weapon "shotgun_soldier")
L 04/28/2026 - 05:45:13: "SoldierBoy<85><[U:1:900000011]><Blue>" triggered "damage" against "QuickScout<84><[U:1:900000012]><Red>" (damage "48") (weapon "shotgun_soldier")
L 04/28/2026 - 05:45:13: "QuickScout<84><[U:1:900000012]><Red>" triggered "shot_fired" (weapon "shotgun_soldier")
L 04/28/2026 - 05:45:13: "QuickScout<84><[U:1:900000012]><Red>" triggered "shot_hit" (weapon "shotgun_soldier")
L 04/28/2026 - 05:45:13: "QuickScout<84><[U:1:900000012]><Red>" triggered "damage" against "SoldierBoy<85><[U:1:900000011]><Blue>" (damage "79") (weapon "shotgun_soldier")
L 04/28/2026 - 05:45:14: "SoldierBoy<85><[U:1:900000011]><Blue>" triggered "shot_fired" (weapon "shotgun_soldier")
L 04/28/2026 - 05:45:14: "SoldierBoy<85><[U:1:900000011]><Blue>" triggered "shot_hit" (weapon "shotgun_soldier")
L 04/28/2026 - 05:45:14: "SoldierBoy<85><[U:1:900000011]><Blue>" triggered "damage" against "QuickScout<84><[U:1:900000012]><Red>" (damage "23") (realdamage "18") (weapon "shotgun_soldier")
L 04/28/2026 - 05:45:14: "SoldierBoy<85><[U:1:900000011]><Blue>" killed "QuickScout<84><[U:1:900000012]><Red>" with "shotgun_soldier" (attacker_position "-8498 11716 10864") (victim_position "-8629 11534 10642")
L 04/28/2026 - 05:45:14: "QuickScout<84><[U:1:900000012]><Red>" spawned as "soldier"
L 04/28/2026 - 05:45:16: "SoldierBoy<85><[U:1:900000011]><Blue>" triggered "shot_fired" (weapon "quake_rl")
L 04/28/2026 - 05:45:16: "QuickScout<84><[U:1:900000012]><Red>" triggered "shot_fired" (weapon "quake_rl")
L 04/28/2026 - 05:45:16: "QuickScout<84><[U:1:900000012]><Red>" triggered "shot_hit" (weapon "quake_rl")
L 04/28/2026 - 05:45:16: "QuickScout<84><[U:1:900000012]><Red>" triggered "damage" against "SoldierBoy<85><[U:1:900000011]><Blue>" (damage "49") (weapon "quake_rl")
L 04/28/2026 - 05:45:17: "SoldierBoy<85><[U:1:900000011]><Blue>" triggered "shot_fired" (weapon "quake_rl")
L 04/28/2026 - 05:45:17: "SoldierBoy<85><[U:1:900000011]><Blue>" triggered "shot_hit" (weapon "quake_rl")
L 04/28/2026 - 05:45:17: "SoldierBoy<85><[U:1:900000011]><Blue>" triggered "damage" against "QuickScout<84><[U:1:900000012]><Red>" (damage "79") (weapon "quake_rl")
L 04/28/2026 - 05:45:17: "QuickScout<84><[U:1:900000012]><Red>" triggered "shot_fired" (weapon "quake_rl")
L 04/28/2026 - 05:45:17: "QuickScout<84><[U:1:900000012]><Red>" triggered "shot_hit" (weapon "quake_rl")
L 04/28/2026 - 05:45:17: "QuickScout<84><[U:1:900000012]><Red>" triggered "damage" against "SoldierBoy<85><[U:1:900000011]><Blue>" (damage "57") (weapon "quake_rl")
L 04/28/2026 - 05:45:18: "SoldierBoy<85><[U:1:900000011]><Blue>" triggered "shot_fired" (weapon "quake_rl")
L 04/28/2026 - 05:45:18: "QuickScout<84><[U:1:900000012]><Red>" triggered "shot_fired" (weapon "quake_rl")
L 04/28/2026 - 05:45:18: "SoldierBoy<85><[U:1:900000011]><Blue>" triggered "shot_hit" (weapon "quake_rl")
L 04/28/2026 - 05:45:18: "SoldierBoy<85><[U:1:900000011]><Blue>" triggered "damage" against "QuickScout<84><[U:1:900000012]><Red>" (damage "70") (weapon "quake_rl")
L 04/28/2026 - 05:45:18: "QuickScout<84><[U:1:900000012]><Red>" triggered "shot_fired" (weapon "shotgun_soldier")
L 04/28/2026 - 05:45:18: "QuickScout<84><[U:1:900000012]><Red>" triggered "shot_hit" (weapon "shotgun_soldier")
L 04/28/2026 - 05:45:18: "QuickScout<84><[U:1:900000012]><Red>" triggered "damage" against "SoldierBoy<85><[U:1:900000011]><Blue>" (damage "16") (weapon "shotgun_soldier")
L 04/28/2026 - 05:45:19: "SoldierBoy<85><[U:1:900000011]><Blue>" triggered "shot_fired" (weapon "quake_rl")
L 04/28/2026 - 05:45:19: "QuickScout<84><[U:1:900000012]><Red>" triggered "shot_fired" (weapon "shotgun_soldier")
L 04/28/2026 - 05:45:19: "QuickScout<84><[U:1:900000012]><Red>" triggered "shot_hit" (weapon "shotgun_soldier")
L 04/28/2026 - 05:45:19: "QuickScout<84><[U:1:900000012]><Red>" triggered "damage" against "SoldierBoy<85><[U:1:900000011]><Blue>" (damage "49") (weapon "shotgun_soldier")
L 04/28/2026 - 05:45:20: "SoldierBoy<85><[U:1:900000011]><Blue>" triggered "shot_fired" (weapon "shotgun_soldier")
L 04/28/2026 - 05:45:20: "SoldierBoy<85><[U:1:900000011]><Blue>" triggered "shot_hit" (weapon "shotgun_soldier")
L 04/28/2026 - 05:45:20: "SoldierBoy<85><[U:1:900000011]><Blue>" triggered "damage" against "QuickScout<84><[U:1:900000012]><Red>" (damage "69") (realdamage "57") (weapon "shotgun_soldier")
L 04/28/2026 - 05:45:20: "SoldierBoy<85><[U:1:900000011]><Blue>" killed "QuickScout<84><[U:1:900000012]><Red>" with "shotgun_soldier" (attacker_position "-8658 11672 10743") (victim_position "-8525 11617 10805")
L 04/28/2026 - 05:45:20: "QuickScout<84><[U:1:900000012]><Red>" spawned as "soldier"
L 04/28/2026 - 05:45:22: "SoldierBoy<85><[U:1:900000011]><Blue>" triggered "shot_fired" (weapon "quake_rl")
L 04/28/2026 - 05:45:22: "QuickScout<84><[U:1:900000012]><Red>" triggered "shot_hit" (weapon "quake_rl")
L 04/28/2026 - 05:45:22: "QuickScout<84><[U:1:900000012]><Red>" triggered "damage" against "SoldierBoy<85><[U:1:900000011]><Blue>" (damage "64") (weapon "quake_rl")
L 04/28/2026 - 05:45:22: "QuickScout<84><[U:1:900000012]><Red>" triggered "shot_fired" (weapon "quake_rl")
L 04/28/2026 - 05:45:22: "QuickScout<84><[U:1:900000012]><Red>" triggered "shot_hit" (weapon "quake_rl")
L 04/28/2026 - 05:45:22: "QuickScout<84><[U:1:900000012]><Red>" triggered "damage" against "SoldierBoy<85><[U:1:900000011]><Blue>" (damage "68") (weapon "quake_rl")
L 04/28/2026 - 05:45:23: "QuickScout<84><[U:1:900000012]><Red>" triggered "shot_fired" (weapon "quake_rl")
L 04/28/2026 - 05:45:23: "SoldierBoy<85><[U:1:900000011]><Blue>" triggered "shot_hit" (weapon "quake_rl")
L 04/28/2026 - 05:45:23: "SoldierBoy<85><[U:1:900000011]><Blue>" triggered "damage" against "QuickScout<84><[U:1:900000012]><Red>" (damage "74") (weapon "quake_rl")
L 04/28/2026 - 05:45:23: "SoldierBoy<85><[U:1:900000011]><Blue>" triggered "shot_fired" (weapon "quake_rl")
L 04/28/2026 - 05:45:24: "SoldierBoy<85><[U:1:900000011]><Blue>" triggered "shot_fired" (weapon "quake_rl")
L 04/28/2026 - 05:45:24: "QuickScout<84><[U:1:900000012]><Red>" triggered "shot_fired" (weapon "quake_rl")
L 04/28/2026 - 05:45:24: "QuickScout<84><[U:1:900000012]><Red>" triggered "shot_hit" (weapon "quake_rl")
L 04/28/2026 - 05:45:24: "QuickScout<84><[U:1:900000012]><Red>" triggered "damage" against "SoldierBoy<85><[U:1:900000011]><Blue>" (damage "107") (weapon "quake_rl")
L 04/28/2026 - 05:45:24: "SoldierBoy<85><[U:1:900000011]><Blue>" triggered "shot_fired" (weapon "shotgun_soldier")
L 04/28/2026 - 05:45:25: "QuickScout<84><[U:1:900000012]><Red>" triggered "shot_fired" (weapon "shotgun_soldier")
L 04/28/2026 - 05:45:25: "QuickScout<84><[U:1:900000012]><Red>" triggered "shot_hit" (weapon "shotgun_soldier")
L 04/28/2026 - 05:45:25: "QuickScout<84><[U:1:900000012]><Red>" triggered "damage" against "SoldierBoy<85><[U:1:900000011]><Blue>" (damage "23") (realdamage "10") (weapon "shotgun_soldier")
L 04/28/2026 - 05:45:25: "QuickScout<84><[U:1:900000012]><Red>" killed "SoldierBoy<85><[U:1:900000011]><Blue>" with "shotgun_soldier" (attacker_position "-8483 11733 10710") (victim_position "-8762 11663 10823")
L 04/28/2026 - 05:45:25: "SoldierBoy<85><[U:1:900000011]><Blue>" spawned as "soldier"
L 04/28/2026 - 05:45:27: "QuickScout<84><[U:1:900000012]><Red>" triggered "shot_fired" (weapon "quake_rl")
L 04/28/2026 - 05:45:27: "SoldierBoy<85><[U:1:900000011]><Blue>" triggered "shot_fired" (weapon "quake_rl")
L 04/28/2026 - 05:45:27: "SoldierBoy<85><[U:1:900000011]><Blue>" triggered "shot_hit" (weapon "quake_rl")
L 04/28/2026 - 05:45:27: "SoldierBoy<85><[U:1:900000011]><Blue>" triggered "damage" against "QuickScout<84><[U:1:900000012]><Red>" (damage "62") (weapon "quake_rl")
L 04/28/2026 - 05:45:28: "SoldierBoy<85><[U:1:900000011]><Blue>" triggered "shot_hit" (weapon "quake_rl")
L 04/28/2026 - 05:45:28: "SoldierBoy<85><[U:1:900000011]><Blue>" triggered "damage" against "QuickScout<84><[U:1:900000012]><Red>" (damage "71") (weapon "quake_rl")
L 04/28/2026 - 05:45:28: "SoldierBoy<85><[U:1:900000011]><Blue>" triggered "shot_fired" (weapon "quake_rl")
L 04/28/2026 - 05:45:28: "QuickScout<84><[U:1:900000012]><Red>" triggered "shot_fired" (weapon "quake_rl")
L 04/28/2026 - 05:45:28: "QuickScout<84><[U:1:900000012]><Red>" triggered "shot_hit" (weapon "quake_rl")
L 04/28/2026 - 05:45:28: "QuickScout<84><[U:1:900000012]><Red>" triggered "damage" against "SoldierBoy<85><[U:1:900000011]><Blue>" (damage "54") (weapon "quake_rl")
L 04/28/2026 - 05:45:29: "QuickScout<84><[U:1:900000012]><Red>" triggered "shot_fired" (weapon "quake_rl")
L 04/28/2026 - 05:45:29: "SoldierBoy<85><[U:1:900000011]><Blue>" triggered "shot_fired" (weapon "quake_rl")
L 04/28/2026 - 05:45:29: "SoldierBoy<85><[U:1:900000011]><Blue>" triggered "shot_fired" (weapon "shotgun_soldier")
L 04/28/2026 - 05:45:29: "SoldierBoy<85><[U:1:900000011]><Blue>" triggered "shot_hit" (weapon "shotgun_soldier")
L 04/28/2026 - 05:45:29: "SoldierBoy<85><[U:1:900000011]><Blue>" triggered "damage" against "QuickScout<84><[U:1:900000012]><Red>" (damage "87") (weapon "shotgun_soldier")
L 04/28/2026 - 05:45:29: "QuickScout<84><[U:1:900000012]><Red>" triggered "shot_hit" (weapon "quake_rl")
L 04/28/2026 - 05:45:29: "QuickScout<84><[U:1:900000012]><Red>" triggered "damage" against "SoldierBoy<85><[U:1:900000011]><Blue>" (damage "77") (weapon "quake_rl")
L 04/28/2026 - 05:45:29: "QuickScout<84><[U:1:900000012]><Red>" triggered "shot_fired" (weapon "quake_rl")
L 04/28/2026 - 05:45:30: "SoldierBoy<85><[U:1:900000011]><Blue>" triggered "shot_fired" (weapon "shotgun_soldier")
L 04/28/2026 - 05:45:30: "SoldierBoy<85><[U:1:900000011]><Blue>" triggered "shot_hit" (weapon "shotgun_soldier")
L 04/28/2026 - 05:45:30: "SoldierBoy<85><[U:1:900000011]><Blue>" triggered "damage" against "QuickScout<84><[U:1:900000012]><Red>" (damage "5") (weapon "shotgun_soldier")
L 04/28/2026 - 05:45:30: "QuickScout<84><[U:1:900000012]><Red>" triggered "shot_fired" (weapon "shotgun_soldier")
L 04/28/2026 - 05:45:30: "QuickScout<84><[U:1:900000012]><Red>" triggered "shot_hit" (weapon "shotgun_soldier")
L 04/28/2026 - 05:45:30: "QuickScout<84><[U:1:900000012]><Red>" triggered "damage" against "SoldierBoy<85><[U:1:900000011]><Blue>" (damage "5") (weapon "shotgun_soldier")
L 04/28/2026 - 05:45:30: "SoldierBoy<85><[U:1:900000011]><Blue>" triggered "shot_fired" (weapon "shotgun_soldier")
L 04/28/2026 - 05:45:30: "SoldierBoy<85><[U:1:900000011]><Blue>" triggered "shot_hit" (weapon "shotgun_soldier")
L 04/28/2026 - 05:45:30: "SoldierBoy<85><[U:1:900000011]><Blue>" triggered "damage" against "QuickScout<84><[U:1:900000012]><Red>" (damage "5") (weapon "shotgun_soldier")
L 04/28/2026 - 05:45:31: "QuickScout<84><[U:1:900000012]><Red>" triggered "shot_fired" (weapon "shotgun_soldier")
L 04/28/2026 - 05:45:31: "QuickScout<84><[U:1:900000012]><Red>" triggered "shot_hit" (weapon "shotgun_soldier")
L 04/28/2026 - 05:45:31: "QuickScout<84><[U:1:900000012]><Red>" triggered "damage" against "SoldierBoy<85><[U:1:900000011]><Blue>" (damage "6") (weapon "shotgun_soldier")
L 04/28/2026 - 05:45:32: "SoldierBoy<85><[U:1:900000011]><Blue>" triggered "shot_fired" (weapon "shotgun_soldier")
L 04/28/2026 - 05:45:32: "QuickScout<84><[U:1:900000012]><Red>" triggered "shot_fired" (weapon "shotgun_soldier")
L 04/28/2026 - 05:45:32: "QuickScout<84><[U:1:900000012]><Red>" triggered "shot_hit" (weapon "shotgun_soldier")
L 04/28/2026 - 05:45:32: "QuickScout<84><[U:1:900000012]><Red>" triggered "damage" against "SoldierBoy<85><[U:1:900000011]><Blue>" (damage "67") (weapon "shotgun_soldier")
L 04/28/2026 - 05:45:32: "QuickScout<84><[U:1:900000012]><Red>" killed "SoldierBoy<85><[U:1:900000011]><Blue>" with "world" (attacker_position "-8492 11974 10471") (victim_position "-8216 12150 10322")
L 04/28/2026 - 05:45:32: "SoldierBoy<85><[U:1:900000011]><Blue>" spawned as "soldier"
L 04/28/2026 - 05:45:34: "QuickScout<84><[U:1:900000012]><Red>" triggered "shot_fired" (weapon "quake_rl")
L 04/28/2026 - 05:45:34: "SoldierBoy<85><[U:1:900000011]><Blue>" triggered "shot_hit" (weapon "quake_rl")
L 04/28/2026 - 05:45:34: "SoldierBoy<85><[U:1:900000011]><Blue>" triggered "damage" against "QuickScout<84><[U:1:900000012]><Red>" (damage "110") (weapon "quake_rl") (airshot "1") (height "456")
L 04/28/2026 - 05:45:34: "SoldierBoy<85><[U:1:900000011]><Blue>" triggered "shot_fired" (weapon "quake_rl")
L 04/28/2026 - 05:45:35: "QuickScout<84><[U:1:900000012]><Red>" triggered "shot_fired" (weapon "quake_rl")
L 04/28/2026 - 05:45:35: "SoldierBoy<85><[U:1:900000011]><Blue>" triggered "shot_fired" (weapon "quake_rl")
L 04/28/2026 - 05:45:35: "QuickScout<84><[U:1:900000012]><Red>" triggered "shot_hit" (weapon "quake_rl")
L 04/28/2026 - 05:45:35: "QuickScout<84><[U:1:900000012]><Red>" triggered "damage" against "SoldierBoy<85><[U:1:900000011]><Blue>" (damage "27") (weapon "quake_rl")
L 04/28/2026 - 05:45:36: "SoldierBoy<85><[U:1:900000011]><Blue>" triggered "shot_fired" (weapon "quake_rl")
L 04/28/2026 - 05:45:36: "SoldierBoy<85><[U:1:900000011]><Blue>" triggered "shot_fired" (weapon "shotgun_soldier")
L 04/28/2026 - 05:45:36: "SoldierBoy<85><[U:1:900000011]><Blue>" triggered "shot_hit" (weapon "shotgun_soldier")
L 04/28/2026 - 05:45:36: "SoldierBoy<85><[U:1:900000011]><Blue>" triggered "damage" against "QuickScout<84><[U:1:900000012]><Red>" (damage "8") (weapon "shotgun_soldier")
L 04/28/2026 - 05:45:37: "SoldierBoy<85><[U:1:900000011]><Blue>" triggered "shot_fired" (weapon "shotgun_soldier")
L 04/28/2026 - 05:45:37: "SoldierBoy<85><[U:1:900000011]><Blue>" triggered "shot_hit" (weapon "shotgun_soldier")
L 04/28/2026 - 05:45:37: "SoldierBoy<85><[U:1:900000011]><Blue>" triggered "damage" against "QuickScout<84><[U:1:900000012]><Red>" (damage "66") (weapon "shotgun_soldier")
L 04/28/2026 - 05:45:37: "QuickScout<84><[U:1:900000012]><Red>" triggered "shot_fired" (weapon "quake_rl")
L 04/28/2026 - 05:45:38: "QuickScout<84><[U:1:900000012]><Red>" triggered "shot_fired" (weapon "shotgun_soldier")
L 04/28/2026 - 05:45:38: "SoldierBoy<85><[U:1:900000011]><Blue>" triggered "shot_fired" (weapon "shotgun_soldier")
L 04/28/2026 - 05:45:38: "SoldierBoy<85><[U:1:900000011]><Blue>" triggered "shot_hit" (weapon "shotgun_soldier")
L 04/28/2026 - 05:45:38: "SoldierBoy<85><[U:1:900000011]><Blue>" triggered "damage" against "QuickScout<84><[U:1:900000012]><Red>" (damage "8") (weapon "shotgun_soldier")
L 04/28/2026 - 05:45:39: "SoldierBoy<85><[U:1:900000011]><Blue>" triggered "shot_fired" (weapon "shotgun_soldier")
L 04/28/2026 - 05:45:39: "SoldierBoy<85><[U:1:900000011]><Blue>" triggered "shot_hit" (weapon "shotgun_soldier")
L 04/28/2026 - 05:45:39: "SoldierBoy<85><[U:1:900000011]><Blue>" triggered "damage" against "QuickScout<84><[U:1:900000012]><Red>" (damage "59") (realdamage "10") (weapon "shotgun_soldier")
L 04/28/2026 - 05:45:39: "SoldierBoy<85><[U:1:900000011]><Blue>" killed "QuickScout<84><[U:1:900000012]><Red>" with "shotgun_soldier" (attacker_position "-8546 11767 10740") (victim_position "-8446 11829 10589")
L 04/28/2026 - 05:45:39: "QuickScout<84><[U:1:900000012]><Red>" spawned as "soldier"
L 04/28/2026 - 05:45:41: "QuickScout<84><[U:1:900000012]><Red>" triggered "shot_fired" (weapon "quake_rl")
L 04/28/2026 - 05:45:41: "QuickScout<84><[U:1:900000012]><Red>" triggered "shot_hit" (weapon "quake_rl")
L 04/28/2026 - 05:45:41: "QuickScout<84><[U:1:900000012]><Red>" triggered "damage" against "SoldierBoy<85><[U:1:900000011]><Blue>" (damage "57") (weapon "quake_rl")
L 04/28/2026 - 05:45:41: "SoldierBoy<85><[U:1:900000011]><Blue>" triggered "shot_fired" (weapon "quake_rl")
L 04/28/2026 - 05:45:42: "QuickScout<84><[U:1:900000012]><Red>" triggered "shot_fired" (weapon "quake_rl")
L 04/28/2026 - 05:45:42: "QuickScout<84><[U:1:900000012]><Red>" triggered "shot_hit" (weapon "quake_rl")
L 04/28/2026 - 05:45:42: "QuickScout<84><[U:1:900000012]><Red>" triggered "damage" against "SoldierBoy<85><[U:1:900000011]><Blue>" (damage "95") (weapon "quake_rl")
L 04/28/2026 - 05:45:42: "SoldierBoy<85><[U:1:900000011]><Blue>" triggered "shot_hit" (weapon "quake_rl")
L 04/28/2026 - 05:45:42: "SoldierBoy<85><[U:1:900000011]><Blue>" triggered "damage" against "QuickScout<84><[U:1:900000012]><Red>" (damage "92") (weapon "quake_rl")
L 04/28/2026 - 05:45:42: "SoldierBoy<85><[U:1:900000011]><Blue>" triggered "shot_fired" (weapon "quake_rl")
L 04/28/2026 - 05:45:43: "QuickScout<84><[U:1:900000012]><Red>" triggered "shot_fired" (weapon "quake_rl")
L 04/28/2026 - 05:45:43: "SoldierBoy<85><[U:1:900000011]><Blue>" triggered "shot_fired" (weapon "quake_rl")
L 04/28/2026 - 05:45:43: "QuickScout<84><[U:1:900000012]><Red>" triggered "shot_fired" (weapon "shotgun_soldier")
L 04/28/2026 - 05:45:43: "QuickScout<84><[U:1:900000012]><Red>" triggered "shot_hit" (weapon "shotgun_soldier")
L 04/28/2026 - 05:45:43: "QuickScout<84><[U:1:900000012]><Red>" triggered "damage" against "SoldierBoy<85><[U:1:900000011]><Blue>" (damage "84") (weapon "shotgun_soldier")
L 04/28/2026 - 05:45:44: "QuickScout<84><[U:1:900000012]><Red>" triggered "shot_fired" (weapon "shotgun_soldier")
L 04/28/2026 - 05:45:44: "QuickScout<84><[U:1:900000012]><Red>" triggered "shot_hit" (weapon "shotgun_soldier")
L 04/28/2026 - 05:45:44: "QuickScout<84><[U:1:900000012]><Red>" triggered "damage" against "SoldierBoy<85><[U:1:900000011]><Blue>" (damage "34") (weapon "shotgun_soldier")
L 04/28/2026 - 05:45:44: "SoldierBoy<85><[U:1:900000011]><Blue>" triggered "shot_fired" (weapon "quake_rl")
L 04/28/2026 - 05:45:44: "SoldierBoy<85><[U:1:900000011]><Blue>" triggered "shot_hit" (weapon "quake_rl")
L 04/28/2026 - 05:45:44: "SoldierBoy<85><[U:1:900000011]><Blue>" triggered "damage" against "QuickScout<84><[U:1:900000012]><Red>" (damage "81") (weapon "quake_rl") (airshot "1") (height "269")
L 04/28/2026 - 05:45:44: "SoldierBoy<85><[U:1:900000011]><Blue>" triggered "shot_fired" (weapon "shotgun_soldier")
L 04/28/2026 - 05:45:44: "SoldierBoy<85><[U:1:900000011]><Blue>" triggered "shot_hit" (weapon "shotgun_soldier")
L 04/28/2026 - 05:45:44: "SoldierBoy<85><[U:1:900000011]><Blue>" triggered "damage" against "QuickScout<84><[U:1:900000012]><Red>" (damage "16") (weapon "shotgun_soldier")
L 04/28/2026 - 05:45:45: "QuickScout<84><[U:1:900000012]><Red>" triggered "shot_fired" (weapon "shotgun_soldier")
L 04/28/2026 - 05:45:45: "QuickScout<84><[U:1:900000012]><Red>" triggered "shot_hit" (weapon "shotgun_soldier")
L 04/28/2026 - 05:45:45: "QuickScout<84><[U:1:900000012]><Red>" triggered "damage" against "SoldierBoy<85><[U:1:900000011]><Blue>" (damage "10") (weapon "shotgun_soldier")
L 04/28/2026 - 05:45:45: "QuickScout<84><[U:1:900000012]><Red>" killed "SoldierBoy<85><[U:1:900000011]><Blue>" with "shotgun_soldier" (attacker_position "-8810 11695 10743") (victim_position "-8273 11963 10943")
L 04/28/2026 - 05:45:45: "SoldierBoy<85><[U:1:900000011]><Blue>" spawned as "soldier"
L 04/28/2026 - 05:45:47: "QuickScout<84><[U:1:900000012]><Red>" triggered "shot_fired" (weapon "quake_rl")
L 04/28/2026 - 05:45:47: "SoldierBoy<85><[U:1:900000011]><Blue>" triggered "shot_fired" (weapon "quake_rl")
L 04/28/2026 - 05:45:47: "SoldierBoy<85><[U:1:900000011]><Blue>" triggered "shot_hit" (weapon "quake_rl")
L 04/28/2026 - 05:45:47: "SoldierBoy<85><[U:1:900000011]><Blue>" triggered "damage" against "QuickScout<84><[U:1:900000012]><Red>" (damage "68") (weapon "quake_rl")
L 04/28/2026 - 05:45:48: "QuickScout<84><[U:1:900000012]><Red>" triggered "shot_fired" (weapon "quake_rl")
L 04/28/2026 - 05:45:48: "SoldierBoy<85><[U:1:900000011]><Blue>" triggered "shot_fired" (weapon "quake_rl")
L 04/28/2026 - 05:45:48: "SoldierBoy<85><[U:1:900000011]><Blue>" triggered "shot_hit" (weapon "quake_rl")
L 04/28/2026 - 05:45:48: "SoldierBoy<85><[U:1:900000011]><Blue>" triggered "damage" against "QuickScout<84><[U:1:900000012]><Red>" (damage "105") (weapon "quake_rl") (airshot "1") (height "253")
L 04/28/2026 - 05:45:49: "QuickScout<84><[U:1:900000012]><Red>" triggered "shot_fired" (weapon "quake_rl")
L 04/28/2026 - 05:45:49: "SoldierBoy<85><[U:1:900000011]><Blue>" triggered "shot_fired" (weapon "quake_rl")
L 04/28/2026 - 05:45:49: "SoldierBoy<85><[U:1:900000011]><Blue>" triggered "shot_fired" (weapon "shotgun_soldier")
L 04/28/2026 - 05:45:49: "SoldierBoy<85><[U:1:900000011]><Blue>" triggered "shot_hit" (weapon "shotgun_soldier")
L 04/28/2026 - 05:45:49: "SoldierBoy<85><[U:1:900000011]><Blue>" triggered "damage" against "QuickScout<84><[U:1:900000012]><Red>" (damage "25") (weapon "shotgun_soldier")
L 04/28/2026 - 05:45:49: "QuickScout<84><[U:1:900000012]><Red>" triggered "shot_fired" (weapon "quake_rl")
L 04/28/2026 - 05:45:50: "SoldierBoy<85><[U:1:900000011]><Blue>" triggered "shot_fired" (weapon "shotgun_soldier")
L 04/28/2026 - 05:45:50: "SoldierBoy<85><[U:1:900000011]><Blue>" triggered "shot_hit" (weapon "shotgun_soldier")
L 04/28/2026 - 05:45:50: "SoldierBoy<85><[U:1:900000011]><Blue>" triggered "damage" against "QuickScout<84><[U:1:900000012]><Red>" (damage "14") (weapon "shotgun_soldier")
L 04/28/2026 - 05:45:52: "SoldierBoy<85><[U:1:900000011]><Blue>" killed "QuickScout<84><[U:1:900000012]><Red>" with "world" (attacker_position "-8798 12005 10736") (victim_position "-8724 12204 10226")
L 04/28/2026 - 05:45:52: "QuickScout<84><[U:1:900000012]><Red>" spawned as "soldier"
L 04/28/2026 - 05:45:54: "SoldierBoy<85><[U:1:900000011]><Blue>" triggered "shot_fired" (weapon "quake_rl")
L 04/28/2026 - 05:45:54: "QuickScout<84><[U:1:900000012]><Red>" triggered "shot_fired" (weapon "quake_rl")
L 04/28/2026 - 05:45:54: "QuickScout<84><[U:1:900000012]><Red>" triggered "shot_hit" (weapon "quake_rl")
L 04/28/2026 - 05:45:54: "QuickScout<84><[U:1:900000012]><Red>" triggered "damage" against "SoldierBoy<85><[U:1:900000011]><Blue>" (damage "51") (weapon "quake_rl")
L 04/28/2026 - 05:45:55: "QuickScout<84><[U:1:900000012]><Red>" triggered "shot_fired" (weapon "quake_rl")
L 04/28/2026 - 05:45:55: "QuickScout<84><[U:1:900000012]><Red>" triggered "shot_hit" (weapon "quake_rl")
L 04/28/2026 - 05:45:55: "QuickScout<84><[U:1:900000012]><Red>" triggered "damage" against "SoldierBoy<85><[U:1:900000011]><Blue>" (damage "49") (weapon "quake_rl")
L 04/28/2026 - 05:45:55: "SoldierBoy<85><[U:1:900000011]><Blue>" triggered "shot_fired" (weapon "quake_rl")
L 04/28/2026 - 05:45:56: "QuickScout<84><[U:1:900000012]><Red>" triggered "shot_fired" (weapon "quake_rl")
L 04/28/2026 - 05:45:56: "QuickScout<84><[U:1:900000012]><Red>" triggered "shot_hit" (weapon "quake_rl")
L 04/28/2026 - 05:45:56: "QuickScout<84><[U:1:900000012]><Red>" triggered "damage" against "SoldierBoy<85><[U:1:900000011]><Blue>" (damage "64") (weapon "quake_rl")
L 04/28/2026 - 05:45:56: "SoldierBoy<85><[U:1:900000011]><Blue>" triggered "shot_fired" (weapon "quake_rl")
L 04/28/2026 - 05:45:56: "SoldierBoy<85><[U:1:900000011]><Blue>" triggered "shot_hit" (weapon "quake_rl")
L 04/28/2026 - 05:45:56: "SoldierBoy<85><[U:1:900000011]><Blue>" triggered "damage" against "QuickScout<84><[U:1:900000012]><Red>" (damage "63") (weapon "quake_rl")
L 04/28/2026 - 05:45:56: "QuickScout<84><[U:1:900000012]><Red>" triggered "shot_fired" (weapon "shotgun_soldier")
L 04/28/2026 - 05:45:56: "QuickScout<84><[U:1:900000012]><Red>" triggered "shot_hit" (weapon "shotgun_soldier")
L 04/28/2026 - 05:45:56: "QuickScout<84><[U:1:900000012]><Red>" triggered "damage" against "SoldierBoy<85><[U:1:900000011]><Blue>" (damage "74") (weapon "shotgun_soldier")
L 04/28/2026 - 05:45:57: "SoldierBoy<85><[U:1:900000011]><Blue>" triggered "shot_hit" (weapon "quake_rl")
L 04/28/2026 - 05:45:57: "SoldierBoy<85><[U:1:900000011]><Blue>" triggered "damage" against "QuickScout<84><[U:1:900000012]><Red>" (damage "109") (weapon "quake_rl")
L 04/28/2026 - 05:45:57: "QuickScout<84><[U:1:900000012]><Red>" triggered "shot_fired" (weapon "shotgun_soldier")
L 04/28/2026 - 05:45:57: "SoldierBoy<85><[U:1:900000011]><Blue>" triggered "shot_fired" (weapon "quake_rl")
L 04/28/2026 - 05:45:57: "SoldierBoy<85><[U:1:900000011]><Blue>" triggered "shot_fired" (weapon "shotgun_soldier")
L 04/28/2026 - 05:45:57: "SoldierBoy<85><[U:1:900000011]><Blue>" triggered "shot_hit" (weapon "shotgun_soldier")
L 04/28/2026 - 05:45:57: "SoldierBoy<85><[U:1:900000011]><Blue>" triggered "damage" against "QuickScout<84><[U:1:900000012]><Red>" (damage "76") (realdamage "55") (weapon "shotgun_soldier")
L 04/28/2026 - 05:45:57: "SoldierBoy<85><[U:1:900000011]><Blue>" killed "QuickScout<84><[U:1:900000012]><Red>" with "shotgun_soldier" (attacker_position "-8752 11786 10743") (victim_position "-8644 11824 10885")
L 04/28/2026 - 05:45:57: "QuickScout<84><[U:1:900000012]><Red>" spawned as "soldier"
L 04/28/2026 - 05:45:59: "QuickScout<84><[U:1:900000012]><Red>" triggered "shot_fired" (weapon "quake_rl")
L 04/28/2026 - 05:45:59: "QuickScout<84><[U:1:900000012]><Red>" triggered "shot_hit" (weapon "quake_rl")
L 04/28/2026 - 05:45:59: "QuickScout<84><[U:1:900000012]><Red>" triggered "damage" against "SoldierBoy<85><[U:1:900000011]><Blue>" (damage "48") (weapon "quake_rl")
L 04/28/2026 - 05:45:59: "SoldierBoy<85><[U:1:900000011]><Blue>" triggered "shot_fired" (weapon "quake_rl")
L 04/28/2026 - 05:46:00: "QuickScout<84><[U:1:900000012]><Red>" triggered "shot_fired" (weapon "quake_rl")
L 04/28/2026 - 05:46:00: "SoldierBoy<85><[U:1:900000011]><Blue>" triggered "shot_fired" (weapon "quake_rl")
L 04/28/2026 - 05:46:00: "QuickScout<84><[U:1:900000012]><Red>" triggered "shot_hit" (weapon "quake_rl")
L 04/28/2026 - 05:46:00: "QuickScout<84><[U:1:900000012]><Red>" triggered "damage" against "SoldierBoy<85><[U:1:900000011]><Blue>" (damage "56") (weapon "quake_rl")
L 04/28/2026 - 05:46:00: "SoldierBoy<85><[U:1:900000011]><Blue>" triggered "shot_hit" (weapon "quake_rl")
L 04/28/2026 - 05:46:00: "SoldierBoy<85><[U:1:900000011]><Blue>" triggered "damage" against "QuickScout<84><[U:1:900000012]><Red>" (damage "47") (weapon "quake_rl")
L 04/28/2026 - 05:46:01: "QuickScout<84><[U:1:900000012]><Red>" triggered "shot_fired" (weapon "quake_rl")
L 04/28/2026 - 05:46:01: "QuickScout<84><[U:1:900000012]><Red>" triggered "shot_hit" (weapon "quake_rl")
L 04/28/2026 - 05:46:01: "QuickScout<84><[U:1:900000012]><Red>" triggered "damage" against "SoldierBoy<85><[U:1:900000011]><Blue>" (damage "48") (weapon "quake_rl")
L 04/28/2026 - 05:46:01: "SoldierBoy<85><[U:1:900000011]><Blue>" triggered "shot_fired" (weapon "quake_rl")
L 04/28/2026 - 05:46:02: "SoldierBoy<85><[U:1:900000011]><Blue>" triggered "shot_fired" (weapon "quake_rl")
L 04/28/2026 - 05:46:02: "SoldierBoy<85><[U:1:900000011]><Blue>" triggered "shot_hit" (weapon "quake_rl")
L 04/28/2026 - 05:46:02: "SoldierBoy<85><[U:1:900000011]><Blue>" triggered "damage" against "QuickScout<84><[U:1:900000012]><Red>" (damage "100") (weapon "quake_rl")
L 04/28/2026 - 05:46:03: "SoldierBoy<85><[U:1:900000011]><Blue>" triggered "shot_fired" (weapon "shotgun_soldier")
L 04/28/2026 - 05:46:03: "SoldierBoy<85><[U:1:900000011]><Blue>" triggered "shot_hit" (weapon "shotgun_soldier")
L 04/28/2026 - 05:46:03: "SoldierBoy<85><[U:1:900000011]><Blue>" triggered "damage" against "QuickScout<84><[U:1:900000012]><Red>" (damage "55") (weapon "shotgun_soldier")
L 04/28/2026 - 05:46:03: "QuickScout<84><[U:1:900000012]><Red>" triggered "shot_fired" (weapon "quake_rl")
L 04/28/2026 - 05:46:03: "QuickScout<84><[U:1:900000012]><Red>" triggered "shot_hit" (weapon "quake_rl")
L 04/28/2026 - 05:46:03: "QuickScout<84><[U:1:900000012]><Red>" triggered "damage" against "SoldierBoy<85><[U:1:900000011]><Blue>" (damage "102") (weapon "quake_rl")
L 04/28/2026 - 05:46:03: "QuickScout<84><[U:1:900000012]><Red>" triggered "shot_fired" (weapon "shotgun_soldier")
L 04/28/2026 - 05:46:03: "QuickScout<84><[U:1:900000012]><Red>" triggered "shot_hit" (weapon "shotgun_soldier")
L 04/28/2026 - 05:46:03: "QuickScout<84><[U:1:900000012]><Red>" triggered "damage" against "SoldierBoy<85><[U:1:900000011]><Blue>" (damage "31") (realdamage "25") (weapon "shotgun_soldier")
L 04/28/2026 - 05:46:03: "QuickScout<84><[U:1:900000012]><Red>" killed "SoldierBoy<85><[U:1:900000011]><Blue>" with "shotgun_soldier" (attacker_position "-9050 11847 10999") (victim_position "-8611 11936 10820")
L 04/28/2026 - 05:46:03: "SoldierBoy<85><[U:1:900000011]><Blue>" spawned as "soldier"
L 04/28/2026 - 05:46:06: "SoldierBoy<85><[U:1:900000011]><Blue>" triggered "shot_fired" (weapon "quake_rl")
L 04/28/2026 - 05:46:06: "QuickScout<84><[U:1:900000012]><Red>" triggered "shot_fired" (weapon "quake_rl")
L 04/28/2026 - 05:46:06: "SoldierBoy<85><[U:1:900000011]><Blue>" triggered "shot_fired" (weapon "quake_rl")
L 04/28/2026 - 05:46:06: "SoldierBoy<85><[U:1:900000011]><Blue>" triggered "shot_hit" (weapon "quake_rl")
L 04/28/2026 - 05:46:06: "SoldierBoy<85><[U:1:900000011]><Blue>" triggered "damage" against "QuickScout<84><[U:1:900000012]><Red>" (damage "86") (weapon "quake_rl")
L 04/28/2026 - 05:46:07: "QuickScout<84><[U:1:900000012]><Red>" triggered "shot_fired" (weapon "quake_rl")
L 04/28/2026 - 05:46:07: "QuickScout<84><[U:1:900000012]><Red>" triggered "shot_hit" (weapon "quake_rl")
L 04/28/2026 - 05:46:07: "QuickScout<84><[U:1:900000012]><Red>" triggered "damage" against "SoldierBoy<85><[U:1:900000011]><Blue>" (damage "64") (weapon "quake_rl")
L 04/28/2026 - 05:46:07: "SoldierBoy<85><[U:1:900000011]><Blue>" triggered "shot_fired" (weapon "quake_rl")
L 04/28/2026 - 05:46:07: "QuickScout<84><[U:1:900000012]><Red>" triggered "shot_fired" (weapon "quake_rl")
L 04/28/2026 - 05:46:07: "QuickScout<84><[U:1:900000012]><Red>" triggered "shot_hit" (weapon "quake_rl")
L 04/28/2026 - 05:46:07: "QuickScout<84><[U:1:900000012]><Red>" triggered "damage" against "SoldierBoy<85><[U:1:900000011]><Blue>" (damage "65") (weapon "quake_rl")
L 04/28/2026 - 05:46:08: "SoldierBoy<85><[U:1:900000011]><Blue>" triggered "shot_fired" (weapon "shotgun_soldier")
L 04/28/2026 - 05:46:08: "SoldierBoy<85><[U:1:900000011]><Blue>" triggered "shot_hit" (weapon "shotgun_soldier")
L 04/28/2026 - 05:46:08: "SoldierBoy<85><[U:1:900000011]><Blue>" triggered "damage" against "QuickScout<84><[U:1:900000012]><Red>" (damage "33") (weapon "shotgun_soldier")
L 04/28/2026 - 05:46:08: "QuickScout<84><[U:1:900000012]><Red>" triggered "shot_fired" (weapon "shotgun_soldier")
L 04/28/2026 - 05:46:08: "SoldierBoy<85><[U:1:900000011]><Blue>" triggered "shot_fired" (weapon "shotgun_soldier")
L 04/28/2026 - 05:46:08: "SoldierBoy<85><[U:1:900000011]><Blue>" triggered "shot_hit" (weapon "shotgun_soldier")
L 04/28/2026 - 05:46:08: "SoldierBoy<85><[U:1:900000011]><Blue>" triggered "damage" against "QuickScout<84><[U:1:900000012]><Red>" (damage "44") (weapon "shotgun_soldier")
L 04/28/2026 - 05:46:09: "QuickScout<84><[U:1:900000012]><Red>" triggered "shot_fired" (weapon "shotgun_soldier")
L 04/28/2026 - 05:46:09: "QuickScout<84><[U:1:900000012]><Red>" triggered "shot_hit" (weapon "shotgun_soldier")
L 04/28/2026 - 05:46:09: "QuickScout<84><[U:1:900000012]><Red>" triggered "damage" against "SoldierBoy<85><[U:1:900000011]><Blue>" (damage "51") (weapon "shotgun_soldier")
L 04/28/2026 - 05:46:09: "SoldierBoy<85><[U:1:900000011]><Blue>" triggered "shot_fired" (weapon "shotgun_soldier")
L 04/28/2026 - 05:46:09: "SoldierBoy<85><[U:1:900000011]><Blue>" triggered "shot_hit" (weapon "shotgun_soldier")
L 04/28/2026 - 05:46:09: "SoldierBoy<85><[U:1:900000011]><Blue>" triggered "damage" against "QuickScout<84><[U:1:900000012]><Red>" (damage "20") (realdamage "13") (weapon "shotgun_soldier")
L 04/28/2026 - 05:46:09: "SoldierBoy<85><[U:1:900000011]><Blue>" killed "QuickScout<84><[U:1:900000012]><Red>" with "shotgun_soldier" (attacker_position "-8048 11618 10370") (victim_position "-8411 11742 10589")
L 04/28/2026 - 05:46:09: "QuickScout<84><[U:1:900000012]><Red>" spawned as "soldier"
L 04/28/2026 - 05:46:10: "QuickScout<84><[U:1:900000012]><Red>" triggered "shot_fired" (weapon "quake_rl")
L 04/28/2026 - 05:46:13: "SoldierBoy<85><[U:1:900000011]><Blue>" triggered "shot_fired" (weapon "quake_rl")
L 04/28/2026 - 05:46:13: "QuickScout<84><[U:1:900000012]><Red>" triggered "shot_fired" (weapon "quake_rl")
L 04/28/2026 - 05:46:14: "QuickScout<84><[U:1:900000012]><Red>" triggered "shot_fired" (weapon "quake_rl")
L 04/28/2026 - 05:46:14: "QuickScout<84><[U:1:900000012]><Red>" triggered "shot_hit" (weapon "quake_rl")
L 04/28/2026 - 05:46:14: "QuickScout<84><[U:1:900000012]><Red>" triggered "damage" against "SoldierBoy<85><[U:1:900000011]><Blue>" (damage "53") (weapon "quake_rl")
L 04/28/2026 - 05:46:14: "SoldierBoy<85><[U:1:900000011]><Blue>" triggered "shot_fired" (weapon "quake_rl")
L 04/28/2026 - 05:46:15: "QuickScout<84><[U:1:900000012]><Red>" triggered "shot_fired" (weapon "quake_rl")
L 04/28/2026 - 05:46:15: "SoldierBoy<85><[U:1:900000011]><Blue>" triggered "shot_fired" (weapon "quake_rl")
L 04/28/2026 - 05:46:15: "SoldierBoy<85><[U:1:900000011]><Blue>" triggered "shot_hit" (weapon "quake_rl")
L 04/28/2026 - 05:46:15: "SoldierBoy<85><[U:1:900000011]><Blue>" triggered "damage" against "QuickScout<84><[U:1:900000012]><Red>" (damage "72") (weapon "quake_rl")
L 04/28/2026 - 05:46:15: "QuickScout<84><[U:1:900000012]><Red>" triggered "shot_fired" (weapon "shotgun_soldier")
L 04/28/2026 - 05:46:15: "QuickScout<84><[U:1:900000012]><Red>" triggered "shot_hit" (weapon "shotgun_soldier")
L 04/28/2026 - 05:46:15: "QuickScout<84><[U:1:900000012]><Red>" triggered "damage" against "SoldierBoy<85><[U:1:900000011]><Blue>" (damage "34") (weapon "shotgun_soldier")
L 04/28/2026 - 05:46:16: "QuickScout<84><[U:1:900000012]><Red>" triggered "shot_fired" (weapon "shotgun_soldier")
L 04/28/2026 - 05:46:16: "QuickScout<84><[U:1:900000012]><Red>" triggered "shot_hit" (weapon "shotgun_soldier")
L 04/28/2026 - 05:46:16: "QuickScout<84><[U:1:900000012]><Red>" triggered "damage" against "SoldierBoy<85><[U:1:900000011]><Blue>" (damage "16") (weapon "shotgun_soldier")
L 04/28/2026 - 05:46:17: "SoldierBoy<85><[U:1:900000011]><Blue>" picked up item "tf_ammo_pack"
L 04/28/2026 - 05:46:17: "QuickScout<84><[U:1:900000012]><Red>" triggered "shot_fired" (weapon "shotgun_soldier")
L 04/28/2026 - 05:46:17: "SoldierBoy<85><[U:1:900000011]><Blue>" triggered "shot_fired" (weapon "quake_rl")
L 04/28/2026 - 05:46:17: "SoldierBoy<85><[U:1:900000011]><Blue>" triggered "shot_hit" (weapon "quake_rl")
L 04/28/2026 - 05:46:17: "SoldierBoy<85><[U:1:900000011]><Blue>" triggered "damage" against "QuickScout<84><[U:1:900000012]><Red>" (damage "60") (weapon "quake_rl")
L 04/28/2026 - 05:46:18: "QuickScout<84><[U:1:900000012]><Red>" triggered "shot_fired" (weapon "shotgun_soldier")
L 04/28/2026 - 05:46:18: "QuickScout<84><[U:1:900000012]><Red>" triggered "shot_hit" (weapon "shotgun_soldier")
L 04/28/2026 - 05:46:18: "QuickScout<84><[U:1:900000012]><Red>" triggered "damage" against "SoldierBoy<85><[U:1:900000011]><Blue>" (damage "84") (weapon "shotgun_soldier")
L 04/28/2026 - 05:46:18: "SoldierBoy<85><[U:1:900000011]><Blue>" triggered "shot_hit" (weapon "quake_rl")
L 04/28/2026 - 05:46:18: "SoldierBoy<85><[U:1:900000011]><Blue>" triggered "damage" against "QuickScout<84><[U:1:900000012]><Red>" (damage "108") (realdamage "66") (weapon "quake_rl")
L 04/28/2026 - 05:46:18: World triggered "mge_elo_delta" (player "[U:1:900000011]") (old_elo "2722") (new_elo "2722")
L 04/28/2026 - 05:46:18: World triggered "mge_elo_delta" (player "[U:1:900000012]") (old_elo "2131") (new_elo "2131")
L 04/28/2026 - 05:46:18: "QuickScout<84><[U:1:900000012]><Red>" joined team "Spectator"
L 04/28/2026 - 05:46:18: "SoldierBoy<85><[U:1:900000011]><Blue>" killed "QuickScout<84><[U:1:900000012]><Spectator>" with "quake_rl" (attacker_position "-8416 11580 10592") (victim_position "-8478 11743 10763")
L 04/28/2026 - 05:46:18: World triggered "mge_match_end" (winner "[U:1:900000011]") (winner_score "20") (loser_score "14")
