L 04/28/2026 - 06:19:19: World triggered "meta_data" (matchid "260428061919929a") (map "mge_triumph_beta7_rc1") (arena "Badlands Spire 1 [1v1 MGE]") (gamemode "mge") (fraglimit "0")
L 04/28/2026 - 06:19:19: "AirshotKing<86><[U:1:900000013]><Red>" changed role to "soldier"
L 04/28/2026 - 06:19:19: "SoldierBoy<85><[U:1:900000011]><Blue>" changed role to "soldier"
L 04/28/2026 - 06:19:23: "SoldierBoy<85><[U:1:900000011]><Blue>" triggered "shot_fired" (weapon "quake_rl")
L 04/28/2026 - 06:19:23: "AirshotKing<86><[U:1:900000013]><Red>" triggered "shot_fired" (weapon "quake_rl")
L 04/28/2026 - 06:19:23: "SoldierBoy<85><[U:1:900000011]><Blue>" triggered "shot_hit" (weapon "quake_rl")
L 04/28/2026 - 06:19:23: "SoldierBoy<85><[U:1:900000011]><Blue>" triggered "damage" against "AirshotKing<86><[U:1:900000013]><Red>" (damage "46") (weapon "quake_rl")
L 04/28/2026 - 06:19:24: "AirshotKing<86><[U:1:900000013]><Red>" triggered "shot_fired" (weapon "quake_rl")
L 04/28/2026 - 06:19:24: "SoldierBoy<85><[U:1:900000011]><Blue>" triggered "shot_fired" (weapon "quake_rl")
L 04/28/2026 - 06:19:24: "SoldierBoy<85><[U:1:900000011]><Blue>" triggered "shot_hit" (weapon "quake_rl")
L 04/28/2026 - 06:19:24: "SoldierBoy<85><[U:1:900000011]><Blue>" triggered "damage" against "AirshotKing<86><[U:1:900000013]><Red>" (damage "73") (weapon "quake_rl")
L 04/28/2026 - 06:19:25: "AirshotKing<86><[U:1:900000013]><Red>" triggered "shot_fired" (weapon "quake_rl")
L 04/28/2026 - 06:19:25: "AirshotKing<86><[U:1:900000013]><Red>" triggered "shot_hit" (weapon "quake_rl")
L 04/28/2026 - 06:19:25: "AirshotKing<86><[U:1:900000013]><Red>" triggered "damage" against "SoldierBoy<85><[U:1:900000011]><Blue>" (damage "50") (weapon "quake_rl")
L 04/28/2026 - 06:19:25: "SoldierBoy<85><[U:1:900000011]><Blue>" triggered "shot_fired" (weapon "quake_rl")
L 04/28/2026 - 06:19:25: "SoldierBoy<85><[U:1:900000011]><Blue>" triggered "shot_fired" (weapon "shotgun_soldier")
L 04/28/2026 - 06:19:25: "SoldierBoy<85><[U:1:900000011]><Blue>" triggered "shot_hit" (weapon "shotgun_soldier")
L 04/28/2026 - 06:19:25: "SoldierBoy<85><[U:1:900000011]><Blue>" triggered "damage" against "AirshotKing<86><[U:1:900000013]><Red>" (damage "84") (weapon "shotgun_soldier")
L 04/28/2026 - 06:19:26: "SoldierBoy<85><[U:1:900000011]><Blue>" triggered "shot_fired" (weapon "shotgun_soldier")
L 04/28/2026 - 06:19:26: "SoldierBoy<85><[U:1:900000011]><Blue>" triggered "shot_hit" (weapon "shotgun_soldier")
L 04/28/2026 - 06:19:26: "SoldierBoy<85><[U:1:900000011]><Blue>" triggered "damage" against "AirshotKing<86><[U:1:900000013]><Red>" (damage "87") (realdamage "2") (weapon "shotgun_soldier")
L 04/28/2026 - 06:19:26: "SoldierBoy<85><[U:1:900000011]><Blue>" killed "AirshotKing<86><[U:1:900000013]><Red>" with "shotgun_soldier" (attacker_position "-8784 11801 10740") (victim_position "-8709 11693 10788")
L 04/28/2026 - 06:19:26: "AirshotKing<86><[U:1:900000013]><Red>" spawned as "soldier"
L 04/28/2026 - 06:19:28: "SoldierBoy<85><[U:1:900000011]><Blue>" triggered "shot_fired" (weapon "quake_rl")
L 04/28/2026 - 06:19:28: "AirshotKing<86><[U:1:900000013]><Red>" triggered "shot_fired" (weapon "quake_rl")
L 04/28/2026 - 06:19:28: "AirshotKing<86><[U:1:900000013]><Red>" triggered "shot_hit" (weapon "quake_rl")
L 04/28/2026 - 06:19:28: "AirshotKing<86><[U:1:900000013]><Red>" triggered "damage" against "SoldierBoy<85><[U:1:900000011]><Blue>" (damage "63") (weapon "quake_rl")
L 04/28/2026 - 06:19:29: "SoldierBoy<85><[U:1:900000011]><Blue>" triggered "shot_fired" (weapon "quake_rl")
L 04/28/2026 - 06:19:29: "AirshotKing<86><[U:1:900000013]><Red>" triggered "shot_fired" (weapon "quake_rl")
L 04/28/2026 - 06:19:29: "AirshotKing<86><[U:1:900000013]><Red>" triggered "shot_hit" (weapon "quake_rl")
L 04/28/2026 - 06:19:29: "AirshotKing<86><[U:1:900000013]><Red>" triggered "damage" against "SoldierBoy<85><[U:1:900000011]><Blue>" (damage "73") (weapon "quake_rl")
L 04/28/2026 - 06:19:29: "SoldierBoy<85><[U:1:900000011]><Blue>" triggered "shot_hit" (weapon "quake_rl")
L 04/28/2026 - 06:19:29: "SoldierBoy<85><[U:1:900000011]><Blue>" triggered "damage" against "AirshotKing<86><[U:1:900000013]><Red>" (damage "79") (weapon "quake_rl")
L 04/28/2026 - 06:19:30: "AirshotKing<86><[U:1:900000013]><Red>" triggered "shot_fired" (weapon "quake_rl")
L 04/28/2026 - 06:19:30: "SoldierBoy<85><[U:1:900000011]><Blue>" triggered "shot_fired" (weapon "quake_rl")
L 04/28/2026 - 06:19:31: "AirshotKing<86><[U:1:900000013]><Red>" triggered "shot_fired" (weapon "shotgun_soldier")
L 04/28/2026 - 06:19:31: "AirshotKing<86><[U:1:900000013]><Red>" triggered "shot_hit" (weapon "shotgun_soldier")
L 04/28/2026 - 06:19:31: "AirshotKing<86><[U:1:900000013]><Red>" triggered "damage" against "SoldierBoy<85><[U:1:900000011]><Blue>" (damage "86") (weapon "shotgun_soldier")
L 04/28/2026 - 06:19:31: "SoldierBoy<85><[U:1:900000011]><Blue>" triggered "shot_hit" (weapon "quake_rl")
L 04/28/2026 - 06:19:31: "SoldierBoy<85><[U:1:900000011]><Blue>" triggered "damage" against "AirshotKing<86><[U:1:900000013]><Red>" (damage "82") (weapon "quake_rl")
L 04/28/2026 - 06:19:31: "SoldierBoy<85><[U:1:900000011]><Blue>" triggered "shot_fired" (weapon "quake_rl")
L 04/28/2026 - 06:19:31: "AirshotKing<86><[U:1:900000013]><Red>" triggered "shot_fired" (weapon "shotgun_soldier")
L 04/28/2026 - 06:19:32: "SoldierBoy<85><[U:1:900000011]><Blue>" triggered "shot_fired" (weapon "shotgun_soldier")
L 04/28/2026 - 06:19:32: "SoldierBoy<85><[U:1:900000011]><Blue>" triggered "shot_hit" (weapon "shotgun_soldier")
L 04/28/2026 - 06:19:32: "SoldierBoy<85><[U:1:900000011]><Blue>" triggered "damage" against "AirshotKing<86><[U:1:900000013]><Red>" (damage "23") (weapon "shotgun_soldier")
L 04/28/2026 - 06:19:32: "AirshotKing<86><[U:1:900000013]><Red>" triggered "shot_fired" (weapon "shotgun_soldier")
L 04/28/2026 - 06:19:32: "AirshotKing<86><[U:1:900000013]><Red>" triggered "shot_hit" (weapon "shotgun_soldier")
L 04/28/2026 - 06:19:32: "AirshotKing<86><[U:1:900000013]><Red>" triggered "damage" against "SoldierBoy<85><[U:1:900000011]><Blue>" (damage "6") (weapon "shotgun_soldier")
L 04/28/2026 - 06:19:32: "AirshotKing<86><[U:1:900000013]><Red>" triggered "damage" against "SoldierBoy<85><[U:1:900000011]><Blue>" (damage "11") (weapon "shotgun_soldier")
L 04/28/2026 - 06:19:32: "AirshotKing<86><[U:1:900000013]><Red>" triggered "damage" against "SoldierBoy<85><[U:1:900000011]><Blue>" (damage "11") (weapon "shotgun_soldier")
L 04/28/2026 - 06:19:32: "SoldierBoy<85><[U:1:900000011]><Blue>" triggered "shot_fired" (weapon "shotgun_soldier")
L 04/28/2026 - 06:19:32: "SoldierBoy<85><[U:1:900000011]><Blue>" triggered "shot_hit" (weapon "shotgun_soldier")
L 04/28/2026 - 06:19:32: "SoldierBoy<85><[U:1:900000011]><Blue>" triggered "damage" against "AirshotKing<86><[U:1:900000013]><Red>" (damage "12") (weapon "shotgun_soldier")
L 04/28/2026 - 06:19:33: "AirshotKing<86><[U:1:900000013]><Red>" triggered "shot_fired" (weapon "shotgun_soldier")
L 04/28/2026 - 06:19:33: "AirshotKing<86><[U:1:900000013]><Red>" triggered "shot_hit" (weapon "shotgun_soldier")
L 04/28/2026 - 06:19:33: "AirshotKing<86><[U:1:900000013]><Red>" triggered "damage" against "SoldierBoy<85><[U:1:900000011]><Blue>" (damage "6") (weapon "shotgun_soldier")
L 04/28/2026 - 06:19:33: "AirshotKing<86><[U:1:900000013]><Red>" triggered "damage" against "SoldierBoy<85><[U:1:900000011]><Blue>" (damage "6") (weapon "shotgun_soldier")
L 04/28/2026 - 06:19:33: "AirshotKing<86><[U:1:900000013]><Red>" triggered "damage" against "SoldierBoy<85><[U:1:900000011]><Blue>" (damage "6") (weapon "shotgun_soldier")
L 04/28/2026 - 06:19:33: "AirshotKing<86><[U:1:900000013]><Red>" triggered "damage" against "SoldierBoy<85><[U:1:900000011]><Blue>" (damage "12") (weapon "shotgun_soldier")
L 04/28/2026 - 06:19:33: "SoldierBoy<85><[U:1:900000011]><Blue>" triggered "shot_fired" (weapon "shotgun_soldier")
L 04/28/2026 - 06:19:33: "SoldierBoy<85><[U:1:900000011]><Blue>" triggered "shot_hit" (weapon "shotgun_soldier")
L 04/28/2026 - 06:19:33: "SoldierBoy<85><[U:1:900000011]><Blue>" triggered "damage" against "AirshotKing<86><[U:1:900000013]><Red>" (damage "57") (realdamage "20") (weapon "shotgun_soldier")
L 04/28/2026 - 06:19:33: "SoldierBoy<85><[U:1:900000011]><Blue>" killed "AirshotKing<86><[U:1:900000013]><Red>" with "shotgun_soldier" (attacker_position "-8696 11715 10747") (victim_position "-8759 11469 11049")
L 04/28/2026 - 06:19:33: "SoldierBoy<85><[U:1:900000011]><Blue>" triggered "domination" against "AirshotKing<86><[U:1:900000013]><Red>"
L 04/28/2026 - 06:19:33: "AirshotKing<86><[U:1:900000013]><Red>" spawned as "soldier"
L 04/28/2026 - 06:19:35: "SoldierBoy<85><[U:1:900000011]><Blue>" triggered "shot_hit" (weapon "quake_rl")
L 04/28/2026 - 06:19:35: "SoldierBoy<85><[U:1:900000011]><Blue>" triggered "damage" against "AirshotKing<86><[U:1:900000013]><Red>" (damage "111") (weapon "quake_rl")
L 04/28/2026 - 06:19:35: "AirshotKing<86><[U:1:900000013]><Red>" triggered "shot_fired" (weapon "quake_rl")
L 04/28/2026 - 06:19:35: "AirshotKing<86><[U:1:900000013]><Red>" triggered "shot_hit" (weapon "quake_rl")
L 04/28/2026 - 06:19:35: "AirshotKing<86><[U:1:900000013]><Red>" triggered "damage" against "SoldierBoy<85><[U:1:900000011]><Blue>" (damage "55") (weapon "quake_rl")
L 04/28/2026 - 06:19:35: "SoldierBoy<85><[U:1:900000011]><Blue>" triggered "shot_fired" (weapon "quake_rl")
L 04/28/2026 - 06:19:36: "AirshotKing<86><[U:1:900000013]><Red>" triggered "shot_fired" (weapon "quake_rl")
L 04/28/2026 - 06:19:36: "SoldierBoy<85><[U:1:900000011]><Blue>" triggered "shot_fired" (weapon "quake_rl")
L 04/28/2026 - 06:19:36: "AirshotKing<86><[U:1:900000013]><Red>" triggered "shot_hit" (weapon "quake_rl")
L 04/28/2026 - 06:19:36: "AirshotKing<86><[U:1:900000013]><Red>" triggered "damage" against "SoldierBoy<85><[U:1:900000011]><Blue>" (damage "63") (weapon "quake_rl")
L 04/28/2026 - 06:19:36: "SoldierBoy<85><[U:1:900000011]><Blue>" triggered "shot_hit" (weapon "quake_rl")
L 04/28/2026 - 06:19:36: "SoldierBoy<85><[U:1:900000011]><Blue>" triggered "damage" against "AirshotKing<86><[U:1:900000013]><Red>" (damage "95") (weapon "quake_rl") (airshot "1") (height "516")
L 04/28/2026 - 06:19:37: "SoldierBoy<85><[U:1:900000011]><Blue>" triggered "shot_fired" (weapon "quake_rl")
L 04/28/2026 - 06:19:37: "AirshotKing<86><[U:1:900000013]><Red>" triggered "shot_fired" (weapon "quake_rl")
L 04/28/2026 - 06:19:38: "AirshotKing<86><[U:1:900000013]><Red>" triggered "shot_hit" (weapon "quake_rl")
L 04/28/2026 - 06:19:38: "AirshotKing<86><[U:1:900000013]><Red>" triggered "damage" against "SoldierBoy<85><[U:1:900000011]><Blue>" (damage "41") (weapon "quake_rl")
L 04/28/2026 - 06:19:38: "AirshotKing<86><[U:1:900000013]><Red>" triggered "shot_fired" (weapon "shotgun_soldier")
L 04/28/2026 - 06:19:38: "SoldierBoy<85><[U:1:900000011]><Blue>" triggered "shot_fired" (weapon "shotgun_soldier")
L 04/28/2026 - 06:19:38: "SoldierBoy<85><[U:1:900000011]><Blue>" triggered "shot_hit" (weapon "shotgun_soldier")
L 04/28/2026 - 06:19:38: "SoldierBoy<85><[U:1:900000011]><Blue>" triggered "damage" against "AirshotKing<86><[U:1:900000013]><Red>" (damage "56") (realdamage "38") (weapon "shotgun_soldier")
L 04/28/2026 - 06:19:38: "SoldierBoy<85><[U:1:900000011]><Blue>" killed "AirshotKing<86><[U:1:900000013]><Red>" with "shotgun_soldier" (attacker_position "-8568 11722 10736") (victim_position "-8278 11485 10866")
L 04/28/2026 - 06:19:38: "AirshotKing<86><[U:1:900000013]><Red>" spawned as "soldier"
L 04/28/2026 - 06:19:40: "SoldierBoy<85><[U:1:900000011]><Blue>" triggered "shot_fired" (weapon "quake_rl")
L 04/28/2026 - 06:19:40: "AirshotKing<86><[U:1:900000013]><Red>" triggered "shot_fired" (weapon "quake_rl")
L 04/28/2026 - 06:19:40: "AirshotKing<86><[U:1:900000013]><Red>" triggered "shot_hit" (weapon "quake_rl")
L 04/28/2026 - 06:19:40: "AirshotKing<86><[U:1:900000013]><Red>" triggered "damage" against "SoldierBoy<85><[U:1:900000011]><Blue>" (damage "70") (weapon "quake_rl")
L 04/28/2026 - 06:19:41: "AirshotKing<86><[U:1:900000013]><Red>" triggered "shot_fired" (weapon "quake_rl")
L 04/28/2026 - 06:19:41: "AirshotKing<86><[U:1:900000013]><Red>" triggered "shot_hit" (weapon "quake_rl")
L 04/28/2026 - 06:19:41: "AirshotKing<86><[U:1:900000013]><Red>" triggered "damage" against "SoldierBoy<85><[U:1:900000011]><Blue>" (damage "73") (weapon "quake_rl")
L 04/28/2026 - 06:19:41: "SoldierBoy<85><[U:1:900000011]><Blue>" triggered "shot_hit" (weapon "quake_rl")
L 04/28/2026 - 06:19:41: "SoldierBoy<85><[U:1:900000011]><Blue>" triggered "damage" against "AirshotKing<86><[U:1:900000013]><Red>" (damage "73") (weapon "quake_rl")
L 04/28/2026 - 06:19:41: "SoldierBoy<85><[U:1:900000011]><Blue>" triggered "shot_fired" (weapon "quake_rl")
L 04/28/2026 - 06:19:42: "AirshotKing<86><[U:1:900000013]><Red>" triggered "shot_hit" (weapon "quake_rl")
L 04/28/2026 - 06:19:42: "AirshotKing<86><[U:1:900000013]><Red>" triggered "damage" against "SoldierBoy<85><[U:1:900000011]><Blue>" (damage "67") (weapon "quake_rl")
L 04/28/2026 - 06:19:42: "SoldierBoy<85><[U:1:900000011]><Blue>" triggered "shot_hit" (weapon "quake_rl")
L 04/28/2026 - 06:19:42: "SoldierBoy<85><[U:1:900000011]><Blue>" triggered "damage" against "AirshotKing<86><[U:1:900000013]><Red>" (damage "64") (weapon "quake_rl")
L 04/28/2026 - 06:19:42: "AirshotKing<86><[U:1:900000013]><Red>" triggered "shot_fired" (weapon "quake_rl")
L 04/28/2026 - 06:19:42: "SoldierBoy<85><[U:1:900000011]><Blue>" triggered "shot_fired" (weapon "quake_rl")
L 04/28/2026 - 06:19:43: "AirshotKing<86><[U:1:900000013]><Red>" triggered "shot_fired" (weapon "shotgun_soldier")
L 04/28/2026 - 06:19:43: "SoldierBoy<85><[U:1:900000011]><Blue>" triggered "shot_fired" (weapon "shotgun_soldier")
L 04/28/2026 - 06:19:43: "AirshotKing<86><[U:1:900000013]><Red>" triggered "shot_fired" (weapon "shotgun_soldier")
L 04/28/2026 - 06:19:45: "SoldierBoy<85><[U:1:900000011]><Blue>" killed "AirshotKing<86><[U:1:900000013]><Red>" with "world" (attacker_position "-8606 11670 10809") (victim_position "-8732 10704 10505")
L 04/28/2026 - 06:19:45: "AirshotKing<86><[U:1:900000013]><Red>" spawned as "soldier"
L 04/28/2026 - 06:19:48: "AirshotKing<86><[U:1:900000013]><Red>" triggered "shot_fired" (weapon "quake_rl")
L 04/28/2026 - 06:19:48: "AirshotKing<86><[U:1:900000013]><Red>" triggered "shot_hit" (weapon "quake_rl")
L 04/28/2026 - 06:19:48: "AirshotKing<86><[U:1:900000013]><Red>" triggered "damage" against "SoldierBoy<85><[U:1:900000011]><Blue>" (damage "68") (weapon "quake_rl")
L 04/28/2026 - 06:19:48: "SoldierBoy<85><[U:1:900000011]><Blue>" triggered "shot_fired" (weapon "quake_rl")
L 04/28/2026 - 06:19:49: "AirshotKing<86><[U:1:900000013]><Red>" triggered "shot_fired" (weapon "quake_rl")
L 04/28/2026 - 06:19:49: "AirshotKing<86><[U:1:900000013]><Red>" triggered "shot_hit" (weapon "quake_rl")
L 04/28/2026 - 06:19:49: "AirshotKing<86><[U:1:900000013]><Red>" triggered "damage" against "SoldierBoy<85><[U:1:900000011]><Blue>" (damage "76") (weapon "quake_rl")
L 04/28/2026 - 06:19:49: "SoldierBoy<85><[U:1:900000011]><Blue>" triggered "shot_fired" (weapon "quake_rl")
L 04/28/2026 - 06:19:50: "AirshotKing<86><[U:1:900000013]><Red>" triggered "shot_fired" (weapon "quake_rl")
L 04/28/2026 - 06:19:50: "SoldierBoy<85><[U:1:900000011]><Blue>" triggered "shot_hit" (weapon "quake_rl")
L 04/28/2026 - 06:19:50: "SoldierBoy<85><[U:1:900000011]><Blue>" triggered "damage" against "AirshotKing<86><[U:1:900000013]><Red>" (damage "110") (weapon "quake_rl")
L 04/28/2026 - 06:19:50: "SoldierBoy<85><[U:1:900000011]><Blue>" triggered "shot_fired" (weapon "quake_rl")
L 04/28/2026 - 06:19:50: "AirshotKing<86><[U:1:900000013]><Red>" triggered "shot_fired" (weapon "shotgun_soldier")
L 04/28/2026 - 06:19:50: "AirshotKing<86><[U:1:900000013]><Red>" triggered "shot_hit" (weapon "shotgun_soldier")
L 04/28/2026 - 06:19:50: "AirshotKing<86><[U:1:900000013]><Red>" triggered "damage" against "SoldierBoy<85><[U:1:900000011]><Blue>" (damage "35") (weapon "shotgun_soldier")
L 04/28/2026 - 06:19:51: "AirshotKing<86><[U:1:900000013]><Red>" triggered "shot_fired" (weapon "shotgun_soldier")
L 04/28/2026 - 06:19:51: "AirshotKing<86><[U:1:900000013]><Red>" triggered "shot_hit" (weapon "shotgun_soldier")
L 04/28/2026 - 06:19:51: "AirshotKing<86><[U:1:900000013]><Red>" triggered "damage" against "SoldierBoy<85><[U:1:900000011]><Blue>" (damage "18") (weapon "shotgun_soldier")
L 04/28/2026 - 06:19:51: "SoldierBoy<85><[U:1:900000011]><Blue>" triggered "shot_fired" (weapon "quake_rl")
L 04/28/2026 - 06:19:52: "AirshotKing<86><[U:1:900000013]><Red>" triggered "shot_fired" (weapon "shotgun_soldier")
L 04/28/2026 - 06:19:52: "AirshotKing<86><[U:1:900000013]><Red>" triggered "shot_hit" (weapon "shotgun_soldier")
L 04/28/2026 - 06:19:52: "AirshotKing<86><[U:1:900000013]><Red>" triggered "damage" against "SoldierBoy<85><[U:1:900000011]><Blue>" (damage "30") (realdamage "24") (weapon "shotgun_soldier")
L 04/28/2026 - 06:19:52: "AirshotKing<86><[U:1:900000013]><Red>" killed "SoldierBoy<85><[U:1:900000011]><Blue>" with "shotgun_soldier" (attacker_position "-8278 11394 11079") (victim_position "-8559 11610 10687")
L 04/28/2026 - 06:19:52: "AirshotKing<86><[U:1:900000013]><Red>" triggered "revenge" against "SoldierBoy<85><[U:1:900000011]><Blue>"
L 04/28/2026 - 06:19:52: "SoldierBoy<85><[U:1:900000011]><Blue>" spawned as "soldier"
L 04/28/2026 - 06:19:54: "AirshotKing<86><[U:1:900000013]><Red>" triggered "shot_fired" (weapon "quake_rl")
L 04/28/2026 - 06:19:54: "SoldierBoy<85><[U:1:900000011]><Blue>" triggered "shot_fired" (weapon "quake_rl")
L 04/28/2026 - 06:19:54: "SoldierBoy<85><[U:1:900000011]><Blue>" triggered "shot_hit" (weapon "quake_rl")
L 04/28/2026 - 06:19:54: "SoldierBoy<85><[U:1:900000011]><Blue>" triggered "damage" against "AirshotKing<86><[U:1:900000013]><Red>" (damage "75") (weapon "quake_rl")
L 04/28/2026 - 06:19:55: "AirshotKing<86><[U:1:900000013]><Red>" triggered "shot_fired" (weapon "quake_rl")
L 04/28/2026 - 06:19:55: "SoldierBoy<85><[U:1:900000011]><Blue>" triggered "shot_fired" (weapon "quake_rl")
L 04/28/2026 - 06:19:55: "SoldierBoy<85><[U:1:900000011]><Blue>" triggered "shot_hit" (weapon "quake_rl")
L 04/28/2026 - 06:19:55: "SoldierBoy<85><[U:1:900000011]><Blue>" triggered "damage" against "AirshotKing<86><[U:1:900000013]><Red>" (damage "65") (weapon "quake_rl")
L 04/28/2026 - 06:19:55: "AirshotKing<86><[U:1:900000013]><Red>" triggered "shot_hit" (weapon "quake_rl")
L 04/28/2026 - 06:19:55: "AirshotKing<86><[U:1:900000013]><Red>" triggered "damage" against "SoldierBoy<85><[U:1:900000011]><Blue>" (damage "81") (weapon "quake_rl")
L 04/28/2026 - 06:19:56: "AirshotKing<86><[U:1:900000013]><Red>" triggered "shot_fired" (weapon "quake_rl")
L 04/28/2026 - 06:19:56: "AirshotKing<86><[U:1:900000013]><Red>" triggered "shot_fired" (weapon "shotgun_soldier")
L 04/28/2026 - 06:19:58: "SoldierBoy<85><[U:1:900000011]><Blue>" triggered "shot_fired" (weapon "shotgun_soldier")
L 04/28/2026 - 06:19:58: "SoldierBoy<85><[U:1:900000011]><Blue>" triggered "shot_hit" (weapon "shotgun_soldier")
L 04/28/2026 - 06:19:58: "SoldierBoy<85><[U:1:900000011]><Blue>" triggered "damage" against "AirshotKing<86><[U:1:900000013]><Red>" (damage "33") (weapon "shotgun_soldier")
L 04/28/2026 - 06:19:58: "AirshotKing<86><[U:1:900000013]><Red>" triggered "shot_fired" (weapon "shotgun_soldier")
L 04/28/2026 - 06:19:58: "AirshotKing<86><[U:1:900000013]><Red>" triggered "shot_hit" (weapon "shotgun_soldier")
L 04/28/2026 - 06:19:58: "AirshotKing<86><[U:1:900000013]><Red>" triggered "damage" against "SoldierBoy<85><[U:1:900000011]><Blue>" (damage "7") (weapon "shotgun_soldier")
L 04/28/2026 - 06:19:59: "SoldierBoy<85><[U:1:900000011]><Blue>" triggered "shot_fired" (weapon "shotgun_soldier")
L 04/28/2026 - 06:19:59: "SoldierBoy<85><[U:1:900000011]><Blue>" triggered "shot_hit" (weapon "shotgun_soldier")
L 04/28/2026 - 06:19:59: "SoldierBoy<85><[U:1:900000011]><Blue>" triggered "damage" against "AirshotKing<86><[U:1:900000013]><Red>" (damage "23") (weapon "shotgun_soldier")
L 04/28/2026 - 06:19:59: "AirshotKing<86><[U:1:900000013]><Red>" triggered "shot_fired" (weapon "shotgun_soldier")
L 04/28/2026 - 06:19:59: "AirshotKing<86><[U:1:900000013]><Red>" triggered "shot_hit" (weapon "shotgun_soldier")
L 04/28/2026 - 06:19:59: "AirshotKing<86><[U:1:900000013]><Red>" triggered "damage" against "SoldierBoy<85><[U:1:900000011]><Blue>" (damage "68") (weapon "shotgun_soldier")
L 04/28/2026 - 06:19:59: "SoldierBoy<85><[U:1:900000011]><Blue>" triggered "shot_fired" (weapon "shotgun_soldier")
L 04/28/2026 - 06:20:00: "AirshotKing<86><[U:1:900000013]><Red>" triggered "shot_fired" (weapon "shotgun_soldier")
L 04/28/2026 - 06:20:00: "AirshotKing<86><[U:1:900000013]><Red>" triggered "shot_hit" (weapon "shotgun_soldier")
L 04/28/2026 - 06:20:00: "AirshotKing<86><[U:1:900000013]><Red>" triggered "damage" against "SoldierBoy<85><[U:1:900000011]><Blue>" (damage "25") (realdamage "11") (weapon "shotgun_soldier")
L 04/28/2026 - 06:20:00: "AirshotKing<86><[U:1:900000013]><Red>" killed "SoldierBoy<85><[U:1:900000011]><Blue>" with "shotgun_soldier" (attacker_position "-8880 11810 10736") (victim_position "-8721 11638 10771")
L 04/28/2026 - 06:20:00: "SoldierBoy<85><[U:1:900000011]><Blue>" spawned as "soldier"
L 04/28/2026 - 06:20:02: "SoldierBoy<85><[U:1:900000011]><Blue>" triggered "shot_fired" (weapon "quake_rl")
L 04/28/2026 - 06:20:02: "AirshotKing<86><[U:1:900000013]><Red>" triggered "shot_fired" (weapon "quake_rl")
L 04/28/2026 - 06:20:03: "AirshotKing<86><[U:1:900000013]><Red>" triggered "shot_fired" (weapon "quake_rl")
L 04/28/2026 - 06:20:03: "SoldierBoy<85><[U:1:900000011]><Blue>" triggered "shot_fired" (weapon "quake_rl")
L 04/28/2026 - 06:20:03: "SoldierBoy<85><[U:1:900000011]><Blue>" triggered "shot_hit" (weapon "quake_rl")
L 04/28/2026 - 06:20:03: "SoldierBoy<85><[U:1:900000011]><Blue>" triggered "damage" against "AirshotKing<86><[U:1:900000013]><Red>" (damage "70") (weapon "quake_rl")
L 04/28/2026 - 06:20:03: "AirshotKing<86><[U:1:900000013]><Red>" triggered "shot_hit" (weapon "quake_rl")
L 04/28/2026 - 06:20:03: "AirshotKing<86><[U:1:900000013]><Red>" triggered "damage" against "SoldierBoy<85><[U:1:900000011]><Blue>" (damage "87") (weapon "quake_rl")
L 04/28/2026 - 06:20:03: "SoldierBoy<85><[U:1:900000011]><Blue>" triggered "shot_hit" (weapon "quake_rl")
L 04/28/2026 - 06:20:03: "SoldierBoy<85><[U:1:900000011]><Blue>" triggered "damage" against "AirshotKing<86><[U:1:900000013]><Red>" (damage "63") (weapon "quake_rl")
L 04/28/2026 - 06:20:04: "AirshotKing<86><[U:1:900000013]><Red>" triggered "shot_fired" (weapon "quake_rl")
L 04/28/2026 - 06:20:04: "SoldierBoy<85><[U:1:900000011]><Blue>" triggered "shot_fired" (weapon "quake_rl")
L 04/28/2026 - 06:20:04: "SoldierBoy<85><[U:1:900000011]><Blue>" triggered "shot_fired" (weapon "shotgun_soldier")
L 04/28/2026 - 06:20:04: "AirshotKing<86><[U:1:900000013]><Red>" triggered "shot_fired" (weapon "quake_rl")
L 04/28/2026 - 06:20:05: "SoldierBoy<85><[U:1:900000011]><Blue>" triggered "shot_fired" (weapon "shotgun_soldier")
L 04/28/2026 - 06:20:05: "SoldierBoy<85><[U:1:900000011]><Blue>" triggered "shot_hit" (weapon "shotgun_soldier")
L 04/28/2026 - 06:20:05: "SoldierBoy<85><[U:1:900000011]><Blue>" triggered "damage" against "AirshotKing<86><[U:1:900000013]><Red>" (damage "4") (weapon "shotgun_soldier")
L 04/28/2026 - 06:20:05: "AirshotKing<86><[U:1:900000013]><Red>" triggered "shot_hit" (weapon "quake_rl")
L 04/28/2026 - 06:20:05: "AirshotKing<86><[U:1:900000013]><Red>" triggered "damage" against "SoldierBoy<85><[U:1:900000011]><Blue>" (damage "61") (weapon "quake_rl")
L 04/28/2026 - 06:20:05: "AirshotKing<86><[U:1:900000013]><Red>" triggered "shot_fired" (weapon "shotgun_soldier")
L 04/28/2026 - 06:20:05: "AirshotKing<86><[U:1:900000013]><Red>" triggered "shot_hit" (weapon "shotgun_soldier")
L 04/28/2026 - 06:20:05: "AirshotKing<86><[U:1:900000013]><Red>" triggered "damage" against "SoldierBoy<85><[U:1:900000011]><Blue>" (damage "4") (weapon "shotgun_soldier")
L 04/28/2026 - 06:20:06: "SoldierBoy<85><[U:1:900000011]><Blue>" triggered "shot_fired" (weapon "shotgun_soldier")
L 04/28/2026 - 06:20:07: "SoldierBoy<85><[U:1:900000011]><Blue>" triggered "shot_fired" (weapon "shotgun_soldier")
L 04/28/2026 - 06:20:07: "SoldierBoy<85><[U:1:900000011]><Blue>" triggered "shot_hit" (weapon "shotgun_soldier")
L 04/28/2026 - 06:20:07: "SoldierBoy<85><[U:1:900000011]><Blue>" triggered "damage" against "AirshotKing<86><[U:1:900000013]><Red>" (damage "50") (weapon "shotgun_soldier")
L 04/28/2026 - 06:20:07: "AirshotKing<86><[U:1:900000013]><Red>" triggered "shot_fired" (weapon "shotgun_soldier")
L 04/28/2026 - 06:20:07: "AirshotKing<86><[U:1:900000013]><Red>" triggered "shot_hit" (weapon "shotgun_soldier")
L 04/28/2026 - 06:20:07: "AirshotKing<86><[U:1:900000013]><Red>" triggered "damage" against "SoldierBoy<85><[U:1:900000011]><Blue>" (damage "16") (weapon "shotgun_soldier")
L 04/28/2026 - 06:20:07: "AirshotKing<86><[U:1:900000013]><Red>" triggered "shot_fired" (weapon "shotgun_soldier")
L 04/28/2026 - 06:20:07: "AirshotKing<86><[U:1:900000013]><Red>" triggered "shot_hit" (weapon "shotgun_soldier")
L 04/28/2026 - 06:20:07: "AirshotKing<86><[U:1:900000013]><Red>" triggered "damage" against "SoldierBoy<85><[U:1:900000011]><Blue>" (damage "44") (realdamage "37") (weapon "shotgun_soldier")
L 04/28/2026 - 06:20:07: "AirshotKing<86><[U:1:900000013]><Red>" killed "SoldierBoy<85><[U:1:900000011]><Blue>" with "shotgun_soldier" (attacker_position "-8781 11919 10736") (victim_position "-8475 11843 10587")
L 04/28/2026 - 06:20:08: "SoldierBoy<85><[U:1:900000011]><Blue>" spawned as "soldier"
L 04/28/2026 - 06:20:09: "AirshotKing<86><[U:1:900000013]><Red>" triggered "shot_fired" (weapon "quake_rl")
L 04/28/2026 - 06:20:10: "SoldierBoy<85><[U:1:900000011]><Blue>" triggered "shot_fired" (weapon "quake_rl")
L 04/28/2026 - 06:20:10: "SoldierBoy<85><[U:1:900000011]><Blue>" triggered "shot_hit" (weapon "quake_rl")
L 04/28/2026 - 06:20:10: "SoldierBoy<85><[U:1:900000011]><Blue>" triggered "damage" against "AirshotKing<86><[U:1:900000013]><Red>" (damage "67") (weapon "quake_rl")
L 04/28/2026 - 06:20:10: "AirshotKing<86><[U:1:900000013]><Red>" triggered "shot_hit" (weapon "quake_rl")
L 04/28/2026 - 06:20:10: "AirshotKing<86><[U:1:900000013]><Red>" triggered "damage" against "SoldierBoy<85><[U:1:900000011]><Blue>" (damage "111") (weapon "quake_rl") (airshot "1") (height "247")
L 04/28/2026 - 06:20:10: "AirshotKing<86><[U:1:900000013]><Red>" triggered "shot_fired" (weapon "quake_rl")
L 04/28/2026 - 06:20:10: "SoldierBoy<85><[U:1:900000011]><Blue>" triggered "shot_fired" (weapon "quake_rl")
L 04/28/2026 - 06:20:11: "AirshotKing<86><[U:1:900000013]><Red>" triggered "shot_fired" (weapon "quake_rl")
L 04/28/2026 - 06:20:12: "AirshotKing<86><[U:1:900000013]><Red>" triggered "shot_hit" (weapon "quake_rl")
L 04/28/2026 - 06:20:12: "AirshotKing<86><[U:1:900000013]><Red>" triggered "damage" against "SoldierBoy<85><[U:1:900000011]><Blue>" (damage "110") (realdamage "105") (weapon "quake_rl")
L 04/28/2026 - 06:20:12: "AirshotKing<86><[U:1:900000013]><Red>" killed "SoldierBoy<85><[U:1:900000011]><Blue>" with "quake_rl" (attacker_position "-8683 11524 10649") (victim_position "-8796 11509 10725")
L 04/28/2026 - 06:20:12: "AirshotKing<86><[U:1:900000013]><Red>" triggered "domination" against "SoldierBoy<85><[U:1:900000011]><Blue>"
L 04/28/2026 - 06:20:12: "AirshotKing<86><[U:1:900000013]><Red>" triggered "shot_fired" (weapon "quake_rl")
L 04/28/2026 - 06:20:12: "SoldierBoy<85><[U:1:900000011]><Blue>" spawned as "soldier"
L 04/28/2026 - 06:20:14: "AirshotKing<86><[U:1:900000013]><Red>" triggered "shot_fired" (weapon "quake_rl")
L 04/28/2026 - 06:20:14: "SoldierBoy<85><[U:1:900000011]><Blue>" triggered "shot_fired" (weapon "quake_rl")
L 04/28/2026 - 06:20:14: "SoldierBoy<85><[U:1:900000011]><Blue>" triggered "shot_hit" (weapon "quake_rl")
L 04/28/2026 - 06:20:14: "SoldierBoy<85><[U:1:900000011]><Blue>" triggered "damage" against "AirshotKing<86><[U:1:900000013]><Red>" (damage "71") (weapon "quake_rl")
L 04/28/2026 - 06:20:15: "AirshotKing<86><[U:1:900000013]><Red>" triggered "shot_fired" (weapon "quake_rl")
L 04/28/2026 - 06:20:15: "SoldierBoy<85><[U:1:900000011]><Blue>" triggered "shot_fired" (weapon "quake_rl")
L 04/28/2026 - 06:20:16: "AirshotKing<86><[U:1:900000013]><Red>" triggered "shot_fired" (weapon "quake_rl")
L 04/28/2026 - 06:20:16: "AirshotKing<86><[U:1:900000013]><Red>" triggered "shot_hit" (weapon "quake_rl")
L 04/28/2026 - 06:20:16: "AirshotKing<86><[U:1:900000013]><Red>" triggered "damage" against "SoldierBoy<85><[U:1:900000011]><Blue>" (damage "67") (weapon "quake_rl")
L 04/28/2026 - 06:20:16: "SoldierBoy<85><[U:1:900000011]><Blue>" triggered "shot_hit" (weapon "quake_rl")
L 04/28/2026 - 06:20:16: "SoldierBoy<85><[U:1:900000011]><Blue>" triggered "damage" against "AirshotKing<86><[U:1:900000013]><Red>" (damage "89") (weapon "quake_rl")
L 04/28/2026 - 06:20:16: "SoldierBoy<85><[U:1:900000011]><Blue>" triggered "shot_fired" (weapon "quake_rl")
L 04/28/2026 - 06:20:16: "AirshotKing<86><[U:1:900000013]><Red>" triggered "shot_fired" (weapon "quake_rl")
L 04/28/2026 - 06:20:19: "AirshotKing<86><[U:1:900000013]><Red>" triggered "shot_fired" (weapon "quake_rl")
L 04/28/2026 - 06:20:19: "AirshotKing<86><[U:1:900000013]><Red>" triggered "shot_hit" (weapon "quake_rl")
L 04/28/2026 - 06:20:19: "AirshotKing<86><[U:1:900000013]><Red>" triggered "damage" against "SoldierBoy<85><[U:1:900000011]><Blue>" (damage "86") (weapon "quake_rl")
L 04/28/2026 - 06:20:20: "AirshotKing<86><[U:1:900000013]><Red>" committed suicide with "quake_rl" (attacker_position "-8327 11432 10457")
L 04/28/2026 - 06:20:20: "AirshotKing<86><[U:1:900000013]><Red>" spawned as "soldier"
L 04/28/2026 - 06:20:25: "SoldierBoy<85><[U:1:900000011]><Blue>" triggered "shot_fired" (weapon "quake_rl")
L 04/28/2026 - 06:20:25: "AirshotKing<86><[U:1:900000013]><Red>" triggered "shot_hit" (weapon "quake_rl")
L 04/28/2026 - 06:20:25: "AirshotKing<86><[U:1:900000013]><Red>" triggered "damage" against "SoldierBoy<85><[U:1:900000011]><Blue>" (damage "61") (weapon "quake_rl")
L 04/28/2026 - 06:20:25: "AirshotKing<86><[U:1:900000013]><Red>" triggered "shot_fired" (weapon "quake_rl")
L 04/28/2026 - 06:20:26: "SoldierBoy<85><[U:1:900000011]><Blue>" triggered "shot_fired" (weapon "quake_rl")
L 04/28/2026 - 06:20:26: "AirshotKing<86><[U:1:900000013]><Red>" triggered "shot_fired" (weapon "quake_rl")
L 04/28/2026 - 06:20:27: "AirshotKing<86><[U:1:900000013]><Red>" triggered "shot_hit" (weapon "quake_rl")
L 04/28/2026 - 06:20:27: "AirshotKing<86><[U:1:900000013]><Red>" triggered "damage" against "SoldierBoy<85><[U:1:900000011]><Blue>" (damage "86") (weapon "quake_rl")
L 04/28/2026 - 06:20:27: "AirshotKing<86><[U:1:900000013]><Red>" triggered "shot_fired" (weapon "quake_rl")
L 04/28/2026 - 06:20:27: "SoldierBoy<85><[U:1:900000011]><Blue>" triggered "shot_fired" (weapon "quake_rl")
L 04/28/2026 - 06:20:27: "SoldierBoy<85><[U:1:900000011]><Blue>" triggered "shot_hit" (weapon "quake_rl")
L 04/28/2026 - 06:20:27: "SoldierBoy<85><[U:1:900000011]><Blue>" triggered "damage" against "AirshotKing<86><[U:1:900000013]><Red>" (damage "66") (weapon "quake_rl")
L 04/28/2026 - 06:20:28: "AirshotKing<86><[U:1:900000013]><Red>" triggered "shot_fired" (weapon "shotgun_soldier")
L 04/28/2026 - 06:20:28: "SoldierBoy<85><[U:1:900000011]><Blue>" triggered "shot_fired" (weapon "shotgun_soldier")
L 04/28/2026 - 06:20:28: "SoldierBoy<85><[U:1:900000011]><Blue>" picked up item "tf_ammo_pack"
L 04/28/2026 - 06:20:28: "AirshotKing<86><[U:1:900000013]><Red>" triggered "shot_fired" (weapon "shotgun_soldier")
L 04/28/2026 - 06:20:29: "SoldierBoy<85><[U:1:900000011]><Blue>" triggered "shot_fired" (weapon "quake_rl")
L 04/28/2026 - 06:20:29: "SoldierBoy<85><[U:1:900000011]><Blue>" triggered "shot_hit" (weapon "quake_rl")
L 04/28/2026 - 06:20:29: "SoldierBoy<85><[U:1:900000011]><Blue>" triggered "damage" against "AirshotKing<86><[U:1:900000013]><Red>" (damage "78") (realdamage "16") (weapon "quake_rl")
L 04/28/2026 - 06:20:29: "SoldierBoy<85><[U:1:900000011]><Blue>" killed "AirshotKing<86><[U:1:900000013]><Red>" with "quake_rl" (attacker_position "-8598 11405 10374") (victim_position "-8784 11436 10275")
L 04/28/2026 - 06:20:29: "SoldierBoy<85><[U:1:900000011]><Blue>" triggered "revenge" against "AirshotKing<86><[U:1:900000013]><Red>"
L 04/28/2026 - 06:20:29: "AirshotKing<86><[U:1:900000013]><Red>" spawned as "soldier"
L 04/28/2026 - 06:20:30: "SoldierBoy<85><[U:1:900000011]><Blue>" triggered "shot_hit" (weapon "quake_rl")
L 04/28/2026 - 06:20:30: "SoldierBoy<85><[U:1:900000011]><Blue>" triggered "damage" against "AirshotKing<86><[U:1:900000013]><Red>" (damage "55") (weapon "quake_rl")
L 04/28/2026 - 06:20:30: "SoldierBoy<85><[U:1:900000011]><Blue>" triggered "shot_fired" (weapon "quake_rl")
L 04/28/2026 - 06:20:31: "AirshotKing<86><[U:1:900000013]><Red>" triggered "shot_fired" (weapon "quake_rl")
L 04/28/2026 - 06:20:32: "SoldierBoy<85><[U:1:900000011]><Blue>" triggered "shot_fired" (weapon "quake_rl")
L 04/28/2026 - 06:20:35: "SoldierBoy<85><[U:1:900000011]><Blue>" triggered "shot_fired" (weapon "quake_rl")
L 04/28/2026 - 06:20:36: "SoldierBoy<85><[U:1:900000011]><Blue>" triggered "shot_hit" (weapon "quake_rl")
L 04/28/2026 - 06:20:36: "SoldierBoy<85><[U:1:900000011]><Blue>" triggered "damage" against "AirshotKing<86><[U:1:900000013]><Red>" (damage "111") (realdamage "40") (weapon "quake_rl")
L 04/28/2026 - 06:20:36: "SoldierBoy<85><[U:1:900000011]><Blue>" killed "AirshotKing<86><[U:1:900000013]><Red>" with "quake_rl" (attacker_position "-8891 11940 10736") (victim_position "-8810 11857 10800")
L 04/28/2026 - 06:20:36: "SoldierBoy<85><[U:1:900000011]><Blue>" triggered "shot_fired" (weapon "quake_rl")
L 04/28/2026 - 06:20:36: "AirshotKing<86><[U:1:900000013]><Red>" spawned as "soldier"
L 04/28/2026 - 06:20:38: "SoldierBoy<85><[U:1:900000011]><Blue>" triggered "shot_fired" (weapon "quake_rl")
L 04/28/2026 - 06:20:38: "AirshotKing<86><[U:1:900000013]><Red>" triggered "shot_fired" (weapon "quake_rl")
L 04/28/2026 - 06:20:38: "SoldierBoy<85><[U:1:900000011]><Blue>" triggered "shot_hit" (weapon "quake_rl")
L 04/28/2026 - 06:20:38: "SoldierBoy<85><[U:1:900000011]><Blue>" triggered "damage" against "AirshotKing<86><[U:1:900000013]><Red>" (damage "94") (weapon "quake_rl")
L 04/28/2026 - 06:20:38: "AirshotKing<86><[U:1:900000013]><Red>" triggered "shot_hit" (weapon "quake_rl")
L 04/28/2026 - 06:20:38: "AirshotKing<86><[U:1:900000013]><Red>" triggered "damage" against "SoldierBoy<85><[U:1:900000011]><Blue>" (damage "46") (weapon "quake_rl")
L 04/28/2026 - 06:20:39: "AirshotKing<86><[U:1:900000013]><Red>" triggered "shot_fired" (weapon "quake_rl")
L 04/28/2026 - 06:20:39: "SoldierBoy<85><[U:1:900000011]><Blue>" triggered "shot_fired" (weapon "quake_rl")
L 04/28/2026 - 06:20:39: "AirshotKing<86><[U:1:900000013]><Red>" triggered "shot_hit" (weapon "quake_rl")
L 04/28/2026 - 06:20:39: "AirshotKing<86><[U:1:900000013]><Red>" triggered "damage" against "SoldierBoy<85><[U:1:900000011]><Blue>" (damage "70") (weapon "quake_rl")
L 04/28/2026 - 06:20:40: "SoldierBoy<85><[U:1:900000011]><Blue>" triggered "shot_fired" (weapon "quake_rl")
L 04/28/2026 - 06:20:40: "AirshotKing<86><[U:1:900000013]><Red>" triggered "shot_fired" (weapon "quake_rl")
L 04/28/2026 - 06:20:40: "SoldierBoy<85><[U:1:900000011]><Blue>" triggered "shot_fired" (weapon "quake_rl")
L 04/28/2026 - 06:20:41: "SoldierBoy<85><[U:1:900000011]><Blue>" triggered "shot_hit" (weapon "quake_rl")
L 04/28/2026 - 06:20:41: "SoldierBoy<85><[U:1:900000011]><Blue>" triggered "damage" against "AirshotKing<86><[U:1:900000013]><Red>" (damage "88") (weapon "quake_rl")
L 04/28/2026 - 06:20:41: "AirshotKing<86><[U:1:900000013]><Red>" triggered "shot_fired" (weapon "shotgun_soldier")
L 04/28/2026 - 06:20:41: "SoldierBoy<85><[U:1:900000011]><Blue>" triggered "shot_fired" (weapon "shotgun_soldier")
L 04/28/2026 - 06:20:41: "SoldierBoy<85><[U:1:900000011]><Blue>" triggered "shot_hit" (weapon "shotgun_soldier")
L 04/28/2026 - 06:20:41: "SoldierBoy<85><[U:1:900000011]><Blue>" triggered "damage" against "AirshotKing<86><[U:1:900000013]><Red>" (damage "66") (realdamage "33") (weapon "shotgun_soldier")
L 04/28/2026 - 06:20:41: "SoldierBoy<85><[U:1:900000011]><Blue>" killed "AirshotKing<86><[U:1:900000013]><Red>" with "shotgun_soldier" (attacker_position "-8636 11663 10743") (victim_position "-8470 11574 10860")
L 04/28/2026 - 06:20:42: "AirshotKing<86><[U:1:900000013]><Red>" spawned as "soldier"
L 04/28/2026 - 06:20:43: "SoldierBoy<85><[U:1:900000011]><Blue>" triggered "shot_fired" (weapon "quake_rl")
L 04/28/2026 - 06:20:44: "AirshotKing<86><[U:1:900000013]><Red>" triggered "shot_fired" (weapon "quake_rl")
L 04/28/2026 - 06:20:44: "AirshotKing<86><[U:1:900000013]><Red>" triggered "shot_hit" (weapon "quake_rl")
L 04/28/2026 - 06:20:44: "AirshotKing<86><[U:1:900000013]><Red>" triggered "damage" against "SoldierBoy<85><[U:1:900000011]><Blue>" (damage "59") (weapon "quake_rl")
L 04/28/2026 - 06:20:44: "SoldierBoy<85><[U:1:900000011]><Blue>" triggered "shot_fired" (weapon "quake_rl")
L 04/28/2026 - 06:20:44: "AirshotKing<86><[U:1:900000013]><Red>" triggered "shot_fired" (weapon "quake_rl")
L 04/28/2026 - 06:20:44: "AirshotKing<86><[U:1:900000013]><Red>" triggered "shot_hit" (weapon "quake_rl")
L 04/28/2026 - 06:20:44: "AirshotKing<86><[U:1:900000013]><Red>" triggered "damage" against "SoldierBoy<85><[U:1:900000011]><Blue>" (damage "103") (weapon "quake_rl") (airshot "1") (height "451")
L 04/28/2026 - 06:20:44: "SoldierBoy<85><[U:1:900000011]><Blue>" triggered "shot_hit" (weapon "quake_rl")
L 04/28/2026 - 06:20:44: "SoldierBoy<85><[U:1:900000011]><Blue>" triggered "damage" against "AirshotKing<86><[U:1:900000013]><Red>" (damage "70") (weapon "quake_rl")
L 04/28/2026 - 06:20:45: "SoldierBoy<85><[U:1:900000011]><Blue>" triggered "shot_fired" (weapon "quake_rl")
L 04/28/2026 - 06:20:45: "AirshotKing<86><[U:1:900000013]><Red>" triggered "shot_fired" (weapon "quake_rl")
L 04/28/2026 - 06:20:46: "AirshotKing<86><[U:1:900000013]><Red>" triggered "shot_fired" (weapon "shotgun_soldier")
L 04/28/2026 - 06:20:46: "AirshotKing<86><[U:1:900000013]><Red>" triggered "shot_hit" (weapon "shotgun_soldier")
L 04/28/2026 - 06:20:46: "AirshotKing<86><[U:1:900000013]><Red>" triggered "damage" against "SoldierBoy<85><[U:1:900000011]><Blue>" (damage "26") (weapon "shotgun_soldier")
L 04/28/2026 - 06:20:47: "SoldierBoy<85><[U:1:900000011]><Blue>" triggered "shot_hit" (weapon "quake_rl")
L 04/28/2026 - 06:20:47: "SoldierBoy<85><[U:1:900000011]><Blue>" triggered "damage" against "AirshotKing<86><[U:1:900000013]><Red>" (damage "52") (weapon "quake_rl")
L 04/28/2026 - 06:20:47: "SoldierBoy<85><[U:1:900000011]><Blue>" triggered "shot_fired" (weapon "quake_rl")
L 04/28/2026 - 06:20:47: "SoldierBoy<85><[U:1:900000011]><Blue>" triggered "shot_fired" (weapon "shotgun_soldier")
L 04/28/2026 - 06:20:47: "SoldierBoy<85><[U:1:900000011]><Blue>" triggered "shot_hit" (weapon "shotgun_soldier")
L 04/28/2026 - 06:20:47: "SoldierBoy<85><[U:1:900000011]><Blue>" triggered "damage" against "AirshotKing<86><[U:1:900000013]><Red>" (damage "75") (weapon "shotgun_soldier")
L 04/28/2026 - 06:20:47: "AirshotKing<86><[U:1:900000013]><Red>" triggered "shot_hit" (weapon "quake_rl")
L 04/28/2026 - 06:20:47: "AirshotKing<86><[U:1:900000013]><Red>" triggered "damage" against "SoldierBoy<85><[U:1:900000011]><Blue>" (damage "98") (realdamage "92") (weapon "quake_rl")
L 04/28/2026 - 06:20:47: "AirshotKing<86><[U:1:900000013]><Red>" killed "SoldierBoy<85><[U:1:900000011]><Blue>" with "quake_rl" (attacker_position "-8656 11506 10717") (victim_position "-8678 11658 10743")
L 04/28/2026 - 06:20:48: "AirshotKing<86><[U:1:900000013]><Red>" triggered "shot_fired" (weapon "quake_rl")
L 04/28/2026 - 06:20:48: "SoldierBoy<85><[U:1:900000011]><Blue>" spawned as "soldier"
L 04/28/2026 - 06:20:49: "AirshotKing<86><[U:1:900000013]><Red>" triggered "shot_fired" (weapon "quake_rl")
L 04/28/2026 - 06:20:52: "SoldierBoy<85><[U:1:900000011]><Blue>" triggered "shot_fired" (weapon "quake_rl")
L 04/28/2026 - 06:20:52: "AirshotKing<86><[U:1:900000013]><Red>" triggered "shot_fired" (weapon "quake_rl")
L 04/28/2026 - 06:20:52: "AirshotKing<86><[U:1:900000013]><Red>" triggered "shot_hit" (weapon "quake_rl")
L 04/28/2026 - 06:20:52: "AirshotKing<86><[U:1:900000013]><Red>" triggered "damage" against "SoldierBoy<85><[U:1:900000011]><Blue>" (damage "82") (weapon "quake_rl")
L 04/28/2026 - 06:20:53: "SoldierBoy<85><[U:1:900000011]><Blue>" triggered "shot_fired" (weapon "quake_rl")
L 04/28/2026 - 06:20:53: "AirshotKing<86><[U:1:900000013]><Red>" triggered "shot_fired" (weapon "quake_rl")
L 04/28/2026 - 06:20:54: "SoldierBoy<85><[U:1:900000011]><Blue>" triggered "shot_fired" (weapon "quake_rl")
L 04/28/2026 - 06:20:54: "SoldierBoy<85><[U:1:900000011]><Blue>" triggered "shot_hit" (weapon "quake_rl")
L 04/28/2026 - 06:20:54: "SoldierBoy<85><[U:1:900000011]><Blue>" triggered "damage" against "AirshotKing<86><[U:1:900000013]><Red>" (damage "79") (weapon "quake_rl")
L 04/28/2026 - 06:20:54: "AirshotKing<86><[U:1:900000013]><Red>" triggered "shot_fired" (weapon "quake_rl")
L 04/28/2026 - 06:20:55: "AirshotKing<86><[U:1:900000013]><Red>" triggered "shot_fired" (weapon "shotgun_soldier")
L 04/28/2026 - 06:20:55: "SoldierBoy<85><[U:1:900000011]><Blue>" triggered "shot_fired" (weapon "quake_rl")
L 04/28/2026 - 06:20:55: "SoldierBoy<85><[U:1:900000011]><Blue>" triggered "shot_fired" (weapon "shotgun_soldier")
L 04/28/2026 - 06:20:55: "SoldierBoy<85><[U:1:900000011]><Blue>" triggered "shot_hit" (weapon "shotgun_soldier")
L 04/28/2026 - 06:20:55: "SoldierBoy<85><[U:1:900000011]><Blue>" triggered "damage" against "AirshotKing<86><[U:1:900000013]><Red>" (damage "14") (weapon "shotgun_soldier")
L 04/28/2026 - 06:20:55: "AirshotKing<86><[U:1:900000013]><Red>" triggered "shot_fired" (weapon "shotgun_soldier")
L 04/28/2026 - 06:20:55: "AirshotKing<86><[U:1:900000013]><Red>" triggered "shot_hit" (weapon "shotgun_soldier")
L 04/28/2026 - 06:20:55: "AirshotKing<86><[U:1:900000013]><Red>" triggered "damage" against "SoldierBoy<85><[U:1:900000011]><Blue>" (damage "52") (weapon "shotgun_soldier")
L 04/28/2026 - 06:20:56: "SoldierBoy<85><[U:1:900000011]><Blue>" triggered "shot_fired" (weapon "shotgun_soldier")
L 04/28/2026 - 06:20:56: "AirshotKing<86><[U:1:900000013]><Red>" triggered "shot_fired" (weapon "shotgun_soldier")
L 04/28/2026 - 06:20:56: "AirshotKing<86><[U:1:900000013]><Red>" triggered "shot_hit" (weapon "shotgun_soldier")
L 04/28/2026 - 06:20:56: "AirshotKing<86><[U:1:900000013]><Red>" triggered "damage" against "SoldierBoy<85><[U:1:900000011]><Blue>" (damage "58") (weapon "shotgun_soldier")
L 04/28/2026 - 06:20:57: "SoldierBoy<85><[U:1:900000011]><Blue>" triggered "shot_fired" (weapon "shotgun_soldier")
L 04/28/2026 - 06:20:57: "SoldierBoy<85><[U:1:900000011]><Blue>" triggered "shot_hit" (weapon "shotgun_soldier")
L 04/28/2026 - 06:20:57: "SoldierBoy<85><[U:1:900000011]><Blue>" triggered "damage" against "AirshotKing<86><[U:1:900000013]><Red>" (damage "8") (weapon "shotgun_soldier")
L 04/28/2026 - 06:20:57: "AirshotKing<86><[U:1:900000013]><Red>" triggered "shot_fired" (weapon "shotgun_soldier")
L 04/28/2026 - 06:20:57: "SoldierBoy<85><[U:1:900000011]><Blue>" triggered "shot_fired" (weapon "shotgun_soldier")
L 04/28/2026 - 06:20:57: "SoldierBoy<85><[U:1:900000011]><Blue>" triggered "shot_hit" (weapon "shotgun_soldier")
L 04/28/2026 - 06:20:57: "SoldierBoy<85><[U:1:900000011]><Blue>" triggered "damage" against "AirshotKing<86><[U:1:900000013]><Red>" (damage "16") (weapon "shotgun_soldier")
L 04/28/2026 - 06:20:57: "AirshotKing<86><[U:1:900000013]><Red>" triggered "shot_fired" (weapon "shotgun_soldier")
L 04/28/2026 - 06:20:57: "AirshotKing<86><[U:1:900000013]><Red>" triggered "shot_hit" (weapon "shotgun_soldier")
L 04/28/2026 - 06:20:57: "AirshotKing<86><[U:1:900000013]><Red>" triggered "damage" against "SoldierBoy<85><[U:1:900000011]><Blue>" (damage "8") (weapon "shotgun_soldier")
L 04/28/2026 - 06:20:58: "SoldierBoy<85><[U:1:900000011]><Blue>" triggered "shot_fired" (weapon "shotgun_soldier")
L 04/28/2026 - 06:20:58: "SoldierBoy<85><[U:1:900000011]><Blue>" triggered "shot_hit" (weapon "shotgun_soldier")
L 04/28/2026 - 06:20:58: "SoldierBoy<85><[U:1:900000011]><Blue>" triggered "damage" against "AirshotKing<86><[U:1:900000013]><Red>" (damage "57") (weapon "shotgun_soldier")
L 04/28/2026 - 06:20:58: "AirshotKing<86><[U:1:900000013]><Red>" triggered "shot_fired" (weapon "shotgun_soldier")
L 04/28/2026 - 06:20:58: "AirshotKing<86><[U:1:900000013]><Red>" triggered "shot_hit" (weapon "shotgun_soldier")
L 04/28/2026 - 06:20:58: "AirshotKing<86><[U:1:900000013]><Red>" triggered "damage" against "SoldierBoy<85><[U:1:900000011]><Blue>" (damage "24") (weapon "shotgun_soldier")
L 04/28/2026 - 06:20:58: "SoldierBoy<85><[U:1:900000011]><Blue>" triggered "shot_fired" (weapon "shotgun_soldier")
L 04/28/2026 - 06:20:59: "AirshotKing<86><[U:1:900000013]><Red>" triggered "shot_fired" (weapon "shotgun_soldier")
L 04/28/2026 - 06:21:01: "AirshotKing<86><[U:1:900000013]><Red>" triggered "damage" against "SoldierBoy<85><[U:1:900000011]><Blue>" (damage "65") (realdamage "1") (weapon "market_gardener")
L 04/28/2026 - 06:21:01: "AirshotKing<86><[U:1:900000013]><Red>" killed "SoldierBoy<85><[U:1:900000011]><Blue>" with "market_gardener" (attacker_position "-8811 11995 10736") (victim_position "-8877 11915 10736")
L 04/28/2026 - 06:21:01: "SoldierBoy<85><[U:1:900000011]><Blue>" spawned as "soldier"
L 04/28/2026 - 06:21:03: "SoldierBoy<85><[U:1:900000011]><Blue>" triggered "shot_fired" (weapon "quake_rl")
L 04/28/2026 - 06:21:03: "SoldierBoy<85><[U:1:900000011]><Blue>" triggered "shot_hit" (weapon "quake_rl")
L 04/28/2026 - 06:21:03: "SoldierBoy<85><[U:1:900000011]><Blue>" triggered "damage" against "AirshotKing<86><[U:1:900000013]><Red>" (damage "63") (weapon "quake_rl")
L 04/28/2026 - 06:21:03: "SoldierBoy<85><[U:1:900000011]><Blue>" triggered "shot_hit" (weapon "quake_rl")
L 04/28/2026 - 06:21:03: "SoldierBoy<85><[U:1:900000011]><Blue>" triggered "damage" against "AirshotKing<86><[U:1:900000013]><Red>" (damage "112") (weapon "quake_rl")
L 04/28/2026 - 06:21:03: "SoldierBoy<85><[U:1:900000011]><Blue>" triggered "shot_fired" (weapon "quake_rl")
L 04/28/2026 - 06:21:04: "AirshotKing<86><[U:1:900000013]><Red>" triggered "shot_fired" (weapon "quake_rl")
L 04/28/2026 - 06:21:05: "SoldierBoy<85><[U:1:900000011]><Blue>" triggered "shot_fired" (weapon "shotgun_soldier")
L 04/28/2026 - 06:21:05: "SoldierBoy<85><[U:1:900000011]><Blue>" triggered "shot_hit" (weapon "shotgun_soldier")
L 04/28/2026 - 06:21:05: "SoldierBoy<85><[U:1:900000011]><Blue>" triggered "damage" against "AirshotKing<86><[U:1:900000013]><Red>" (damage "82") (realdamage "31") (weapon "shotgun_soldier")
L 04/28/2026 - 06:21:05: "SoldierBoy<85><[U:1:900000011]><Blue>" killed "AirshotKing<86><[U:1:900000013]><Red>" with "shotgun_soldier" (attacker_position "-8489 11956 10742") (victim_position "-8472 11775 10901")
L 04/28/2026 - 06:21:05: "AirshotKing<86><[U:1:900000013]><Red>" spawned as "soldier"
L 04/28/2026 - 06:21:08: "SoldierBoy<85><[U:1:900000011]><Blue>" triggered "shot_fired" (weapon "quake_rl")
L 04/28/2026 - 06:21:08: "AirshotKing<86><[U:1:900000013]><Red>" triggered "shot_fired" (weapon "quake_rl")
L 04/28/2026 - 06:21:08: "AirshotKing<86><[U:1:900000013]><Red>" triggered "shot_fired" (weapon "quake_rl")
L 04/28/2026 - 06:21:08: "SoldierBoy<85><[U:1:900000011]><Blue>" triggered "shot_fired" (weapon "quake_rl")
L 04/28/2026 - 06:21:09: "AirshotKing<86><[U:1:900000013]><Red>" triggered "shot_hit" (weapon "quake_rl")
L 04/28/2026 - 06:21:09: "AirshotKing<86><[U:1:900000013]><Red>" triggered "damage" against "SoldierBoy<85><[U:1:900000011]><Blue>" (damage "57") (weapon "quake_rl")
L 04/28/2026 - 06:21:09: "AirshotKing<86><[U:1:900000013]><Red>" triggered "shot_fired" (weapon "quake_rl")
L 04/28/2026 - 06:21:10: "AirshotKing<86><[U:1:900000013]><Red>" triggered "shot_fired" (weapon "shotgun_soldier")
L 04/28/2026 - 06:21:10: "AirshotKing<86><[U:1:900000013]><Red>" triggered "shot_hit" (weapon "shotgun_soldier")
L 04/28/2026 - 06:21:10: "AirshotKing<86><[U:1:900000013]><Red>" triggered "damage" against "SoldierBoy<85><[U:1:900000011]><Blue>" (damage "82") (weapon "shotgun_soldier")
L 04/28/2026 - 06:21:10: "SoldierBoy<85><[U:1:900000011]><Blue>" triggered "shot_fired" (weapon "quake_rl")
L 04/28/2026 - 06:21:11: "SoldierBoy<85><[U:1:900000011]><Blue>" triggered "shot_hit" (weapon "quake_rl")
L 04/28/2026 - 06:21:11: "SoldierBoy<85><[U:1:900000011]><Blue>" triggered "damage" against "AirshotKing<86><[U:1:900000013]><Red>" (damage "102") (weapon "quake_rl")
L 04/28/2026 - 06:21:11: "SoldierBoy<85><[U:1:900000011]><Blue>" triggered "shot_fired" (weapon "quake_rl")
L 04/28/2026 - 06:21:12: "SoldierBoy<85><[U:1:900000011]><Blue>" triggered "shot_fired" (weapon "shotgun_soldier")
L 04/28/2026 - 06:21:12: "SoldierBoy<85><[U:1:900000011]><Blue>" triggered "shot_hit" (weapon "shotgun_soldier")
L 04/28/2026 - 06:21:12: "SoldierBoy<85><[U:1:900000011]><Blue>" triggered "damage" against "AirshotKing<86><[U:1:900000013]><Red>" (damage "64") (weapon "shotgun_soldier")
L 04/28/2026 - 06:21:12: "AirshotKing<86><[U:1:900000013]><Red>" triggered "shot_fired" (weapon "quake_rl")
L 04/28/2026 - 06:21:12: "AirshotKing<86><[U:1:900000013]><Red>" triggered "shot_fired" (weapon "shotgun_soldier")
L 04/28/2026 - 06:21:12: "AirshotKing<86><[U:1:900000013]><Red>" triggered "shot_hit" (weapon "shotgun_soldier")
L 04/28/2026 - 06:21:12: "AirshotKing<86><[U:1:900000013]><Red>" triggered "damage" against "SoldierBoy<85><[U:1:900000011]><Blue>" (damage "13") (weapon "shotgun_soldier")
L 04/28/2026 - 06:21:12: "SoldierBoy<85><[U:1:900000011]><Blue>" triggered "shot_fired" (weapon "shotgun_soldier")
L 04/28/2026 - 06:21:13: "AirshotKing<86><[U:1:900000013]><Red>" triggered "shot_fired" (weapon "shotgun_soldier")
L 04/28/2026 - 06:21:13: "AirshotKing<86><[U:1:900000013]><Red>" triggered "shot_hit" (weapon "shotgun_soldier")
L 04/28/2026 - 06:21:13: "AirshotKing<86><[U:1:900000013]><Red>" triggered "damage" against "SoldierBoy<85><[U:1:900000011]><Blue>" (damage "47") (weapon "shotgun_soldier")
L 04/28/2026 - 06:21:13: "SoldierBoy<85><[U:1:900000011]><Blue>" triggered "shot_fired" (weapon "shotgun_soldier")
L 04/28/2026 - 06:21:13: "SoldierBoy<85><[U:1:900000011]><Blue>" triggered "shot_hit" (weapon "shotgun_soldier")
L 04/28/2026 - 06:21:13: "SoldierBoy<85><[U:1:900000011]><Blue>" triggered "damage" against "AirshotKing<86><[U:1:900000013]><Red>" (damage "40") (weapon "shotgun_soldier")
L 04/28/2026 - 06:21:14: "AirshotKing<86><[U:1:900000013]><Red>" triggered "shot_fired" (weapon "shotgun_soldier")
L 04/28/2026 - 06:21:17: "AirshotKing<86><[U:1:900000013]><Red>" triggered "shot_fired" (weapon "shotgun_soldier")
L 04/28/2026 - 06:21:17: "SoldierBoy<85><[U:1:900000011]><Blue>" killed "AirshotKing<86><[U:1:900000013]><Red>" with "world" (attacker_position "-8520 11346 10305") (victim_position "-8435 12162 10275")
L 04/28/2026 - 06:21:17: "AirshotKing<86><[U:1:900000013]><Red>" spawned as "soldier"
L 04/28/2026 - 06:21:21: "AirshotKing<86><[U:1:900000013]><Red>" triggered "shot_fired" (weapon "quake_rl")
L 04/28/2026 - 06:21:21: "SoldierBoy<85><[U:1:900000011]><Blue>" triggered "shot_fired" (weapon "quake_rl")
L 04/28/2026 - 06:21:21: "SoldierBoy<85><[U:1:900000011]><Blue>" triggered "shot_hit" (weapon "quake_rl")
L 04/28/2026 - 06:21:21: "SoldierBoy<85><[U:1:900000011]><Blue>" triggered "damage" against "AirshotKing<86><[U:1:900000013]><Red>" (damage "63") (weapon "quake_rl")
L 04/28/2026 - 06:21:22: "AirshotKing<86><[U:1:900000013]><Red>" triggered "shot_fired" (weapon "quake_rl")
L 04/28/2026 - 06:21:22: "SoldierBoy<85><[U:1:900000011]><Blue>" triggered "shot_fired" (weapon "quake_rl")
L 04/28/2026 - 06:21:23: "AirshotKing<86><[U:1:900000013]><Red>" triggered "shot_fired" (weapon "quake_rl")
L 04/28/2026 - 06:21:23: "AirshotKing<86><[U:1:900000013]><Red>" triggered "shot_hit" (weapon "quake_rl")
L 04/28/2026 - 06:21:23: "AirshotKing<86><[U:1:900000013]><Red>" triggered "damage" against "SoldierBoy<85><[U:1:900000011]><Blue>" (damage "63") (weapon "quake_rl")
L 04/28/2026 - 06:21:23: "SoldierBoy<85><[U:1:900000011]><Blue>" triggered "shot_fired" (weapon "quake_rl")
L 04/28/2026 - 06:21:23: "SoldierBoy<85><[U:1:900000011]><Blue>" triggered "shot_hit" (weapon "quake_rl")
L 04/28/2026 - 06:21:23: "SoldierBoy<85><[U:1:900000011]><Blue>" triggered "damage" against "AirshotKing<86><[U:1:900000013]><Red>" (damage "60") (weapon "quake_rl")
L 04/28/2026 - 06:21:24: "AirshotKing<86><[U:1:900000013]><Red>" triggered "shot_fired" (weapon "quake_rl")
L 04/28/2026 - 06:21:25: "AirshotKing<86><[U:1:900000013]><Red>" triggered "shot_fired" (weapon "shotgun_soldier")
L 04/28/2026 - 06:21:25: "SoldierBoy<85><[U:1:900000011]><Blue>" triggered "shot_fired" (weapon "shotgun_soldier")
L 04/28/2026 - 06:21:25: "SoldierBoy<85><[U:1:900000011]><Blue>" triggered "shot_hit" (weapon "shotgun_soldier")
L 04/28/2026 - 06:21:25: "SoldierBoy<85><[U:1:900000011]><Blue>" triggered "damage" against "AirshotKing<86><[U:1:900000013]><Red>" (damage "87") (realdamage "78") (weapon "shotgun_soldier")
L 04/28/2026 - 06:21:25: "SoldierBoy<85><[U:1:900000011]><Blue>" killed "AirshotKing<86><[U:1:900000013]><Red>" with "shotgun_soldier" (attacker_position "-8255 11788 10439") (victim_position "-8265 11644 10414")
L 04/28/2026 - 06:21:25: "AirshotKing<86><[U:1:900000013]><Red>" spawned as "soldier"
L 04/28/2026 - 06:21:27: "SoldierBoy<85><[U:1:900000011]><Blue>" triggered "shot_fired" (weapon "quake_rl")
L 04/28/2026 - 06:21:27: "AirshotKing<86><[U:1:900000013]><Red>" triggered "shot_fired" (weapon "quake_rl")
L 04/28/2026 - 06:21:27: "AirshotKing<86><[U:1:900000013]><Red>" triggered "shot_hit" (weapon "quake_rl")
L 04/28/2026 - 06:21:27: "AirshotKing<86><[U:1:900000013]><Red>" triggered "damage" against "SoldierBoy<85><[U:1:900000011]><Blue>" (damage "106") (weapon "quake_rl") (airshot "1") (height "229")
L 04/28/2026 - 06:21:28: "SoldierBoy<85><[U:1:900000011]><Blue>" triggered "shot_fired" (weapon "quake_rl")
L 04/28/2026 - 06:21:28: "SoldierBoy<85><[U:1:900000011]><Blue>" triggered "shot_hit" (weapon "quake_rl")
L 04/28/2026 - 06:21:28: "SoldierBoy<85><[U:1:900000011]><Blue>" triggered "damage" against "AirshotKing<86><[U:1:900000013]><Red>" (damage "63") (weapon "quake_rl")
L 04/28/2026 - 06:21:30: "AirshotKing<86><[U:1:900000013]><Red>" triggered "shot_fired" (weapon "quake_rl")
L 04/28/2026 - 06:21:31: "AirshotKing<86><[U:1:900000013]><Red>" triggered "shot_fired" (weapon "quake_rl")
L 04/28/2026 - 06:21:31: "SoldierBoy<85><[U:1:900000011]><Blue>" triggered "damage" against "AirshotKing<86><[U:1:900000013]><Red>" (damage "195") (realdamage "181") (weapon "market_gardener") (crit "crit")
L 04/28/2026 - 06:21:31: "SoldierBoy<85><[U:1:900000011]><Blue>" killed "AirshotKing<86><[U:1:900000013]><Red>" with "market_gardener" (attacker_position "-8798 11726 10835") (victim_position "-8828 11733 10743")
L 04/28/2026 - 06:21:31: "SoldierBoy<85><[U:1:900000011]><Blue>" triggered "domination" against "AirshotKing<86><[U:1:900000013]><Red>"
L 04/28/2026 - 06:21:31: "AirshotKing<86><[U:1:900000013]><Red>" spawned as "soldier"
L 04/28/2026 - 06:21:33: "SoldierBoy<85><[U:1:900000011]><Blue>" triggered "shot_fired" (weapon "quake_rl")
L 04/28/2026 - 06:21:34: "AirshotKing<86><[U:1:900000013]><Red>" triggered "shot_fired" (weapon "quake_rl")
L 04/28/2026 - 06:21:34: "AirshotKing<86><[U:1:900000013]><Red>" triggered "shot_hit" (weapon "quake_rl")
L 04/28/2026 - 06:21:34: "AirshotKing<86><[U:1:900000013]><Red>" triggered "damage" against "SoldierBoy<85><[U:1:900000011]><Blue>" (damage "52") (weapon "quake_rl")
L 04/28/2026 - 06:21:34: "SoldierBoy<85><[U:1:900000011]><Blue>" triggered "shot_fired" (weapon "quake_rl")
L 04/28/2026 - 06:21:34: "AirshotKing<86><[U:1:900000013]><Red>" triggered "shot_fired" (weapon "quake_rl")
L 04/28/2026 - 06:21:34: "SoldierBoy<85><[U:1:900000011]><Blue>" triggered "shot_hit" (weapon "quake_rl")
L 04/28/2026 - 06:21:34: "SoldierBoy<85><[U:1:900000011]><Blue>" triggered "damage" against "AirshotKing<86><[U:1:900000013]><Red>" (damage "51") (weapon "quake_rl")
L 04/28/2026 - 06:21:34: "AirshotKing<86><[U:1:900000013]><Red>" triggered "shot_hit" (weapon "quake_rl")
L 04/28/2026 - 06:21:34: "AirshotKing<86><[U:1:900000013]><Red>" triggered "damage" against "SoldierBoy<85><[U:1:900000011]><Blue>" (damage "51") (weapon "quake_rl")
L 04/28/2026 - 06:21:35: "SoldierBoy<85><[U:1:900000011]><Blue>" triggered "shot_fired" (weapon "quake_rl")
L 04/28/2026 - 06:21:35: "AirshotKing<86><[U:1:900000013]><Red>" triggered "shot_fired" (weapon "quake_rl")
L 04/28/2026 - 06:21:35: "AirshotKing<86><[U:1:900000013]><Red>" triggered "shot_hit" (weapon "quake_rl")
L 04/28/2026 - 06:21:35: "AirshotKing<86><[U:1:900000013]><Red>" triggered "damage" against "SoldierBoy<85><[U:1:900000011]><Blue>" (damage "95") (weapon "quake_rl")
L 04/28/2026 - 06:21:36: "AirshotKing<86><[U:1:900000013]><Red>" triggered "shot_fired" (weapon "shotgun_soldier")
L 04/28/2026 - 06:21:36: "AirshotKing<86><[U:1:900000013]><Red>" triggered "shot_hit" (weapon "shotgun_soldier")
L 04/28/2026 - 06:21:36: "AirshotKing<86><[U:1:900000013]><Red>" triggered "damage" against "SoldierBoy<85><[U:1:900000011]><Blue>" (damage "69") (realdamage "56") (weapon "shotgun_soldier")
L 04/28/2026 - 06:21:36: "AirshotKing<86><[U:1:900000013]><Red>" killed "SoldierBoy<85><[U:1:900000011]><Blue>" with "shotgun_soldier" (attacker_position "-8630 11606 10780") (victim_position "-8617 11464 10774")
L 04/28/2026 - 06:21:36: "AirshotKing<86><[U:1:900000013]><Red>" triggered "revenge" against "SoldierBoy<85><[U:1:900000011]><Blue>"
L 04/28/2026 - 06:21:36: "SoldierBoy<85><[U:1:900000011]><Blue>" spawned as "soldier"
L 04/28/2026 - 06:21:36: "SoldierBoy<85><[U:1:900000011]><Blue>" triggered "shot_fired" (weapon "quake_rl")
L 04/28/2026 - 06:21:36: "SoldierBoy<85><[U:1:900000011]><Blue>" triggered "shot_hit" (weapon "quake_rl")
L 04/28/2026 - 06:21:36: "SoldierBoy<85><[U:1:900000011]><Blue>" triggered "damage" against "AirshotKing<86><[U:1:900000013]><Red>" (damage "26") (weapon "quake_rl")
L 04/28/2026 - 06:21:37: "AirshotKing<86><[U:1:900000013]><Red>" triggered "shot_fired" (weapon "quake_rl")
L 04/28/2026 - 06:21:38: "SoldierBoy<85><[U:1:900000011]><Blue>" triggered "shot_fired" (weapon "quake_rl")
L 04/28/2026 - 06:21:38: "AirshotKing<86><[U:1:900000013]><Red>" triggered "shot_fired" (weapon "quake_rl")
L 04/28/2026 - 06:21:39: "AirshotKing<86><[U:1:900000013]><Red>" triggered "shot_fired" (weapon "quake_rl")
L 04/28/2026 - 06:21:39: "AirshotKing<86><[U:1:900000013]><Red>" triggered "shot_hit" (weapon "quake_rl")
L 04/28/2026 - 06:21:39: "AirshotKing<86><[U:1:900000013]><Red>" triggered "damage" against "SoldierBoy<85><[U:1:900000011]><Blue>" (damage "66") (weapon "quake_rl")
L 04/28/2026 - 06:21:40: "SoldierBoy<85><[U:1:900000011]><Blue>" triggered "shot_fired" (weapon "quake_rl")
L 04/28/2026 - 06:21:40: "SoldierBoy<85><[U:1:900000011]><Blue>" triggered "shot_hit" (weapon "quake_rl")
L 04/28/2026 - 06:21:40: "SoldierBoy<85><[U:1:900000011]><Blue>" triggered "damage" against "AirshotKing<86><[U:1:900000013]><Red>" (damage "79") (weapon "quake_rl")
L 04/28/2026 - 06:21:40: "AirshotKing<86><[U:1:900000013]><Red>" triggered "shot_hit" (weapon "quake_rl")
L 04/28/2026 - 06:21:40: "AirshotKing<86><[U:1:900000013]><Red>" triggered "damage" against "SoldierBoy<85><[U:1:900000011]><Blue>" (damage "107") (weapon "quake_rl")
L 04/28/2026 - 06:21:40: "AirshotKing<86><[U:1:900000013]><Red>" triggered "shot_fired" (weapon "quake_rl")
L 04/28/2026 - 06:21:40: "AirshotKing<86><[U:1:900000013]><Red>" triggered "shot_fired" (weapon "shotgun_soldier")
L 04/28/2026 - 06:21:40: "AirshotKing<86><[U:1:900000013]><Red>" triggered "shot_hit" (weapon "shotgun_soldier")
L 04/28/2026 - 06:21:40: "AirshotKing<86><[U:1:900000013]><Red>" triggered "damage" against "SoldierBoy<85><[U:1:900000011]><Blue>" (damage "84") (realdamage "58") (weapon "shotgun_soldier")
L 04/28/2026 - 06:21:40: "AirshotKing<86><[U:1:900000013]><Red>" killed "SoldierBoy<85><[U:1:900000011]><Blue>" with "shotgun_soldier" (attacker_position "-8493 11748 10904") (victim_position "-8596 11811 10730")
L 04/28/2026 - 06:21:40: "SoldierBoy<85><[U:1:900000011]><Blue>" triggered "shot_hit" (weapon "quake_rl")
L 04/28/2026 - 06:21:40: "SoldierBoy<85><[U:1:900000011]><Blue>" triggered "damage" against "AirshotKing<86><[U:1:900000013]><Red>" (damage "109") (weapon "quake_rl") (airshot "1") (height "187")
L 04/28/2026 - 06:21:41: "SoldierBoy<85><[U:1:900000011]><Blue>" triggered "shot_fired" (weapon "quake_rl")
L 04/28/2026 - 06:21:41: "SoldierBoy<85><[U:1:900000011]><Blue>" spawned as "soldier"
L 04/28/2026 - 06:21:42: "SoldierBoy<85><[U:1:900000011]><Blue>" triggered "shot_hit" (weapon "quake_rl")
L 04/28/2026 - 06:21:42: "SoldierBoy<85><[U:1:900000011]><Blue>" triggered "damage" against "AirshotKing<86><[U:1:900000013]><Red>" (damage "79") (weapon "quake_rl")
L 04/28/2026 - 06:21:42: "SoldierBoy<85><[U:1:900000011]><Blue>" triggered "shot_fired" (weapon "quake_rl")
L 04/28/2026 - 06:21:42: "AirshotKing<86><[U:1:900000013]><Red>" triggered "shot_hit" (weapon "quake_rl")
L 04/28/2026 - 06:21:42: "AirshotKing<86><[U:1:900000013]><Red>" triggered "damage" against "SoldierBoy<85><[U:1:900000011]><Blue>" (damage "74") (weapon "quake_rl")
L 04/28/2026 - 06:21:42: "AirshotKing<86><[U:1:900000013]><Red>" triggered "shot_fired" (weapon "quake_rl")
L 04/28/2026 - 06:21:43: "AirshotKing<86><[U:1:900000013]><Red>" triggered "shot_fired" (weapon "quake_rl")
L 04/28/2026 - 06:21:43: "AirshotKing<86><[U:1:900000013]><Red>" triggered "shot_hit" (weapon "quake_rl")
L 04/28/2026 - 06:21:43: "AirshotKing<86><[U:1:900000013]><Red>" triggered "damage" against "SoldierBoy<85><[U:1:900000011]><Blue>" (damage "110") (weapon "quake_rl")
L 04/28/2026 - 06:21:43: "SoldierBoy<85><[U:1:900000011]><Blue>" triggered "shot_hit" (weapon "quake_rl")
L 04/28/2026 - 06:21:43: "SoldierBoy<85><[U:1:900000011]><Blue>" triggered "damage" against "AirshotKing<86><[U:1:900000013]><Red>" (damage "109") (realdamage "58") (weapon "quake_rl")
L 04/28/2026 - 06:21:43: "SoldierBoy<85><[U:1:900000011]><Blue>" killed "AirshotKing<86><[U:1:900000013]><Red>" with "quake_rl" (attacker_position "-8147 11626 10449") (victim_position "-8212 11755 10516")
L 04/28/2026 - 06:21:43: "SoldierBoy<85><[U:1:900000011]><Blue>" triggered "shot_fired" (weapon "quake_rl")
L 04/28/2026 - 06:21:43: "AirshotKing<86><[U:1:900000013]><Red>" spawned as "soldier"
L 04/28/2026 - 06:21:46: "SoldierBoy<85><[U:1:900000011]><Blue>" triggered "shot_fired" (weapon "quake_rl")
L 04/28/2026 - 06:21:46: "AirshotKing<86><[U:1:900000013]><Red>" triggered "shot_fired" (weapon "quake_rl")
L 04/28/2026 - 06:21:47: "SoldierBoy<85><[U:1:900000011]><Blue>" triggered "shot_hit" (weapon "quake_rl")
L 04/28/2026 - 06:21:47: "SoldierBoy<85><[U:1:900000011]><Blue>" triggered "damage" against "AirshotKing<86><[U:1:900000013]><Red>" (damage "56") (weapon "quake_rl")
L 04/28/2026 - 06:21:47: "AirshotKing<86><[U:1:900000013]><Red>" triggered "shot_fired" (weapon "quake_rl")
L 04/28/2026 - 06:21:47: "AirshotKing<86><[U:1:900000013]><Red>" triggered "shot_hit" (weapon "quake_rl")
L 04/28/2026 - 06:21:47: "AirshotKing<86><[U:1:900000013]><Red>" triggered "damage" against "SoldierBoy<85><[U:1:900000011]><Blue>" (damage "56") (weapon "quake_rl")
L 04/28/2026 - 06:21:47: "SoldierBoy<85><[U:1:900000011]><Blue>" triggered "shot_fired" (weapon "quake_rl")
L 04/28/2026 - 06:21:48: "AirshotKing<86><[U:1:900000013]><Red>" triggered "shot_fired" (weapon "shotgun_soldier")
L 04/28/2026 - 06:21:48: "SoldierBoy<85><[U:1:900000011]><Blue>" triggered "shot_fired" (weapon "quake_rl")
L 04/28/2026 - 06:21:48: "SoldierBoy<85><[U:1:900000011]><Blue>" triggered "shot_hit" (weapon "quake_rl")
L 04/28/2026 - 06:21:48: "SoldierBoy<85><[U:1:900000011]><Blue>" triggered "damage" against "AirshotKing<86><[U:1:900000013]><Red>" (damage "89") (weapon "quake_rl")
L 04/28/2026 - 06:21:49: "SoldierBoy<85><[U:1:900000011]><Blue>" triggered "shot_fired" (weapon "shotgun_soldier")
L 04/28/2026 - 06:21:49: "SoldierBoy<85><[U:1:900000011]><Blue>" triggered "shot_hit" (weapon "shotgun_soldier")
L 04/28/2026 - 06:21:49: "SoldierBoy<85><[U:1:900000011]><Blue>" triggered "damage" against "AirshotKing<86><[U:1:900000013]><Red>" (damage "26") (realdamage "11") (weapon "shotgun_soldier")
L 04/28/2026 - 06:21:49: "SoldierBoy<85><[U:1:900000011]><Blue>" killed "AirshotKing<86><[U:1:900000013]><Red>" with "shotgun_soldier" (attacker_position "-8940 11954 10828") (victim_position "-8534 11795 10913")
L 04/28/2026 - 06:21:49: "AirshotKing<86><[U:1:900000013]><Red>" spawned as "soldier"
L 04/28/2026 - 06:21:51: "AirshotKing<86><[U:1:900000013]><Red>" triggered "shot_fired" (weapon "quake_rl")
L 04/28/2026 - 06:21:52: "SoldierBoy<85><[U:1:900000011]><Blue>" triggered "shot_hit" (weapon "quake_rl")
L 04/28/2026 - 06:21:52: "SoldierBoy<85><[U:1:900000011]><Blue>" triggered "damage" against "AirshotKing<86><[U:1:900000013]><Red>" (damage "104") (weapon "quake_rl") (airshot "1") (height "231")
L 04/28/2026 - 06:21:52: "SoldierBoy<85><[U:1:900000011]><Blue>" triggered "shot_fired" (weapon "quake_rl")
L 04/28/2026 - 06:21:52: "AirshotKing<86><[U:1:900000013]><Red>" triggered "shot_fired" (weapon "quake_rl")
L 04/28/2026 - 06:21:53: "AirshotKing<86><[U:1:900000013]><Red>" triggered "shot_hit" (weapon "quake_rl")
L 04/28/2026 - 06:21:53: "AirshotKing<86><[U:1:900000013]><Red>" triggered "damage" against "SoldierBoy<85><[U:1:900000011]><Blue>" (damage "59") (weapon "quake_rl")
L 04/28/2026 - 06:21:53: "SoldierBoy<85><[U:1:900000011]><Blue>" triggered "shot_fired" (weapon "quake_rl")
L 04/28/2026 - 06:21:53: "AirshotKing<86><[U:1:900000013]><Red>" triggered "shot_fired" (weapon "quake_rl")
L 04/28/2026 - 06:21:53: "AirshotKing<86><[U:1:900000013]><Red>" triggered "shot_hit" (weapon "quake_rl")
L 04/28/2026 - 06:21:53: "AirshotKing<86><[U:1:900000013]><Red>" triggered "damage" against "SoldierBoy<85><[U:1:900000011]><Blue>" (damage "73") (weapon "quake_rl")
L 04/28/2026 - 06:21:53: "SoldierBoy<85><[U:1:900000011]><Blue>" triggered "shot_fired" (weapon "quake_rl")
L 04/28/2026 - 06:21:54: "AirshotKing<86><[U:1:900000013]><Red>" triggered "shot_fired" (weapon "shotgun_soldier")
L 04/28/2026 - 06:21:54: "AirshotKing<86><[U:1:900000013]><Red>" triggered "shot_hit" (weapon "shotgun_soldier")
L 04/28/2026 - 06:21:54: "AirshotKing<86><[U:1:900000013]><Red>" triggered "damage" against "SoldierBoy<85><[U:1:900000011]><Blue>" (damage "86") (weapon "shotgun_soldier")
L 04/28/2026 - 06:21:54: "SoldierBoy<85><[U:1:900000011]><Blue>" triggered "shot_fired" (weapon "shotgun_soldier")
L 04/28/2026 - 06:21:55: "AirshotKing<86><[U:1:900000013]><Red>" triggered "shot_fired" (weapon "shotgun_soldier")
L 04/28/2026 - 06:21:55: "SoldierBoy<85><[U:1:900000011]><Blue>" triggered "shot_fired" (weapon "shotgun_soldier")
L 04/28/2026 - 06:21:55: "SoldierBoy<85><[U:1:900000011]><Blue>" triggered "shot_hit" (weapon "shotgun_soldier")
L 04/28/2026 - 06:21:55: "SoldierBoy<85><[U:1:900000011]><Blue>" triggered "damage" against "AirshotKing<86><[U:1:900000013]><Red>" (damage "89") (weapon "shotgun_soldier")
L 04/28/2026 - 06:21:55: "AirshotKing<86><[U:1:900000013]><Red>" triggered "shot_fired" (weapon "shotgun_soldier")
L 04/28/2026 - 06:21:55: "AirshotKing<86><[U:1:900000013]><Red>" triggered "shot_hit" (weapon "shotgun_soldier")
L 04/28/2026 - 06:21:55: "AirshotKing<86><[U:1:900000013]><Red>" triggered "damage" against "SoldierBoy<85><[U:1:900000011]><Blue>" (damage "88") (realdamage "33") (weapon "shotgun_soldier")
L 04/28/2026 - 06:21:55: "AirshotKing<86><[U:1:900000013]><Red>" killed "SoldierBoy<85><[U:1:900000011]><Blue>" with "shotgun_soldier" (attacker_position "-8373 11571 10591") (victim_position "-8455 11497 10597")
L 04/28/2026 - 06:21:55: "SoldierBoy<85><[U:1:900000011]><Blue>" spawned as "soldier"
L 04/28/2026 - 06:21:57: "AirshotKing<86><[U:1:900000013]><Red>" triggered "shot_fired" (weapon "quake_rl")
L 04/28/2026 - 06:21:57: "SoldierBoy<85><[U:1:900000011]><Blue>" triggered "shot_fired" (weapon "quake_rl")
L 04/28/2026 - 06:21:57: "SoldierBoy<85><[U:1:900000011]><Blue>" triggered "shot_hit" (weapon "quake_rl")
L 04/28/2026 - 06:21:57: "SoldierBoy<85><[U:1:900000011]><Blue>" triggered "damage" against "AirshotKing<86><[U:1:900000013]><Red>" (damage "85") (weapon "quake_rl")
L 04/28/2026 - 06:21:58: "AirshotKing<86><[U:1:900000013]><Red>" triggered "shot_fired" (weapon "quake_rl")
L 04/28/2026 - 06:21:58: "SoldierBoy<85><[U:1:900000011]><Blue>" triggered "shot_fired" (weapon "quake_rl")
L 04/28/2026 - 06:21:59: "SoldierBoy<85><[U:1:900000011]><Blue>" triggered "shot_hit" (weapon "quake_rl")
L 04/28/2026 - 06:21:59: "SoldierBoy<85><[U:1:900000011]><Blue>" triggered "damage" against "AirshotKing<86><[U:1:900000013]><Red>" (damage "38") (weapon "quake_rl")
L 04/28/2026 - 06:22:00: "AirshotKing<86><[U:1:900000013]><Red>" triggered "shot_fired" (weapon "quake_rl")
L 04/28/2026 - 06:22:00: "AirshotKing<86><[U:1:900000013]><Red>" triggered "shot_fired" (weapon "shotgun_soldier")
L 04/28/2026 - 06:22:01: "SoldierBoy<85><[U:1:900000011]><Blue>" triggered "damage" against "AirshotKing<86><[U:1:900000013]><Red>" (damage "195") (realdamage "123") (weapon "market_gardener") (crit "crit")
L 04/28/2026 - 06:22:01: "SoldierBoy<85><[U:1:900000011]><Blue>" killed "AirshotKing<86><[U:1:900000013]><Red>" with "market_gardener" (attacker_position "-8508 11545 10700") (victim_position "-8498 11526 10604")
L 04/28/2026 - 06:22:01: "AirshotKing<86><[U:1:900000013]><Red>" spawned as "soldier"
L 04/28/2026 - 06:22:03: "SoldierBoy<85><[U:1:900000011]><Blue>" triggered "shot_fired" (weapon "quake_rl")
L 04/28/2026 - 06:22:03: "AirshotKing<86><[U:1:900000013]><Red>" triggered "shot_fired" (weapon "quake_rl")
L 04/28/2026 - 06:22:03: "AirshotKing<86><[U:1:900000013]><Red>" triggered "shot_hit" (weapon "quake_rl")
L 04/28/2026 - 06:22:03: "AirshotKing<86><[U:1:900000013]><Red>" triggered "damage" against "SoldierBoy<85><[U:1:900000011]><Blue>" (damage "75") (weapon "quake_rl")
L 04/28/2026 - 06:22:04: "SoldierBoy<85><[U:1:900000011]><Blue>" triggered "shot_fired" (weapon "quake_rl")
L 04/28/2026 - 06:22:04: "AirshotKing<86><[U:1:900000013]><Red>" triggered "shot_fired" (weapon "quake_rl")
L 04/28/2026 - 06:22:04: "AirshotKing<86><[U:1:900000013]><Red>" triggered "shot_hit" (weapon "quake_rl")
L 04/28/2026 - 06:22:04: "AirshotKing<86><[U:1:900000013]><Red>" triggered "damage" against "SoldierBoy<85><[U:1:900000011]><Blue>" (damage "68") (weapon "quake_rl")
L 04/28/2026 - 06:22:05: "AirshotKing<86><[U:1:900000013]><Red>" triggered "shot_fired" (weapon "quake_rl")
L 04/28/2026 - 06:22:05: "AirshotKing<86><[U:1:900000013]><Red>" triggered "shot_fired" (weapon "shotgun_soldier")
L 04/28/2026 - 06:22:05: "AirshotKing<86><[U:1:900000013]><Red>" triggered "shot_hit" (weapon "shotgun_soldier")
L 04/28/2026 - 06:22:05: "AirshotKing<86><[U:1:900000013]><Red>" triggered "damage" against "SoldierBoy<85><[U:1:900000011]><Blue>" (damage "41") (weapon "shotgun_soldier")
L 04/28/2026 - 06:22:06: "SoldierBoy<85><[U:1:900000011]><Blue>" triggered "shot_fired" (weapon "quake_rl")
L 04/28/2026 - 06:22:06: "SoldierBoy<85><[U:1:900000011]><Blue>" triggered "shot_fired" (weapon "quake_rl")
L 04/28/2026 - 06:22:07: "AirshotKing<86><[U:1:900000013]><Red>" picked up item "tf_ammo_pack"
L 04/28/2026 - 06:22:07: "AirshotKing<86><[U:1:900000013]><Red>" triggered "shot_hit" (weapon "quake_rl")
L 04/28/2026 - 06:22:07: "AirshotKing<86><[U:1:900000013]><Red>" triggered "damage" against "SoldierBoy<85><[U:1:900000011]><Blue>" (damage "55") (weapon "quake_rl")
L 04/28/2026 - 06:22:07: "SoldierBoy<85><[U:1:900000011]><Blue>" triggered "shot_fired" (weapon "shotgun_soldier")
L 04/28/2026 - 06:22:07: "SoldierBoy<85><[U:1:900000011]><Blue>" triggered "shot_hit" (weapon "shotgun_soldier")
L 04/28/2026 - 06:22:07: "SoldierBoy<85><[U:1:900000011]><Blue>" triggered "damage" against "AirshotKing<86><[U:1:900000013]><Red>" (damage "87") (weapon "shotgun_soldier")
L 04/28/2026 - 06:22:07: "AirshotKing<86><[U:1:900000013]><Red>" triggered "shot_fired" (weapon "quake_rl")
L 04/28/2026 - 06:22:08: "AirshotKing<86><[U:1:900000013]><Red>" killed "SoldierBoy<85><[U:1:900000011]><Blue>" with "world" (attacker_position "-8594 11600 10710") (victim_position "-8391 11459 10391")
L 04/28/2026 - 06:22:08: "SoldierBoy<85><[U:1:900000011]><Blue>" spawned as "soldier"
L 04/28/2026 - 06:22:10: "SoldierBoy<85><[U:1:900000011]><Blue>" triggered "shot_fired" (weapon "quake_rl")
L 04/28/2026 - 06:22:10: "AirshotKing<86><[U:1:900000013]><Red>" triggered "shot_fired" (weapon "quake_rl")
L 04/28/2026 - 06:22:10: "SoldierBoy<85><[U:1:900000011]><Blue>" triggered "shot_hit" (weapon "quake_rl")
L 04/28/2026 - 06:22:10: "SoldierBoy<85><[U:1:900000011]><Blue>" triggered "damage" against "AirshotKing<86><[U:1:900000013]><Red>" (damage "72") (weapon "quake_rl")
L 04/28/2026 - 06:22:10: "AirshotKing<86><[U:1:900000013]><Red>" triggered "shot_hit" (weapon "quake_rl")
L 04/28/2026 - 06:22:10: "AirshotKing<86><[U:1:900000013]><Red>" triggered "damage" against "SoldierBoy<85><[U:1:900000011]><Blue>" (damage "103") (weapon "quake_rl") (airshot "1") (height "282")
L 04/28/2026 - 06:22:11: "AirshotKing<86><[U:1:900000013]><Red>" triggered "shot_fired" (weapon "quake_rl")
L 04/28/2026 - 06:22:11: "SoldierBoy<85><[U:1:900000011]><Blue>" triggered "shot_fired" (weapon "quake_rl")
L 04/28/2026 - 06:22:12: "AirshotKing<86><[U:1:900000013]><Red>" triggered "shot_fired" (weapon "quake_rl")
L 04/28/2026 - 06:22:12: "AirshotKing<86><[U:1:900000013]><Red>" triggered "shot_hit" (weapon "quake_rl")
L 04/28/2026 - 06:22:12: "AirshotKing<86><[U:1:900000013]><Red>" triggered "damage" against "SoldierBoy<85><[U:1:900000011]><Blue>" (damage "49") (weapon "quake_rl")
L 04/28/2026 - 06:22:13: "AirshotKing<86><[U:1:900000013]><Red>" triggered "shot_fired" (weapon "quake_rl")
L 04/28/2026 - 06:22:13: "SoldierBoy<85><[U:1:900000011]><Blue>" triggered "shot_fired" (weapon "quake_rl")
L 04/28/2026 - 06:22:14: "AirshotKing<86><[U:1:900000013]><Red>" triggered "shot_fired" (weapon "shotgun_soldier")
L 04/28/2026 - 06:22:14: "AirshotKing<86><[U:1:900000013]><Red>" triggered "shot_hit" (weapon "shotgun_soldier")
L 04/28/2026 - 06:22:14: "AirshotKing<86><[U:1:900000013]><Red>" triggered "damage" against "SoldierBoy<85><[U:1:900000011]><Blue>" (damage "58") (weapon "shotgun_soldier")
L 04/28/2026 - 06:22:15: "AirshotKing<86><[U:1:900000013]><Red>" triggered "shot_fired" (weapon "shotgun_soldier")
L 04/28/2026 - 06:22:16: "SoldierBoy<85><[U:1:900000011]><Blue>" triggered "shot_fired" (weapon "shotgun_soldier")
L 04/28/2026 - 06:22:16: "SoldierBoy<85><[U:1:900000011]><Blue>" triggered "shot_hit" (weapon "shotgun_soldier")
L 04/28/2026 - 06:22:16: "SoldierBoy<85><[U:1:900000011]><Blue>" triggered "damage" against "AirshotKing<86><[U:1:900000013]><Red>" (damage "85") (weapon "shotgun_soldier")
L 04/28/2026 - 06:22:16: "AirshotKing<86><[U:1:900000013]><Red>" triggered "shot_fired" (weapon "shotgun_soldier")
L 04/28/2026 - 06:22:16: "AirshotKing<86><[U:1:900000013]><Red>" triggered "shot_hit" (weapon "shotgun_soldier")
L 04/28/2026 - 06:22:16: "AirshotKing<86><[U:1:900000013]><Red>" triggered "damage" against "SoldierBoy<85><[U:1:900000011]><Blue>" (damage "32") (realdamage "5") (weapon "shotgun_soldier")
L 04/28/2026 - 06:22:16: "AirshotKing<86><[U:1:900000013]><Red>" killed "SoldierBoy<85><[U:1:900000011]><Blue>" with "shotgun_soldier" (attacker_position "-8376 11847 10589") (victim_position "-8577 11868 10791")
L 04/28/2026 - 06:22:16: "SoldierBoy<85><[U:1:900000011]><Blue>" spawned as "soldier"
L 04/28/2026 - 06:22:18: "AirshotKing<86><[U:1:900000013]><Red>" triggered "shot_hit" (weapon "quake_rl")
L 04/28/2026 - 06:22:18: "AirshotKing<86><[U:1:900000013]><Red>" triggered "damage" against "SoldierBoy<85><[U:1:900000011]><Blue>" (damage "106") (weapon "quake_rl") (airshot "1") (height "435")
L 04/28/2026 - 06:22:18: "AirshotKing<86><[U:1:900000013]><Red>" triggered "shot_fired" (weapon "quake_rl")
L 04/28/2026 - 06:22:18: "SoldierBoy<85><[U:1:900000011]><Blue>" triggered "shot_fired" (weapon "quake_rl")
L 04/28/2026 - 06:22:18: "SoldierBoy<85><[U:1:900000011]><Blue>" triggered "shot_hit" (weapon "quake_rl")
L 04/28/2026 - 06:22:18: "SoldierBoy<85><[U:1:900000011]><Blue>" triggered "damage" against "AirshotKing<86><[U:1:900000013]><Red>" (damage "55") (weapon "quake_rl")
L 04/28/2026 - 06:22:19: "AirshotKing<86><[U:1:900000013]><Red>" triggered "shot_fired" (weapon "quake_rl")
L 04/28/2026 - 06:22:19: "SoldierBoy<85><[U:1:900000011]><Blue>" triggered "shot_fired" (weapon "quake_rl")
L 04/28/2026 - 06:22:20: "AirshotKing<86><[U:1:900000013]><Red>" triggered "shot_fired" (weapon "quake_rl")
L 04/28/2026 - 06:22:20: "SoldierBoy<85><[U:1:900000011]><Blue>" triggered "shot_hit" (weapon "quake_rl")
L 04/28/2026 - 06:22:20: "SoldierBoy<85><[U:1:900000011]><Blue>" triggered "damage" against "AirshotKing<86><[U:1:900000013]><Red>" (damage "32") (weapon "quake_rl")
L 04/28/2026 - 06:22:20: "SoldierBoy<85><[U:1:900000011]><Blue>" triggered "shot_fired" (weapon "quake_rl")
L 04/28/2026 - 06:22:21: "AirshotKing<86><[U:1:900000013]><Red>" triggered "shot_fired" (weapon "quake_rl")
L 04/28/2026 - 06:22:21: "SoldierBoy<85><[U:1:900000011]><Blue>" triggered "shot_fired" (weapon "shotgun_soldier")
L 04/28/2026 - 06:22:21: "SoldierBoy<85><[U:1:900000011]><Blue>" triggered "shot_hit" (weapon "shotgun_soldier")
L 04/28/2026 - 06:22:21: "SoldierBoy<85><[U:1:900000011]><Blue>" triggered "damage" against "AirshotKing<86><[U:1:900000013]><Red>" (damage "51") (weapon "shotgun_soldier")
L 04/28/2026 - 06:22:21: "SoldierBoy<85><[U:1:900000011]><Blue>" triggered "shot_hit" (weapon "quake_rl")
L 04/28/2026 - 06:22:21: "SoldierBoy<85><[U:1:900000011]><Blue>" triggered "damage" against "AirshotKing<86><[U:1:900000013]><Red>" (damage "51") (weapon "quake_rl")
L 04/28/2026 - 06:22:21: "AirshotKing<86><[U:1:900000013]><Red>" triggered "shot_fired" (weapon "shotgun_soldier")
L 04/28/2026 - 06:22:21: "AirshotKing<86><[U:1:900000013]><Red>" triggered "shot_hit" (weapon "shotgun_soldier")
L 04/28/2026 - 06:22:21: "AirshotKing<86><[U:1:900000013]><Red>" triggered "damage" against "SoldierBoy<85><[U:1:900000011]><Blue>" (damage "41") (weapon "shotgun_soldier")
L 04/28/2026 - 06:22:22: "SoldierBoy<85><[U:1:900000011]><Blue>" triggered "shot_fired" (weapon "shotgun_soldier")
L 04/28/2026 - 06:22:22: "AirshotKing<86><[U:1:900000013]><Red>" triggered "shot_fired" (weapon "shotgun_soldier")
L 04/28/2026 - 06:22:22: "AirshotKing<86><[U:1:900000013]><Red>" triggered "shot_hit" (weapon "shotgun_soldier")
L 04/28/2026 - 06:22:22: "AirshotKing<86><[U:1:900000013]><Red>" triggered "damage" against "SoldierBoy<85><[U:1:900000011]><Blue>" (damage "63") (realdamage "54") (weapon "shotgun_soldier")
L 04/28/2026 - 06:22:22: "AirshotKing<86><[U:1:900000013]><Red>" killed "SoldierBoy<85><[U:1:900000011]><Blue>" with "shotgun_soldier" (attacker_position "-8581 11780 10728") (victim_position "-8406 11923 10559")
L 04/28/2026 - 06:22:22: "SoldierBoy<85><[U:1:900000011]><Blue>" spawned as "soldier"
L 04/28/2026 - 06:22:24: "SoldierBoy<85><[U:1:900000011]><Blue>" triggered "shot_fired" (weapon "quake_rl")
L 04/28/2026 - 06:22:24: "AirshotKing<86><[U:1:900000013]><Red>" triggered "shot_fired" (weapon "quake_rl")
L 04/28/2026 - 06:22:25: "SoldierBoy<85><[U:1:900000011]><Blue>" triggered "shot_fired" (weapon "quake_rl")
L 04/28/2026 - 06:22:25: "SoldierBoy<85><[U:1:900000011]><Blue>" triggered "shot_hit" (weapon "quake_rl")
L 04/28/2026 - 06:22:25: "SoldierBoy<85><[U:1:900000011]><Blue>" triggered "damage" against "AirshotKing<86><[U:1:900000013]><Red>" (damage "66") (weapon "quake_rl")
L 04/28/2026 - 06:22:25: "AirshotKing<86><[U:1:900000013]><Red>" triggered "shot_hit" (weapon "quake_rl")
L 04/28/2026 - 06:22:25: "AirshotKing<86><[U:1:900000013]><Red>" triggered "damage" against "SoldierBoy<85><[U:1:900000011]><Blue>" (damage "72") (weapon "quake_rl")
L 04/28/2026 - 06:22:25: "AirshotKing<86><[U:1:900000013]><Red>" triggered "shot_fired" (weapon "quake_rl")
L 04/28/2026 - 06:22:26: "AirshotKing<86><[U:1:900000013]><Red>" triggered "shot_fired" (weapon "quake_rl")
L 04/28/2026 - 06:22:27: "SoldierBoy<85><[U:1:900000011]><Blue>" triggered "shot_hit" (weapon "quake_rl")
L 04/28/2026 - 06:22:27: "SoldierBoy<85><[U:1:900000011]><Blue>" triggered "damage" against "AirshotKing<86><[U:1:900000013]><Red>" (damage "93") (weapon "quake_rl")
L 04/28/2026 - 06:22:27: "SoldierBoy<85><[U:1:900000011]><Blue>" triggered "shot_fired" (weapon "quake_rl")
L 04/28/2026 - 06:22:27: "AirshotKing<86><[U:1:900000013]><Red>" triggered "shot_fired" (weapon "quake_rl")
L 04/28/2026 - 06:22:27: "SoldierBoy<85><[U:1:900000011]><Blue>" triggered "shot_fired" (weapon "shotgun_soldier")
L 04/28/2026 - 06:22:27: "SoldierBoy<85><[U:1:900000011]><Blue>" triggered "shot_hit" (weapon "shotgun_soldier")
L 04/28/2026 - 06:22:27: "SoldierBoy<85><[U:1:900000011]><Blue>" triggered "damage" against "AirshotKing<86><[U:1:900000013]><Red>" (damage "13") (weapon "shotgun_soldier")
L 04/28/2026 - 06:22:27: "AirshotKing<86><[U:1:900000013]><Red>" triggered "shot_fired" (weapon "shotgun_soldier")
L 04/28/2026 - 06:22:27: "AirshotKing<86><[U:1:900000013]><Red>" triggered "shot_hit" (weapon "shotgun_soldier")
L 04/28/2026 - 06:22:27: "AirshotKing<86><[U:1:900000013]><Red>" triggered "damage" against "SoldierBoy<85><[U:1:900000011]><Blue>" (damage "38") (weapon "shotgun_soldier")
L 04/28/2026 - 06:22:28: "SoldierBoy<85><[U:1:900000011]><Blue>" triggered "shot_fired" (weapon "shotgun_soldier")
L 04/28/2026 - 06:22:28: "SoldierBoy<85><[U:1:900000011]><Blue>" triggered "shot_hit" (weapon "shotgun_soldier")
L 04/28/2026 - 06:22:28: "SoldierBoy<85><[U:1:900000011]><Blue>" triggered "damage" against "AirshotKing<86><[U:1:900000013]><Red>" (damage "22") (weapon "shotgun_soldier")
L 04/28/2026 - 06:22:28: "AirshotKing<86><[U:1:900000013]><Red>" triggered "shot_fired" (weapon "shotgun_soldier")
L 04/28/2026 - 06:22:28: "AirshotKing<86><[U:1:900000013]><Red>" triggered "shot_hit" (weapon "shotgun_soldier")
L 04/28/2026 - 06:22:28: "AirshotKing<86><[U:1:900000013]><Red>" triggered "damage" against "SoldierBoy<85><[U:1:900000011]><Blue>" (damage "19") (weapon "shotgun_soldier")
L 04/28/2026 - 06:22:34: "SoldierBoy<85><[U:1:900000011]><Blue>" triggered "shot_fired" (weapon "shotgun_soldier")
L 04/28/2026 - 06:22:34: "SoldierBoy<85><[U:1:900000011]><Blue>" triggered "shot_hit" (weapon "shotgun_soldier")
L 04/28/2026 - 06:22:34: "SoldierBoy<85><[U:1:900000011]><Blue>" triggered "damage" against "AirshotKing<86><[U:1:900000013]><Red>" (damage "83") (realdamage "12") (weapon "shotgun_soldier")
L 04/28/2026 - 06:22:34: "SoldierBoy<85><[U:1:900000011]><Blue>" killed "AirshotKing<86><[U:1:900000013]><Red>" with "shotgun_soldier" (attacker_position "-8736 11884 10736") (victim_position "-8546 11899 10649")
L 04/28/2026 - 06:22:34: "AirshotKing<86><[U:1:900000013]><Red>" triggered "shot_hit" (weapon "quake_rl")
L 04/28/2026 - 06:22:34: "AirshotKing<86><[U:1:900000013]><Red>" triggered "damage" against "SoldierBoy<85><[U:1:900000011]><Blue>" (damage "106") (weapon "quake_rl")
L 04/28/2026 - 06:22:34: "AirshotKing<86><[U:1:900000013]><Red>" triggered "shot_fired" (weapon "quake_rl")
L 04/28/2026 - 06:22:34: "AirshotKing<86><[U:1:900000013]><Red>" spawned as "soldier"
L 04/28/2026 - 06:22:36: "SoldierBoy<85><[U:1:900000011]><Blue>" triggered "shot_fired" (weapon "quake_rl")
L 04/28/2026 - 06:22:36: "AirshotKing<86><[U:1:900000013]><Red>" triggered "shot_fired" (weapon "quake_rl")
L 04/28/2026 - 06:22:36: "AirshotKing<86><[U:1:900000013]><Red>" triggered "shot_hit" (weapon "quake_rl")
L 04/28/2026 - 06:22:36: "AirshotKing<86><[U:1:900000013]><Red>" triggered "damage" against "SoldierBoy<85><[U:1:900000011]><Blue>" (damage "50") (weapon "quake_rl")
L 04/28/2026 - 06:22:37: "SoldierBoy<85><[U:1:900000011]><Blue>" triggered "shot_fired" (weapon "quake_rl")
L 04/28/2026 - 06:22:37: "SoldierBoy<85><[U:1:900000011]><Blue>" triggered "shot_hit" (weapon "quake_rl")
L 04/28/2026 - 06:22:37: "SoldierBoy<85><[U:1:900000011]><Blue>" triggered "damage" against "AirshotKing<86><[U:1:900000013]><Red>" (damage "83") (weapon "quake_rl")
L 04/28/2026 - 06:22:37: "AirshotKing<86><[U:1:900000013]><Red>" triggered "shot_hit" (weapon "quake_rl")
L 04/28/2026 - 06:22:37: "AirshotKing<86><[U:1:900000013]><Red>" triggered "damage" against "SoldierBoy<85><[U:1:900000011]><Blue>" (damage "110") (weapon "quake_rl") (airshot "1") (height "283")
L 04/28/2026 - 06:22:37: "AirshotKing<86><[U:1:900000013]><Red>" triggered "shot_fired" (weapon "quake_rl")
L 04/28/2026 - 06:22:38: "AirshotKing<86><[U:1:900000013]><Red>" triggered "shot_fired" (weapon "quake_rl")
L 04/28/2026 - 06:22:38: "SoldierBoy<85><[U:1:900000011]><Blue>" triggered "shot_fired" (weapon "quake_rl")
L 04/28/2026 - 06:22:38: "AirshotKing<86><[U:1:900000013]><Red>" triggered "shot_hit" (weapon "quake_rl")
L 04/28/2026 - 06:22:38: "AirshotKing<86><[U:1:900000013]><Red>" triggered "damage" against "SoldierBoy<85><[U:1:900000011]><Blue>" (damage "77") (realdamage "40") (weapon "quake_rl") (airshot "1") (height "257")
L 04/28/2026 - 06:22:38: "AirshotKing<86><[U:1:900000013]><Red>" killed "SoldierBoy<85><[U:1:900000011]><Blue>" with "quake_rl" (attacker_position "-8614 11727 11391") (victim_position "-8403 11538 10849")
L 04/28/2026 - 06:22:38: "SoldierBoy<85><[U:1:900000011]><Blue>" spawned as "soldier"
L 04/28/2026 - 06:22:40: "SoldierBoy<85><[U:1:900000011]><Blue>" triggered "shot_fired" (weapon "quake_rl")
L 04/28/2026 - 06:22:41: "SoldierBoy<85><[U:1:900000011]><Blue>" triggered "shot_hit" (weapon "quake_rl")
L 04/28/2026 - 06:22:41: "SoldierBoy<85><[U:1:900000011]><Blue>" triggered "damage" against "AirshotKing<86><[U:1:900000013]><Red>" (damage "68") (weapon "quake_rl")
L 04/28/2026 - 06:22:41: "AirshotKing<86><[U:1:900000013]><Red>" triggered "shot_fired" (weapon "quake_rl")
L 04/28/2026 - 06:22:41: "AirshotKing<86><[U:1:900000013]><Red>" triggered "shot_hit" (weapon "quake_rl")
L 04/28/2026 - 06:22:41: "AirshotKing<86><[U:1:900000013]><Red>" triggered "damage" against "SoldierBoy<85><[U:1:900000011]><Blue>" (damage "104") (weapon "quake_rl") (airshot "1") (height "184")
L 04/28/2026 - 06:22:42: "SoldierBoy<85><[U:1:900000011]><Blue>" triggered "shot_fired" (weapon "quake_rl")
L 04/28/2026 - 06:22:45: "SoldierBoy<85><[U:1:900000011]><Blue>" triggered "shot_fired" (weapon "quake_rl")
L 04/28/2026 - 06:22:45: "AirshotKing<86><[U:1:900000013]><Red>" triggered "shot_fired" (weapon "quake_rl")
L 04/28/2026 - 06:22:46: "AirshotKing<86><[U:1:900000013]><Red>" triggered "shot_hit" (weapon "quake_rl")
L 04/28/2026 - 06:22:46: "AirshotKing<86><[U:1:900000013]><Red>" triggered "damage" against "SoldierBoy<85><[U:1:900000011]><Blue>" (damage "79") (realdamage "57") (weapon "quake_rl")
L 04/28/2026 - 06:22:46: "AirshotKing<86><[U:1:900000013]><Red>" killed "SoldierBoy<85><[U:1:900000011]><Blue>" with "quake_rl" (attacker_position "-8600 11783 10736") (victim_position "-8689 11562 10651")
L 04/28/2026 - 06:22:46: "AirshotKing<86><[U:1:900000013]><Red>" triggered "shot_fired" (weapon "quake_rl")
L 04/28/2026 - 06:22:46: "SoldierBoy<85><[U:1:900000011]><Blue>" spawned as "soldier"
L 04/28/2026 - 06:22:48: "SoldierBoy<85><[U:1:900000011]><Blue>" triggered "shot_fired" (weapon "quake_rl")
L 04/28/2026 - 06:22:48: "SoldierBoy<85><[U:1:900000011]><Blue>" triggered "shot_hit" (weapon "quake_rl")
L 04/28/2026 - 06:22:48: "SoldierBoy<85><[U:1:900000011]><Blue>" triggered "damage" against "AirshotKing<86><[U:1:900000013]><Red>" (damage "61") (weapon "quake_rl")
L 04/28/2026 - 06:22:48: "AirshotKing<86><[U:1:900000013]><Red>" triggered "shot_fired" (weapon "quake_rl")
L 04/28/2026 - 06:22:49: "AirshotKing<86><[U:1:900000013]><Red>" triggered "shot_fired" (weapon "quake_rl")
L 04/28/2026 - 06:22:49: "AirshotKing<86><[U:1:900000013]><Red>" triggered "shot_hit" (weapon "quake_rl")
L 04/28/2026 - 06:22:49: "AirshotKing<86><[U:1:900000013]><Red>" triggered "damage" against "SoldierBoy<85><[U:1:900000011]><Blue>" (damage "83") (weapon "quake_rl")
L 04/28/2026 - 06:22:50: "SoldierBoy<85><[U:1:900000011]><Blue>" triggered "shot_fired" (weapon "quake_rl")
L 04/28/2026 - 06:22:50: "SoldierBoy<85><[U:1:900000011]><Blue>" triggered "shot_hit" (weapon "quake_rl")
L 04/28/2026 - 06:22:50: "SoldierBoy<85><[U:1:900000011]><Blue>" triggered "damage" against "AirshotKing<86><[U:1:900000013]><Red>" (damage "102") (weapon "quake_rl")
L 04/28/2026 - 06:22:50: "AirshotKing<86><[U:1:900000013]><Red>" triggered "shot_fired" (weapon "quake_rl")
L 04/28/2026 - 06:22:50: "SoldierBoy<85><[U:1:900000011]><Blue>" triggered "shot_fired" (weapon "quake_rl")
L 04/28/2026 - 06:22:51: "SoldierBoy<85><[U:1:900000011]><Blue>" triggered "shot_hit" (weapon "quake_rl")
L 04/28/2026 - 06:22:51: "SoldierBoy<85><[U:1:900000011]><Blue>" triggered "damage" against "AirshotKing<86><[U:1:900000013]><Red>" (damage "69") (weapon "quake_rl")
L 04/28/2026 - 06:22:51: "SoldierBoy<85><[U:1:900000011]><Blue>" triggered "shot_fired" (weapon "shotgun_soldier")
L 04/28/2026 - 06:22:51: "SoldierBoy<85><[U:1:900000011]><Blue>" triggered "shot_hit" (weapon "shotgun_soldier")
L 04/28/2026 - 06:22:51: "SoldierBoy<85><[U:1:900000011]><Blue>" triggered "damage" against "AirshotKing<86><[U:1:900000013]><Red>" (damage "25") (weapon "shotgun_soldier")
L 04/28/2026 - 06:22:51: "AirshotKing<86><[U:1:900000013]><Red>" triggered "shot_fired" (weapon "quake_rl")
L 04/28/2026 - 06:22:52: "AirshotKing<86><[U:1:900000013]><Red>" triggered "shot_fired" (weapon "shotgun_soldier")
L 04/28/2026 - 06:22:52: "AirshotKing<86><[U:1:900000013]><Red>" triggered "shot_hit" (weapon "shotgun_soldier")
L 04/28/2026 - 06:22:52: "AirshotKing<86><[U:1:900000013]><Red>" triggered "damage" against "SoldierBoy<85><[U:1:900000011]><Blue>" (damage "58") (weapon "shotgun_soldier")
L 04/28/2026 - 06:22:52: "SoldierBoy<85><[U:1:900000011]><Blue>" triggered "shot_fired" (weapon "shotgun_soldier")
L 04/28/2026 - 06:22:52: "SoldierBoy<85><[U:1:900000011]><Blue>" triggered "shot_hit" (weapon "shotgun_soldier")
L 04/28/2026 - 06:22:52: "SoldierBoy<85><[U:1:900000011]><Blue>" triggered "damage" against "AirshotKing<86><[U:1:900000013]><Red>" (damage "61") (realdamage "19") (weapon "shotgun_soldier")
L 04/28/2026 - 06:22:52: "SoldierBoy<85><[U:1:900000011]><Blue>" killed "AirshotKing<86><[U:1:900000013]><Red>" with "shotgun_soldier" (attacker_position "-8907 11787 10803") (victim_position "-8692 11765 11035")
L 04/28/2026 - 06:22:52: "AirshotKing<86><[U:1:900000013]><Red>" spawned as "soldier"
L 04/28/2026 - 06:22:54: "SoldierBoy<85><[U:1:900000011]><Blue>" triggered "shot_fired" (weapon "quake_rl")
L 04/28/2026 - 06:22:54: "AirshotKing<86><[U:1:900000013]><Red>" triggered "shot_fired" (weapon "quake_rl")
L 04/28/2026 - 06:22:54: "AirshotKing<86><[U:1:900000013]><Red>" triggered "shot_hit" (weapon "quake_rl")
L 04/28/2026 - 06:22:54: "AirshotKing<86><[U:1:900000013]><Red>" triggered "damage" against "SoldierBoy<85><[U:1:900000011]><Blue>" (damage "76") (weapon "quake_rl")
L 04/28/2026 - 06:22:55: "AirshotKing<86><[U:1:900000013]><Red>" triggered "shot_hit" (weapon "quake_rl")
L 04/28/2026 - 06:22:55: "AirshotKing<86><[U:1:900000013]><Red>" triggered "damage" against "SoldierBoy<85><[U:1:900000011]><Blue>" (damage "80") (weapon "quake_rl")
L 04/28/2026 - 06:22:55: "AirshotKing<86><[U:1:900000013]><Red>" triggered "shot_fired" (weapon "quake_rl")
L 04/28/2026 - 06:22:55: "SoldierBoy<85><[U:1:900000011]><Blue>" triggered "shot_fired" (weapon "quake_rl")
L 04/28/2026 - 06:22:55: "SoldierBoy<85><[U:1:900000011]><Blue>" triggered "shot_hit" (weapon "quake_rl")
L 04/28/2026 - 06:22:55: "SoldierBoy<85><[U:1:900000011]><Blue>" triggered "damage" against "AirshotKing<86><[U:1:900000013]><Red>" (damage "107") (weapon "quake_rl")
L 04/28/2026 - 06:22:56: "SoldierBoy<85><[U:1:900000011]><Blue>" triggered "shot_fired" (weapon "quake_rl")
L 04/28/2026 - 06:22:56: "AirshotKing<86><[U:1:900000013]><Red>" triggered "shot_fired" (weapon "quake_rl")
L 04/28/2026 - 06:22:56: "AirshotKing<86><[U:1:900000013]><Red>" triggered "shot_hit" (weapon "quake_rl")
L 04/28/2026 - 06:22:56: "AirshotKing<86><[U:1:900000013]><Red>" triggered "damage" against "SoldierBoy<85><[U:1:900000011]><Blue>" (damage "99") (weapon "quake_rl") (airshot "1") (height "344")
L 04/28/2026 - 06:22:56: "SoldierBoy<85><[U:1:900000011]><Blue>" triggered "shot_fired" (weapon "shotgun_soldier")
L 04/28/2026 - 06:22:56: "SoldierBoy<85><[U:1:900000011]><Blue>" triggered "shot_hit" (weapon "shotgun_soldier")
L 04/28/2026 - 06:22:56: "SoldierBoy<85><[U:1:900000011]><Blue>" triggered "damage" against "AirshotKing<86><[U:1:900000013]><Red>" (damage "45") (weapon "shotgun_soldier")
L 04/28/2026 - 06:22:56: "AirshotKing<86><[U:1:900000013]><Red>" killed "SoldierBoy<85><[U:1:900000011]><Blue>" with "world" (attacker_position "-8351 11762 10644") (victim_position "-8788 11930 10750")
L 04/28/2026 - 06:22:56: "AirshotKing<86><[U:1:900000013]><Red>" triggered "shot_fired" (weapon "shotgun_soldier")
L 04/28/2026 - 06:22:56: "SoldierBoy<85><[U:1:900000011]><Blue>" spawned as "soldier"
L 04/28/2026 - 06:22:58: "AirshotKing<86><[U:1:900000013]><Red>" triggered "shot_fired" (weapon "quake_rl")
L 04/28/2026 - 06:22:59: "AirshotKing<86><[U:1:900000013]><Red>" triggered "shot_fired" (weapon "quake_rl")
L 04/28/2026 - 06:22:59: "SoldierBoy<85><[U:1:900000011]><Blue>" picked up item "tf_ammo_pack"
L 04/28/2026 - 06:23:00: "SoldierBoy<85><[U:1:900000011]><Blue>" triggered "shot_fired" (weapon "quake_rl")
L 04/28/2026 - 06:23:00: "AirshotKing<86><[U:1:900000013]><Red>" picked up item "tf_ammo_pack"
L 04/28/2026 - 06:23:01: "SoldierBoy<85><[U:1:900000011]><Blue>" triggered "shot_fired" (weapon "quake_rl")
L 04/28/2026 - 06:23:02: "SoldierBoy<85><[U:1:900000011]><Blue>" triggered "shot_fired" (weapon "quake_rl")
L 04/28/2026 - 06:23:02: "SoldierBoy<85><[U:1:900000011]><Blue>" triggered "shot_hit" (weapon "quake_rl")
L 04/28/2026 - 06:23:02: "SoldierBoy<85><[U:1:900000011]><Blue>" triggered "damage" against "AirshotKing<86><[U:1:900000013]><Red>" (damage "80") (weapon "quake_rl")
L 04/28/2026 - 06:23:02: "AirshotKing<86><[U:1:900000013]><Red>" triggered "shot_hit" (weapon "quake_rl")
L 04/28/2026 - 06:23:02: "AirshotKing<86><[U:1:900000013]><Red>" triggered "damage" against "SoldierBoy<85><[U:1:900000011]><Blue>" (damage "97") (weapon "quake_rl")
L 04/28/2026 - 06:23:02: "AirshotKing<86><[U:1:900000013]><Red>" triggered "shot_fired" (weapon "quake_rl")
L 04/28/2026 - 06:23:02: "SoldierBoy<85><[U:1:900000011]><Blue>" triggered "shot_fired" (weapon "shotgun_soldier")
L 04/28/2026 - 06:23:02: "SoldierBoy<85><[U:1:900000011]><Blue>" triggered "shot_hit" (weapon "shotgun_soldier")
L 04/28/2026 - 06:23:02: "SoldierBoy<85><[U:1:900000011]><Blue>" triggered "damage" against "AirshotKing<86><[U:1:900000013]><Red>" (damage "87") (weapon "shotgun_soldier")
L 04/28/2026 - 06:23:03: "AirshotKing<86><[U:1:900000013]><Red>" triggered "shot_fired" (weapon "quake_rl")
L 04/28/2026 - 06:23:03: "SoldierBoy<85><[U:1:900000011]><Blue>" triggered "shot_fired" (weapon "shotgun_soldier")
L 04/28/2026 - 06:23:03: "SoldierBoy<85><[U:1:900000011]><Blue>" triggered "shot_hit" (weapon "shotgun_soldier")
L 04/28/2026 - 06:23:03: "SoldierBoy<85><[U:1:900000011]><Blue>" triggered "damage" against "AirshotKing<86><[U:1:900000013]><Red>" (damage "6") (weapon "shotgun_soldier")
L 04/28/2026 - 06:23:03: "AirshotKing<86><[U:1:900000013]><Red>" triggered "shot_hit" (weapon "quake_rl")
L 04/28/2026 - 06:23:03: "AirshotKing<86><[U:1:900000013]><Red>" triggered "damage" against "SoldierBoy<85><[U:1:900000011]><Blue>" (damage "64") (weapon "quake_rl")
L 04/28/2026 - 06:23:04: "SoldierBoy<85><[U:1:900000011]><Blue>" triggered "shot_fired" (weapon "shotgun_soldier")
L 04/28/2026 - 06:23:04: "SoldierBoy<85><[U:1:900000011]><Blue>" triggered "shot_hit" (weapon "shotgun_soldier")
L 04/28/2026 - 06:23:04: "SoldierBoy<85><[U:1:900000011]><Blue>" triggered "damage" against "AirshotKing<86><[U:1:900000013]><Red>" (damage "27") (weapon "shotgun_soldier")
L 04/28/2026 - 06:23:04: "AirshotKing<86><[U:1:900000013]><Red>" triggered "shot_fired" (weapon "quake_rl")
L 04/28/2026 - 06:23:04: "AirshotKing<86><[U:1:900000013]><Red>" triggered "shot_hit" (weapon "quake_rl")
L 04/28/2026 - 06:23:04: "AirshotKing<86><[U:1:900000013]><Red>" triggered "damage" against "SoldierBoy<85><[U:1:900000011]><Blue>" (damage "56") (realdamage "54") (weapon "quake_rl")
L 04/28/2026 - 06:23:04: "AirshotKing<86><[U:1:900000013]><Red>" killed "SoldierBoy<85><[U:1:900000011]><Blue>" with "quake_rl" (attacker_position "-8478 11636 11135") (victim_position "-8821 11754 10743")
L 04/28/2026 - 06:23:04: "AirshotKing<86><[U:1:900000013]><Red>" triggered "shot_fired" (weapon "shotgun_soldier")
L 04/28/2026 - 06:23:04: "SoldierBoy<85><[U:1:900000011]><Blue>" spawned as "soldier"
L 04/28/2026 - 06:23:06: "AirshotKing<86><[U:1:900000013]><Red>" triggered "shot_fired" (weapon "quake_rl")
L 04/28/2026 - 06:23:06: "SoldierBoy<85><[U:1:900000011]><Blue>" triggered "shot_fired" (weapon "quake_rl")
L 04/28/2026 - 06:23:06: "SoldierBoy<85><[U:1:900000011]><Blue>" triggered "shot_hit" (weapon "quake_rl")
L 04/28/2026 - 06:23:06: "SoldierBoy<85><[U:1:900000011]><Blue>" triggered "damage" against "AirshotKing<86><[U:1:900000013]><Red>" (damage "72") (weapon "quake_rl")
L 04/28/2026 - 06:23:07: "AirshotKing<86><[U:1:900000013]><Red>" triggered "shot_fired" (weapon "quake_rl")
L 04/28/2026 - 06:23:08: "AirshotKing<86><[U:1:900000013]><Red>" triggered "shot_fired" (weapon "quake_rl")
L 04/28/2026 - 06:23:08: "AirshotKing<86><[U:1:900000013]><Red>" triggered "shot_hit" (weapon "quake_rl")
L 04/28/2026 - 06:23:08: "AirshotKing<86><[U:1:900000013]><Red>" triggered "damage" against "SoldierBoy<85><[U:1:900000011]><Blue>" (damage "67") (weapon "quake_rl")
L 04/28/2026 - 06:23:08: "SoldierBoy<85><[U:1:900000011]><Blue>" triggered "shot_fired" (weapon "quake_rl")
L 04/28/2026 - 06:23:08: "SoldierBoy<85><[U:1:900000011]><Blue>" triggered "shot_hit" (weapon "quake_rl")
L 04/28/2026 - 06:23:08: "SoldierBoy<85><[U:1:900000011]><Blue>" triggered "damage" against "AirshotKing<86><[U:1:900000013]><Red>" (damage "86") (weapon "quake_rl")
L 04/28/2026 - 06:23:09: "AirshotKing<86><[U:1:900000013]><Red>" triggered "shot_fired" (weapon "quake_rl")
L 04/28/2026 - 06:23:09: "SoldierBoy<85><[U:1:900000011]><Blue>" triggered "shot_fired" (weapon "quake_rl")
L 04/28/2026 - 06:23:09: "SoldierBoy<85><[U:1:900000011]><Blue>" triggered "shot_hit" (weapon "quake_rl")
L 04/28/2026 - 06:23:09: "SoldierBoy<85><[U:1:900000011]><Blue>" triggered "damage" against "AirshotKing<86><[U:1:900000013]><Red>" (damage "85") (weapon "quake_rl")
L 04/28/2026 - 06:23:09: "AirshotKing<86><[U:1:900000013]><Red>" triggered "shot_fired" (weapon "shotgun_soldier")
L 04/28/2026 - 06:23:09: "SoldierBoy<85><[U:1:900000011]><Blue>" triggered "shot_fired" (weapon "shotgun_soldier")
L 04/28/2026 - 06:23:09: "SoldierBoy<85><[U:1:900000011]><Blue>" triggered "shot_hit" (weapon "shotgun_soldier")
L 04/28/2026 - 06:23:09: "SoldierBoy<85><[U:1:900000011]><Blue>" triggered "damage" against "AirshotKing<86><[U:1:900000013]><Red>" (damage "53") (realdamage "12") (weapon "shotgun_soldier")
L 04/28/2026 - 06:23:09: "SoldierBoy<85><[U:1:900000011]><Blue>" killed "AirshotKing<86><[U:1:900000013]><Red>" with "shotgun_soldier" (attacker_position "-8511 11635 10697") (victim_position "-8371 11447 10945")
L 04/28/2026 - 06:23:10: "AirshotKing<86><[U:1:900000013]><Red>" spawned as "soldier"
L 04/28/2026 - 06:23:12: "AirshotKing<86><[U:1:900000013]><Red>" triggered "shot_fired" (weapon "quake_rl")
L 04/28/2026 - 06:23:12: "AirshotKing<86><[U:1:900000013]><Red>" triggered "shot_hit" (weapon "quake_rl")
L 04/28/2026 - 06:23:12: "AirshotKing<86><[U:1:900000013]><Red>" triggered "damage" against "SoldierBoy<85><[U:1:900000011]><Blue>" (damage "58") (weapon "quake_rl")
L 04/28/2026 - 06:23:12: "SoldierBoy<85><[U:1:900000011]><Blue>" triggered "shot_fired" (weapon "quake_rl")
L 04/28/2026 - 06:23:13: "SoldierBoy<85><[U:1:900000011]><Blue>" triggered "shot_hit" (weapon "quake_rl")
L 04/28/2026 - 06:23:13: "SoldierBoy<85><[U:1:900000011]><Blue>" triggered "damage" against "AirshotKing<86><[U:1:900000013]><Red>" (damage "111") (weapon "quake_rl")
L 04/28/2026 - 06:23:13: "AirshotKing<86><[U:1:900000013]><Red>" triggered "shot_hit" (weapon "quake_rl")
L 04/28/2026 - 06:23:13: "AirshotKing<86><[U:1:900000013]><Red>" triggered "damage" against "SoldierBoy<85><[U:1:900000011]><Blue>" (damage "76") (weapon "quake_rl")
L 04/28/2026 - 06:23:13: "SoldierBoy<85><[U:1:900000011]><Blue>" triggered "shot_fired" (weapon "quake_rl")
L 04/28/2026 - 06:23:13: "AirshotKing<86><[U:1:900000013]><Red>" triggered "shot_fired" (weapon "quake_rl")
L 04/28/2026 - 06:23:14: "AirshotKing<86><[U:1:900000013]><Red>" triggered "shot_fired" (weapon "quake_rl")
L 04/28/2026 - 06:23:14: "SoldierBoy<85><[U:1:900000011]><Blue>" triggered "shot_fired" (weapon "quake_rl")
L 04/28/2026 - 06:23:14: "SoldierBoy<85><[U:1:900000011]><Blue>" triggered "shot_hit" (weapon "quake_rl")
L 04/28/2026 - 06:23:14: "SoldierBoy<85><[U:1:900000011]><Blue>" triggered "damage" against "AirshotKing<86><[U:1:900000013]><Red>" (damage "95") (realdamage "88") (weapon "quake_rl") (airshot "1") (height "908")
L 04/28/2026 - 06:23:14: "SoldierBoy<85><[U:1:900000011]><Blue>" killed "AirshotKing<86><[U:1:900000013]><Red>" with "quake_rl" (attacker_position "-8372 11950 11268") (victim_position "-8099 11611 11285")
L 04/28/2026 - 06:23:14: "AirshotKing<86><[U:1:900000013]><Red>" spawned as "soldier"
L 04/28/2026 - 06:23:16: "AirshotKing<86><[U:1:900000013]><Red>" triggered "shot_fired" (weapon "quake_rl")
L 04/28/2026 - 06:23:16: "AirshotKing<86><[U:1:900000013]><Red>" triggered "shot_hit" (weapon "quake_rl")
L 04/28/2026 - 06:23:16: "AirshotKing<86><[U:1:900000013]><Red>" triggered "damage" against "SoldierBoy<85><[U:1:900000011]><Blue>" (damage "107") (weapon "quake_rl") (airshot "1") (height "243")
L 04/28/2026 - 06:23:17: "SoldierBoy<85><[U:1:900000011]><Blue>" triggered "shot_fired" (weapon "quake_rl")
L 04/28/2026 - 06:23:17: "AirshotKing<86><[U:1:900000013]><Red>" triggered "shot_fired" (weapon "quake_rl")
L 04/28/2026 - 06:23:18: "AirshotKing<86><[U:1:900000013]><Red>" triggered "shot_hit" (weapon "quake_rl")
L 04/28/2026 - 06:23:18: "AirshotKing<86><[U:1:900000013]><Red>" triggered "damage" against "SoldierBoy<85><[U:1:900000011]><Blue>" (damage "40") (weapon "quake_rl")
L 04/28/2026 - 06:23:19: "AirshotKing<86><[U:1:900000013]><Red>" killed "SoldierBoy<85><[U:1:900000011]><Blue>" with "world" (attacker_position "-8458 11558 10856") (victim_position "-8718 11077 10319")
L 04/28/2026 - 06:23:19: "SoldierBoy<85><[U:1:900000011]><Blue>" spawned as "soldier"
L 04/28/2026 - 06:23:21: "AirshotKing<86><[U:1:900000013]><Red>" triggered "shot_fired" (weapon "quake_rl")
L 04/28/2026 - 06:23:22: "AirshotKing<86><[U:1:900000013]><Red>" triggered "shot_fired" (weapon "quake_rl")
L 04/28/2026 - 06:23:23: "SoldierBoy<85><[U:1:900000011]><Blue>" triggered "shot_fired" (weapon "quake_rl")
L 04/28/2026 - 06:23:23: "AirshotKing<86><[U:1:900000013]><Red>" triggered "shot_fired" (weapon "quake_rl")
L 04/28/2026 - 06:23:23: "SoldierBoy<85><[U:1:900000011]><Blue>" triggered "shot_hit" (weapon "quake_rl")
L 04/28/2026 - 06:23:23: "SoldierBoy<85><[U:1:900000011]><Blue>" triggered "damage" against "AirshotKing<86><[U:1:900000013]><Red>" (damage "47") (weapon "quake_rl")
L 04/28/2026 - 06:23:23: "AirshotKing<86><[U:1:900000013]><Red>" triggered "shot_hit" (weapon "quake_rl")
L 04/28/2026 - 06:23:23: "AirshotKing<86><[U:1:900000013]><Red>" triggered "damage" against "SoldierBoy<85><[U:1:900000011]><Blue>" (damage "53") (weapon "quake_rl")
L 04/28/2026 - 06:23:24: "AirshotKing<86><[U:1:900000013]><Red>" triggered "shot_fired" (weapon "quake_rl")
L 04/28/2026 - 06:23:24: "SoldierBoy<85><[U:1:900000011]><Blue>" triggered "shot_fired" (weapon "quake_rl")
L 04/28/2026 - 06:23:24: "AirshotKing<86><[U:1:900000013]><Red>" triggered "shot_hit" (weapon "quake_rl")
L 04/28/2026 - 06:23:24: "AirshotKing<86><[U:1:900000013]><Red>" triggered "damage" against "SoldierBoy<85><[U:1:900000011]><Blue>" (damage "74") (weapon "quake_rl")
L 04/28/2026 - 06:23:24: "SoldierBoy<85><[U:1:900000011]><Blue>" triggered "shot_hit" (weapon "quake_rl")
L 04/28/2026 - 06:23:24: "SoldierBoy<85><[U:1:900000011]><Blue>" triggered "damage" against "AirshotKing<86><[U:1:900000013]><Red>" (damage "82") (weapon "quake_rl")
L 04/28/2026 - 06:23:24: "AirshotKing<86><[U:1:900000013]><Red>" triggered "shot_fired" (weapon "shotgun_soldier")
L 04/28/2026 - 06:23:24: "AirshotKing<86><[U:1:900000013]><Red>" triggered "shot_hit" (weapon "shotgun_soldier")
L 04/28/2026 - 06:23:24: "AirshotKing<86><[U:1:900000013]><Red>" triggered "damage" against "SoldierBoy<85><[U:1:900000011]><Blue>" (damage "17") (weapon "shotgun_soldier")
L 04/28/2026 - 06:23:26: "SoldierBoy<85><[U:1:900000011]><Blue>" triggered "shot_fired" (weapon "quake_rl")
L 04/28/2026 - 06:23:26: "SoldierBoy<85><[U:1:900000011]><Blue>" triggered "shot_hit" (weapon "quake_rl")
L 04/28/2026 - 06:23:26: "SoldierBoy<85><[U:1:900000011]><Blue>" triggered "damage" against "AirshotKing<86><[U:1:900000013]><Red>" (damage "59") (weapon "quake_rl")
L 04/28/2026 - 06:23:26: "AirshotKing<86><[U:1:900000013]><Red>" triggered "shot_hit" (weapon "quake_rl")
L 04/28/2026 - 06:23:26: "AirshotKing<86><[U:1:900000013]><Red>" triggered "damage" against "SoldierBoy<85><[U:1:900000011]><Blue>" (damage "71") (weapon "quake_rl")
L 04/28/2026 - 06:23:26: "AirshotKing<86><[U:1:900000013]><Red>" triggered "shot_fired" (weapon "quake_rl")
L 04/28/2026 - 06:23:26: "SoldierBoy<85><[U:1:900000011]><Blue>" triggered "shot_fired" (weapon "shotgun_soldier")
L 04/28/2026 - 06:23:27: "AirshotKing<86><[U:1:900000013]><Red>" triggered "shot_fired" (weapon "shotgun_soldier")
L 04/28/2026 - 06:23:27: "SoldierBoy<85><[U:1:900000011]><Blue>" triggered "shot_fired" (weapon "shotgun_soldier")
L 04/28/2026 - 06:23:27: "SoldierBoy<85><[U:1:900000011]><Blue>" triggered "shot_hit" (weapon "shotgun_soldier")
L 04/28/2026 - 06:23:27: "SoldierBoy<85><[U:1:900000011]><Blue>" triggered "damage" against "AirshotKing<86><[U:1:900000013]><Red>" (damage "7") (weapon "shotgun_soldier")
L 04/28/2026 - 06:23:27: "AirshotKing<86><[U:1:900000013]><Red>" triggered "shot_fired" (weapon "shotgun_soldier")
L 04/28/2026 - 06:23:27: "AirshotKing<86><[U:1:900000013]><Red>" triggered "shot_hit" (weapon "shotgun_soldier")
L 04/28/2026 - 06:23:27: "AirshotKing<86><[U:1:900000013]><Red>" triggered "damage" against "SoldierBoy<85><[U:1:900000011]><Blue>" (damage "54") (realdamage "14") (weapon "shotgun_soldier")
L 04/28/2026 - 06:23:27: "AirshotKing<86><[U:1:900000013]><Red>" killed "SoldierBoy<85><[U:1:900000011]><Blue>" with "shotgun_soldier" (attacker_position "-8712 11818 10736") (victim_position "-8733 11430 10913")
L 04/28/2026 - 06:23:27: "SoldierBoy<85><[U:1:900000011]><Blue>" spawned as "soldier"
L 04/28/2026 - 06:23:29: "AirshotKing<86><[U:1:900000013]><Red>" triggered "shot_fired" (weapon "quake_rl")
L 04/28/2026 - 06:23:29: "SoldierBoy<85><[U:1:900000011]><Blue>" triggered "shot_fired" (weapon "quake_rl")
L 04/28/2026 - 06:23:30: "SoldierBoy<85><[U:1:900000011]><Blue>" triggered "shot_hit" (weapon "quake_rl")
L 04/28/2026 - 06:23:30: "SoldierBoy<85><[U:1:900000011]><Blue>" triggered "damage" against "AirshotKing<86><[U:1:900000013]><Red>" (damage "70") (weapon "quake_rl")
L 04/28/2026 - 06:23:30: "AirshotKing<86><[U:1:900000013]><Red>" triggered "shot_fired" (weapon "quake_rl")
L 04/28/2026 - 06:23:30: "SoldierBoy<85><[U:1:900000011]><Blue>" triggered "shot_fired" (weapon "quake_rl")
L 04/28/2026 - 06:23:30: "AirshotKing<86><[U:1:900000013]><Red>" triggered "shot_hit" (weapon "quake_rl")
L 04/28/2026 - 06:23:30: "AirshotKing<86><[U:1:900000013]><Red>" triggered "damage" against "SoldierBoy<85><[U:1:900000011]><Blue>" (damage "53") (weapon "quake_rl")
L 04/28/2026 - 06:23:31: "AirshotKing<86><[U:1:900000013]><Red>" triggered "shot_hit" (weapon "quake_rl")
L 04/28/2026 - 06:23:31: "AirshotKing<86><[U:1:900000013]><Red>" triggered "damage" against "SoldierBoy<85><[U:1:900000011]><Blue>" (damage "60") (weapon "quake_rl")
L 04/28/2026 - 06:23:31: "AirshotKing<86><[U:1:900000013]><Red>" triggered "shot_fired" (weapon "quake_rl")
L 04/28/2026 - 06:23:31: "SoldierBoy<85><[U:1:900000011]><Blue>" triggered "shot_hit" (weapon "quake_rl")
L 04/28/2026 - 06:23:31: "SoldierBoy<85><[U:1:900000011]><Blue>" triggered "damage" against "AirshotKing<86><[U:1:900000013]><Red>" (damage "77") (weapon "quake_rl")
L 04/28/2026 - 06:23:31: "SoldierBoy<85><[U:1:900000011]><Blue>" triggered "shot_fired" (weapon "quake_rl")
L 04/28/2026 - 06:23:32: "AirshotKing<86><[U:1:900000013]><Red>" triggered "shot_fired" (weapon "quake_rl")
L 04/28/2026 - 06:23:32: "AirshotKing<86><[U:1:900000013]><Red>" triggered "shot_hit" (weapon "quake_rl")
L 04/28/2026 - 06:23:32: "AirshotKing<86><[U:1:900000013]><Red>" triggered "damage" against "SoldierBoy<85><[U:1:900000011]><Blue>" (damage "56") (realdamage "51") (weapon "quake_rl")
L 04/28/2026 - 06:23:32: "AirshotKing<86><[U:1:900000013]><Red>" killed "SoldierBoy<85><[U:1:900000011]><Blue>" with "quake_rl" (attacker_position "-8752 11627 10949") (victim_position "-8629 11544 10711")
L 04/28/2026 - 06:23:32: "SoldierBoy<85><[U:1:900000011]><Blue>" spawned as "soldier"
L 04/28/2026 - 06:23:34: "SoldierBoy<85><[U:1:900000011]><Blue>" triggered "shot_fired" (weapon "quake_rl")
L 04/28/2026 - 06:23:34: "SoldierBoy<85><[U:1:900000011]><Blue>" triggered "shot_hit" (weapon "quake_rl")
L 04/28/2026 - 06:23:34: "SoldierBoy<85><[U:1:900000011]><Blue>" triggered "damage" against "AirshotKing<86><[U:1:900000013]><Red>" (damage "69") (weapon "quake_rl")
L 04/28/2026 - 06:23:34: "AirshotKing<86><[U:1:900000013]><Red>" triggered "shot_fired" (weapon "quake_rl")
L 04/28/2026 - 06:23:35: "AirshotKing<86><[U:1:900000013]><Red>" triggered "shot_fired" (weapon "quake_rl")
L 04/28/2026 - 06:23:35: "AirshotKing<86><[U:1:900000013]><Red>" triggered "shot_hit" (weapon "quake_rl")
L 04/28/2026 - 06:23:35: "AirshotKing<86><[U:1:900000013]><Red>" triggered "damage" against "SoldierBoy<85><[U:1:900000011]><Blue>" (damage "78") (weapon "quake_rl")
L 04/28/2026 - 06:23:36: "SoldierBoy<85><[U:1:900000011]><Blue>" triggered "shot_fired" (weapon "quake_rl")
L 04/28/2026 - 06:23:36: "SoldierBoy<85><[U:1:900000011]><Blue>" triggered "shot_hit" (weapon "quake_rl")
L 04/28/2026 - 06:23:36: "SoldierBoy<85><[U:1:900000011]><Blue>" triggered "damage" against "AirshotKing<86><[U:1:900000013]><Red>" (damage "79") (weapon "quake_rl")
L 04/28/2026 - 06:23:36: "AirshotKing<86><[U:1:900000013]><Red>" triggered "shot_fired" (weapon "quake_rl")
L 04/28/2026 - 06:23:36: "SoldierBoy<85><[U:1:900000011]><Blue>" triggered "shot_fired" (weapon "quake_rl")
L 04/28/2026 - 06:23:37: "AirshotKing<86><[U:1:900000013]><Red>" triggered "shot_hit" (weapon "quake_rl")
L 04/28/2026 - 06:23:37: "AirshotKing<86><[U:1:900000013]><Red>" triggered "damage" against "SoldierBoy<85><[U:1:900000011]><Blue>" (damage "110") (weapon "quake_rl") (airshot "1") (height "171")
L 04/28/2026 - 06:23:37: "SoldierBoy<85><[U:1:900000011]><Blue>" triggered "shot_fired" (weapon "shotgun_soldier")
L 04/28/2026 - 06:23:37: "AirshotKing<86><[U:1:900000013]><Red>" triggered "shot_fired" (weapon "quake_rl")
L 04/28/2026 - 06:23:37: "AirshotKing<86><[U:1:900000013]><Red>" triggered "shot_fired" (weapon "shotgun_soldier")
L 04/28/2026 - 06:23:37: "AirshotKing<86><[U:1:900000013]><Red>" triggered "shot_hit" (weapon "shotgun_soldier")
L 04/28/2026 - 06:23:37: "AirshotKing<86><[U:1:900000013]><Red>" triggered "damage" against "SoldierBoy<85><[U:1:900000011]><Blue>" (damage "28") (weapon "shotgun_soldier")
L 04/28/2026 - 06:23:38: World triggered "mge_elo_delta" (player "[U:1:900000013]") (old_elo "2329") (new_elo "2343")
L 04/28/2026 - 06:23:38: World triggered "mge_elo_delta" (player "[U:1:900000011]") (old_elo "2717") (new_elo "2708")
L 04/28/2026 - 06:23:38: "AirshotKing<86><[U:1:900000013]><Red>" killed "SoldierBoy<85><[U:1:900000011]><Blue>" with "world" (attacker_position "-8644 11705 10743") (victim_position "-8399 11407 10390")
L 04/28/2026 - 06:23:38: "AirshotKing<86><[U:1:900000013]><Red>" triggered "domination" against "SoldierBoy<85><[U:1:900000011]><Blue>"
L 04/28/2026 - 06:23:38: World triggered "mge_match_end" (winner "[U:1:900000013]") (winner_score "20") (loser_score "19")
