L 04/28/2026 - 05:46:23: World triggered "meta_data" (matchid "260428054623b548") (map "mge_triumph_beta7_rc1") (arena "Badlands Spire 1 [1v1 MGE]") (gamemode "mge") (fraglimit "0")
L 04/28/2026 - 05:46:23: "AirshotKing<86><[U:1:900000013]><Red>" changed role to "soldier"
L 04/28/2026 - 05:46:23: "SoldierBoy<85><[U:1:900000011]><Blue>" changed role to "soldier"
L 04/28/2026 - 05:46:25: "AirshotKing<86><[U:1:900000013]><Red>" triggered "shot_fired" (weapon "quake_rl")
L 04/28/2026 - 05:46:25: "SoldierBoy<85><[U:1:900000011]><Blue>" triggered "shot_fired" (weapon "quake_rl")
L 04/28/2026 - 05:46:26: "AirshotKing<86><[U:1:900000013]><Red>" triggered "shot_fired" (weapon "quake_rl")
L 04/28/2026 - 05:46:26: "SoldierBoy<85><[U:1:900000011]><Blue>" triggered "shot_hit" (weapon "quake_rl")
L 04/28/2026 - 05:46:26: "SoldierBoy<85><[U:1:900000011]><Blue>" triggered "damage" against "AirshotKing<86><[U:1:900000013]><Red>" (damage "111") (weapon "quake_rl")
L 04/28/2026 - 05:46:26: "SoldierBoy<85><[U:1:900000011]><Blue>" triggered "shot_fired" (weapon "quake_rl")
L 04/28/2026 - 05:46:27: "SoldierBoy<85><[U:1:900000011]><Blue>" triggered "shot_hit" (weapon "quake_rl")
L 04/28/2026 - 05:46:27: "SoldierBoy<85><[U:1:900000011]><Blue>" triggered "damage" against "AirshotKing<86><[U:1:900000013]><Red>" (damage "105") (weapon "quake_rl")
L 04/28/2026 - 05:46:27: "SoldierBoy<85><[U:1:900000011]><Blue>" killed "AirshotKing<86><[U:1:900000013]><Red>" with "quake_rl" (attacker_position "-8394 11815 10589") (victim_position "-8558 11683 10763")
L 04/28/2026 - 05:46:28: "SoldierBoy<85><[U:1:900000011]><Blue>" triggered "shot_fired" (weapon "quake_rl")
L 04/28/2026 - 05:46:28: "AirshotKing<86><[U:1:900000013]><Red>" spawned as "soldier"
L 04/28/2026 - 05:46:30: "SoldierBoy<85><[U:1:900000011]><Blue>" triggered "shot_fired" (weapon "quake_rl")
L 04/28/2026 - 05:46:30: "AirshotKing<86><[U:1:900000013]><Red>" triggered "shot_fired" (weapon "quake_rl")
L 04/28/2026 - 05:46:30: "AirshotKing<86><[U:1:900000013]><Red>" triggered "shot_hit" (weapon "quake_rl")
L 04/28/2026 - 05:46:30: "AirshotKing<86><[U:1:900000013]><Red>" triggered "damage" against "SoldierBoy<85><[U:1:900000011]><Blue>" (damage "58") (weapon "quake_rl")
L 04/28/2026 - 05:46:31: "SoldierBoy<85><[U:1:900000011]><Blue>" triggered "shot_fired" (weapon "quake_rl")
L 04/28/2026 - 05:46:31: "AirshotKing<86><[U:1:900000013]><Red>" triggered "shot_fired" (weapon "quake_rl")
L 04/28/2026 - 05:46:31: "SoldierBoy<85><[U:1:900000011]><Blue>" triggered "shot_fired" (weapon "quake_rl")
L 04/28/2026 - 05:46:32: "AirshotKing<86><[U:1:900000013]><Red>" triggered "shot_hit" (weapon "quake_rl")
L 04/28/2026 - 05:46:32: "AirshotKing<86><[U:1:900000013]><Red>" triggered "damage" against "SoldierBoy<85><[U:1:900000011]><Blue>" (damage "69") (weapon "quake_rl")
L 04/28/2026 - 05:46:32: "AirshotKing<86><[U:1:900000013]><Red>" triggered "shot_fired" (weapon "quake_rl")
L 04/28/2026 - 05:46:32: "SoldierBoy<85><[U:1:900000011]><Blue>" triggered "shot_fired" (weapon "quake_rl")
L 04/28/2026 - 05:46:33: "AirshotKing<86><[U:1:900000013]><Red>" triggered "shot_fired" (weapon "shotgun_soldier")
L 04/28/2026 - 05:46:33: "AirshotKing<86><[U:1:900000013]><Red>" triggered "shot_hit" (weapon "shotgun_soldier")
L 04/28/2026 - 05:46:33: "AirshotKing<86><[U:1:900000013]><Red>" triggered "damage" against "SoldierBoy<85><[U:1:900000011]><Blue>" (damage "18") (weapon "shotgun_soldier")
L 04/28/2026 - 05:46:33: "SoldierBoy<85><[U:1:900000011]><Blue>" triggered "shot_fired" (weapon "shotgun_soldier")
L 04/28/2026 - 05:46:33: "SoldierBoy<85><[U:1:900000011]><Blue>" triggered "shot_hit" (weapon "shotgun_soldier")
L 04/28/2026 - 05:46:33: "SoldierBoy<85><[U:1:900000011]><Blue>" triggered "damage" against "AirshotKing<86><[U:1:900000013]><Red>" (damage "87") (weapon "shotgun_soldier")
L 04/28/2026 - 05:46:33: "AirshotKing<86><[U:1:900000013]><Red>" triggered "shot_fired" (weapon "shotgun_soldier")
L 04/28/2026 - 05:46:34: "SoldierBoy<85><[U:1:900000011]><Blue>" triggered "shot_fired" (weapon "shotgun_soldier")
L 04/28/2026 - 05:46:34: "SoldierBoy<85><[U:1:900000011]><Blue>" triggered "shot_hit" (weapon "shotgun_soldier")
L 04/28/2026 - 05:46:34: "SoldierBoy<85><[U:1:900000011]><Blue>" triggered "damage" against "AirshotKing<86><[U:1:900000013]><Red>" (damage "37") (weapon "shotgun_soldier")
L 04/28/2026 - 05:46:35: "SoldierBoy<85><[U:1:900000011]><Blue>" triggered "shot_fired" (weapon "shotgun_soldier")
L 04/28/2026 - 05:46:35: "SoldierBoy<85><[U:1:900000011]><Blue>" triggered "shot_hit" (weapon "shotgun_soldier")
L 04/28/2026 - 05:46:35: "SoldierBoy<85><[U:1:900000011]><Blue>" triggered "damage" against "AirshotKing<86><[U:1:900000013]><Red>" (damage "29") (weapon "shotgun_soldier")
L 04/28/2026 - 05:46:35: "AirshotKing<86><[U:1:900000013]><Red>" triggered "shot_fired" (weapon "quake_rl")
L 04/28/2026 - 05:46:35: "AirshotKing<86><[U:1:900000013]><Red>" triggered "shot_hit" (weapon "quake_rl")
L 04/28/2026 - 05:46:35: "AirshotKing<86><[U:1:900000013]><Red>" triggered "damage" against "SoldierBoy<85><[U:1:900000011]><Blue>" (damage "102") (weapon "quake_rl")
L 04/28/2026 - 05:46:36: "SoldierBoy<85><[U:1:900000011]><Blue>" triggered "shot_fired" (weapon "shotgun_soldier")
L 04/28/2026 - 05:46:36: "SoldierBoy<85><[U:1:900000011]><Blue>" triggered "shot_hit" (weapon "shotgun_soldier")
L 04/28/2026 - 05:46:36: "SoldierBoy<85><[U:1:900000011]><Blue>" triggered "damage" against "AirshotKing<86><[U:1:900000013]><Red>" (damage "56") (weapon "shotgun_soldier")
L 04/28/2026 - 05:46:36: "AirshotKing<86><[U:1:900000013]><Red>" triggered "shot_fired" (weapon "shotgun_soldier")
L 04/28/2026 - 05:46:36: "AirshotKing<86><[U:1:900000013]><Red>" triggered "shot_hit" (weapon "shotgun_soldier")
L 04/28/2026 - 05:46:36: "AirshotKing<86><[U:1:900000013]><Red>" triggered "damage" against "SoldierBoy<85><[U:1:900000011]><Blue>" (damage "25") (realdamage "23") (weapon "shotgun_soldier")
L 04/28/2026 - 05:46:36: "AirshotKing<86><[U:1:900000013]><Red>" killed "SoldierBoy<85><[U:1:900000011]><Blue>" with "shotgun_soldier" (attacker_position "-8807 11677 10743") (victim_position "-8594 11600 10672")
L 04/28/2026 - 05:46:36: "SoldierBoy<85><[U:1:900000011]><Blue>" spawned as "soldier"
L 04/28/2026 - 05:46:38: "AirshotKing<86><[U:1:900000013]><Red>" triggered "shot_fired" (weapon "quake_rl")
L 04/28/2026 - 05:46:38: "AirshotKing<86><[U:1:900000013]><Red>" triggered "shot_hit" (weapon "quake_rl")
L 04/28/2026 - 05:46:38: "AirshotKing<86><[U:1:900000013]><Red>" triggered "damage" against "SoldierBoy<85><[U:1:900000011]><Blue>" (damage "104") (weapon "quake_rl") (airshot "1") (height "191")
L 04/28/2026 - 05:46:38: "SoldierBoy<85><[U:1:900000011]><Blue>" triggered "shot_hit" (weapon "quake_rl")
L 04/28/2026 - 05:46:38: "SoldierBoy<85><[U:1:900000011]><Blue>" triggered "damage" against "AirshotKing<86><[U:1:900000013]><Red>" (damage "87") (weapon "quake_rl")
L 04/28/2026 - 05:46:38: "SoldierBoy<85><[U:1:900000011]><Blue>" triggered "shot_fired" (weapon "quake_rl")
L 04/28/2026 - 05:46:39: "AirshotKing<86><[U:1:900000013]><Red>" triggered "shot_fired" (weapon "quake_rl")
L 04/28/2026 - 05:46:39: "AirshotKing<86><[U:1:900000013]><Red>" triggered "shot_hit" (weapon "quake_rl")
L 04/28/2026 - 05:46:39: "AirshotKing<86><[U:1:900000013]><Red>" triggered "damage" against "SoldierBoy<85><[U:1:900000011]><Blue>" (damage "66") (weapon "quake_rl")
L 04/28/2026 - 05:46:40: "SoldierBoy<85><[U:1:900000011]><Blue>" triggered "shot_fired" (weapon "quake_rl")
L 04/28/2026 - 05:46:40: "SoldierBoy<85><[U:1:900000011]><Blue>" triggered "shot_hit" (weapon "quake_rl")
L 04/28/2026 - 05:46:40: "SoldierBoy<85><[U:1:900000011]><Blue>" triggered "damage" against "AirshotKing<86><[U:1:900000013]><Red>" (damage "102") (weapon "quake_rl") (airshot "1") (height "321")
L 04/28/2026 - 05:46:40: "AirshotKing<86><[U:1:900000013]><Red>" triggered "shot_fired" (weapon "quake_rl")
L 04/28/2026 - 05:46:41: "SoldierBoy<85><[U:1:900000011]><Blue>" triggered "shot_fired" (weapon "quake_rl")
L 04/28/2026 - 05:46:41: "AirshotKing<86><[U:1:900000013]><Red>" triggered "shot_fired" (weapon "quake_rl")
L 04/28/2026 - 05:46:41: "AirshotKing<86><[U:1:900000013]><Red>" triggered "shot_hit" (weapon "quake_rl")
L 04/28/2026 - 05:46:41: "AirshotKing<86><[U:1:900000013]><Red>" triggered "damage" against "SoldierBoy<85><[U:1:900000011]><Blue>" (damage "52") (weapon "quake_rl")
L 04/28/2026 - 05:46:41: "SoldierBoy<85><[U:1:900000011]><Blue>" triggered "shot_fired" (weapon "shotgun_soldier")
L 04/28/2026 - 05:46:42: "AirshotKing<86><[U:1:900000013]><Red>" triggered "shot_fired" (weapon "shotgun_soldier")
L 04/28/2026 - 05:46:42: "AirshotKing<86><[U:1:900000013]><Red>" triggered "shot_hit" (weapon "shotgun_soldier")
L 04/28/2026 - 05:46:42: "AirshotKing<86><[U:1:900000013]><Red>" triggered "damage" against "SoldierBoy<85><[U:1:900000011]><Blue>" (damage "13") (weapon "shotgun_soldier")
L 04/28/2026 - 05:46:42: "SoldierBoy<85><[U:1:900000011]><Blue>" triggered "shot_fired" (weapon "shotgun_soldier")
L 04/28/2026 - 05:46:42: "SoldierBoy<85><[U:1:900000011]><Blue>" triggered "shot_hit" (weapon "shotgun_soldier")
L 04/28/2026 - 05:46:42: "SoldierBoy<85><[U:1:900000011]><Blue>" triggered "damage" against "AirshotKing<86><[U:1:900000013]><Red>" (damage "38") (weapon "shotgun_soldier")
L 04/28/2026 - 05:46:42: "AirshotKing<86><[U:1:900000013]><Red>" triggered "shot_fired" (weapon "shotgun_soldier")
L 04/28/2026 - 05:46:42: "AirshotKing<86><[U:1:900000013]><Red>" triggered "shot_hit" (weapon "shotgun_soldier")
L 04/28/2026 - 05:46:42: "AirshotKing<86><[U:1:900000013]><Red>" triggered "damage" against "SoldierBoy<85><[U:1:900000011]><Blue>" (damage "55") (realdamage "9") (weapon "shotgun_soldier")
L 04/28/2026 - 05:46:42: "AirshotKing<86><[U:1:900000013]><Red>" killed "SoldierBoy<85><[U:1:900000011]><Blue>" with "shotgun_soldier" (attacker_position "-8364 11875 10452") (victim_position "-8121 11950 10578")
L 04/28/2026 - 05:46:43: "SoldierBoy<85><[U:1:900000011]><Blue>" spawned as "soldier"
L 04/28/2026 - 05:46:44: "AirshotKing<86><[U:1:900000013]><Red>" triggered "shot_fired" (weapon "quake_rl")
L 04/28/2026 - 05:46:45: "SoldierBoy<85><[U:1:900000011]><Blue>" triggered "shot_fired" (weapon "quake_rl")
L 04/28/2026 - 05:46:45: "AirshotKing<86><[U:1:900000013]><Red>" triggered "shot_fired" (weapon "quake_rl")
L 04/28/2026 - 05:46:45: "AirshotKing<86><[U:1:900000013]><Red>" triggered "shot_hit" (weapon "quake_rl")
L 04/28/2026 - 05:46:45: "AirshotKing<86><[U:1:900000013]><Red>" triggered "damage" against "SoldierBoy<85><[U:1:900000011]><Blue>" (damage "91") (weapon "quake_rl")
L 04/28/2026 - 05:46:45: "SoldierBoy<85><[U:1:900000011]><Blue>" triggered "shot_hit" (weapon "quake_rl")
L 04/28/2026 - 05:46:45: "SoldierBoy<85><[U:1:900000011]><Blue>" triggered "damage" against "AirshotKing<86><[U:1:900000013]><Red>" (damage "109") (weapon "quake_rl") (airshot "1") (height "267")
L 04/28/2026 - 05:46:46: "SoldierBoy<85><[U:1:900000011]><Blue>" triggered "shot_fired" (weapon "quake_rl")
L 04/28/2026 - 05:46:46: "AirshotKing<86><[U:1:900000013]><Red>" triggered "shot_fired" (weapon "quake_rl")
L 04/28/2026 - 05:46:47: "SoldierBoy<85><[U:1:900000011]><Blue>" triggered "shot_fired" (weapon "quake_rl")
L 04/28/2026 - 05:46:47: "AirshotKing<86><[U:1:900000013]><Red>" triggered "shot_fired" (weapon "shotgun_soldier")
L 04/28/2026 - 05:46:47: "AirshotKing<86><[U:1:900000013]><Red>" triggered "shot_hit" (weapon "shotgun_soldier")
L 04/28/2026 - 05:46:47: "AirshotKing<86><[U:1:900000013]><Red>" triggered "damage" against "SoldierBoy<85><[U:1:900000011]><Blue>" (damage "42") (weapon "shotgun_soldier")
L 04/28/2026 - 05:46:47: "SoldierBoy<85><[U:1:900000011]><Blue>" triggered "shot_hit" (weapon "quake_rl")
L 04/28/2026 - 05:46:47: "SoldierBoy<85><[U:1:900000011]><Blue>" triggered "damage" against "AirshotKing<86><[U:1:900000013]><Red>" (damage "84") (weapon "quake_rl")
L 04/28/2026 - 05:46:47: "AirshotKing<86><[U:1:900000013]><Red>" triggered "shot_fired" (weapon "shotgun_soldier")
L 04/28/2026 - 05:46:47: "AirshotKing<86><[U:1:900000013]><Red>" triggered "shot_hit" (weapon "shotgun_soldier")
L 04/28/2026 - 05:46:47: "AirshotKing<86><[U:1:900000013]><Red>" triggered "damage" against "SoldierBoy<85><[U:1:900000011]><Blue>" (damage "55") (weapon "shotgun_soldier")
L 04/28/2026 - 05:46:47: "SoldierBoy<85><[U:1:900000011]><Blue>" triggered "shot_fired" (weapon "shotgun_soldier")
L 04/28/2026 - 05:46:47: "SoldierBoy<85><[U:1:900000011]><Blue>" triggered "shot_hit" (weapon "shotgun_soldier")
L 04/28/2026 - 05:46:47: "SoldierBoy<85><[U:1:900000011]><Blue>" triggered "damage" against "AirshotKing<86><[U:1:900000013]><Red>" (damage "14") (weapon "shotgun_soldier")
L 04/28/2026 - 05:46:48: "AirshotKing<86><[U:1:900000013]><Red>" triggered "shot_fired" (weapon "shotgun_soldier")
L 04/28/2026 - 05:46:48: "AirshotKing<86><[U:1:900000013]><Red>" triggered "shot_hit" (weapon "shotgun_soldier")
L 04/28/2026 - 05:46:48: "AirshotKing<86><[U:1:900000013]><Red>" triggered "damage" against "SoldierBoy<85><[U:1:900000011]><Blue>" (damage "10") (weapon "shotgun_soldier")
L 04/28/2026 - 05:46:49: "SoldierBoy<85><[U:1:900000011]><Blue>" triggered "shot_fired" (weapon "shotgun_soldier")
L 04/28/2026 - 05:46:49: "AirshotKing<86><[U:1:900000013]><Red>" triggered "shot_fired" (weapon "shotgun_soldier")
L 04/28/2026 - 05:46:49: "AirshotKing<86><[U:1:900000013]><Red>" triggered "shot_hit" (weapon "shotgun_soldier")
L 04/28/2026 - 05:46:49: "AirshotKing<86><[U:1:900000013]><Red>" triggered "damage" against "SoldierBoy<85><[U:1:900000011]><Blue>" (damage "30") (realdamage "6") (weapon "shotgun_soldier")
L 04/28/2026 - 05:46:49: "AirshotKing<86><[U:1:900000013]><Red>" killed "SoldierBoy<85><[U:1:900000011]><Blue>" with "shotgun_soldier" (attacker_position "-8881 11836 10736") (victim_position "-8425 11606 10662")
L 04/28/2026 - 05:46:49: "SoldierBoy<85><[U:1:900000011]><Blue>" spawned as "soldier"
L 04/28/2026 - 05:46:55: "AirshotKing<86><[U:1:900000013]><Red>" triggered "shot_fired" (weapon "quake_rl")
L 04/28/2026 - 05:46:55: "SoldierBoy<85><[U:1:900000011]><Blue>" triggered "shot_fired" (weapon "quake_rl")
L 04/28/2026 - 05:46:55: "SoldierBoy<85><[U:1:900000011]><Blue>" triggered "shot_hit" (weapon "quake_rl")
L 04/28/2026 - 05:46:55: "SoldierBoy<85><[U:1:900000011]><Blue>" triggered "damage" against "AirshotKing<86><[U:1:900000013]><Red>" (damage "71") (weapon "quake_rl")
L 04/28/2026 - 05:46:56: "SoldierBoy<85><[U:1:900000011]><Blue>" triggered "shot_fired" (weapon "quake_rl")
L 04/28/2026 - 05:46:56: "AirshotKing<86><[U:1:900000013]><Red>" triggered "shot_fired" (weapon "quake_rl")
L 04/28/2026 - 05:46:57: "AirshotKing<86><[U:1:900000013]><Red>" triggered "shot_hit" (weapon "quake_rl")
L 04/28/2026 - 05:46:57: "AirshotKing<86><[U:1:900000013]><Red>" triggered "damage" against "SoldierBoy<85><[U:1:900000011]><Blue>" (damage "66") (weapon "quake_rl")
L 04/28/2026 - 05:46:57: "AirshotKing<86><[U:1:900000013]><Red>" triggered "shot_fired" (weapon "quake_rl")
L 04/28/2026 - 05:46:57: "SoldierBoy<85><[U:1:900000011]><Blue>" triggered "shot_fired" (weapon "quake_rl")
L 04/28/2026 - 05:46:57: "SoldierBoy<85><[U:1:900000011]><Blue>" triggered "shot_hit" (weapon "quake_rl")
L 04/28/2026 - 05:46:57: "SoldierBoy<85><[U:1:900000011]><Blue>" triggered "damage" against "AirshotKing<86><[U:1:900000013]><Red>" (damage "81") (weapon "quake_rl")
L 04/28/2026 - 05:46:57: "AirshotKing<86><[U:1:900000013]><Red>" triggered "shot_hit" (weapon "quake_rl")
L 04/28/2026 - 05:46:57: "AirshotKing<86><[U:1:900000013]><Red>" triggered "damage" against "SoldierBoy<85><[U:1:900000011]><Blue>" (damage "50") (weapon "quake_rl")
L 04/28/2026 - 05:46:58: "SoldierBoy<85><[U:1:900000011]><Blue>" triggered "shot_fired" (weapon "shotgun_soldier")
L 04/28/2026 - 05:46:58: "SoldierBoy<85><[U:1:900000011]><Blue>" triggered "shot_hit" (weapon "shotgun_soldier")
L 04/28/2026 - 05:46:58: "SoldierBoy<85><[U:1:900000011]><Blue>" triggered "damage" against "AirshotKing<86><[U:1:900000013]><Red>" (damage "32") (weapon "shotgun_soldier")
L 04/28/2026 - 05:46:58: "AirshotKing<86><[U:1:900000013]><Red>" triggered "shot_fired" (weapon "quake_rl")
L 04/28/2026 - 05:46:58: "AirshotKing<86><[U:1:900000013]><Red>" triggered "shot_hit" (weapon "quake_rl")
L 04/28/2026 - 05:46:58: "AirshotKing<86><[U:1:900000013]><Red>" triggered "damage" against "SoldierBoy<85><[U:1:900000011]><Blue>" (damage "49") (weapon "quake_rl")
L 04/28/2026 - 05:46:58: "AirshotKing<86><[U:1:900000013]><Red>" triggered "shot_fired" (weapon "shotgun_soldier")
L 04/28/2026 - 05:46:58: "AirshotKing<86><[U:1:900000013]><Red>" triggered "shot_hit" (weapon "shotgun_soldier")
L 04/28/2026 - 05:46:58: "AirshotKing<86><[U:1:900000013]><Red>" triggered "damage" against "SoldierBoy<85><[U:1:900000011]><Blue>" (damage "26") (realdamage "14") (weapon "shotgun_soldier")
L 04/28/2026 - 05:46:58: "AirshotKing<86><[U:1:900000013]><Red>" killed "SoldierBoy<85><[U:1:900000011]><Blue>" with "shotgun_soldier" (attacker_position "-8827 12035 11015") (victim_position "-8560 11598 10682")
L 04/28/2026 - 05:46:58: "AirshotKing<86><[U:1:900000013]><Red>" triggered "domination" against "SoldierBoy<85><[U:1:900000011]><Blue>"
L 04/28/2026 - 05:46:58: "SoldierBoy<85><[U:1:900000011]><Blue>" spawned as "soldier"
L 04/28/2026 - 05:47:01: "SoldierBoy<85><[U:1:900000011]><Blue>" triggered "shot_fired" (weapon "quake_rl")
L 04/28/2026 - 05:47:01: "AirshotKing<86><[U:1:900000013]><Red>" triggered "shot_fired" (weapon "quake_rl")
L 04/28/2026 - 05:47:01: "SoldierBoy<85><[U:1:900000011]><Blue>" triggered "shot_hit" (weapon "quake_rl")
L 04/28/2026 - 05:47:01: "SoldierBoy<85><[U:1:900000011]><Blue>" triggered "damage" against "AirshotKing<86><[U:1:900000013]><Red>" (damage "75") (weapon "quake_rl")
L 04/28/2026 - 05:47:02: "AirshotKing<86><[U:1:900000013]><Red>" triggered "shot_fired" (weapon "quake_rl")
L 04/28/2026 - 05:47:02: "SoldierBoy<85><[U:1:900000011]><Blue>" triggered "shot_fired" (weapon "quake_rl")
L 04/28/2026 - 05:47:02: "AirshotKing<86><[U:1:900000013]><Red>" triggered "shot_hit" (weapon "quake_rl")
L 04/28/2026 - 05:47:02: "AirshotKing<86><[U:1:900000013]><Red>" triggered "damage" against "SoldierBoy<85><[U:1:900000011]><Blue>" (damage "59") (weapon "quake_rl")
L 04/28/2026 - 05:47:03: "SoldierBoy<85><[U:1:900000011]><Blue>" triggered "shot_fired" (weapon "quake_rl")
L 04/28/2026 - 05:47:03: "AirshotKing<86><[U:1:900000013]><Red>" triggered "shot_fired" (weapon "quake_rl")
L 04/28/2026 - 05:47:03: "SoldierBoy<85><[U:1:900000011]><Blue>" triggered "shot_fired" (weapon "shotgun_soldier")
L 04/28/2026 - 05:47:03: "SoldierBoy<85><[U:1:900000011]><Blue>" triggered "shot_hit" (weapon "shotgun_soldier")
L 04/28/2026 - 05:47:03: "SoldierBoy<85><[U:1:900000011]><Blue>" triggered "damage" against "AirshotKing<86><[U:1:900000013]><Red>" (damage "61") (weapon "shotgun_soldier")
L 04/28/2026 - 05:47:04: "AirshotKing<86><[U:1:900000013]><Red>" triggered "shot_hit" (weapon "quake_rl")
L 04/28/2026 - 05:47:04: "AirshotKing<86><[U:1:900000013]><Red>" triggered "damage" against "SoldierBoy<85><[U:1:900000011]><Blue>" (damage "90") (weapon "quake_rl")
L 04/28/2026 - 05:47:04: "AirshotKing<86><[U:1:900000013]><Red>" triggered "shot_fired" (weapon "quake_rl")
L 04/28/2026 - 05:47:04: "AirshotKing<86><[U:1:900000013]><Red>" triggered "shot_fired" (weapon "shotgun_soldier")
L 04/28/2026 - 05:47:04: "AirshotKing<86><[U:1:900000013]><Red>" triggered "shot_hit" (weapon "shotgun_soldier")
L 04/28/2026 - 05:47:04: "AirshotKing<86><[U:1:900000013]><Red>" triggered "damage" against "SoldierBoy<85><[U:1:900000011]><Blue>" (damage "83") (weapon "shotgun_soldier")
L 04/28/2026 - 05:47:04: "AirshotKing<86><[U:1:900000013]><Red>" killed "SoldierBoy<85><[U:1:900000011]><Blue>" with "shotgun_soldier" (attacker_position "-8716 11650 10743") (victim_position "-8554 11779 10826")
L 04/28/2026 - 05:47:04: "SoldierBoy<85><[U:1:900000011]><Blue>" spawned as "soldier"
L 04/28/2026 - 05:47:06: "SoldierBoy<85><[U:1:900000011]><Blue>" triggered "shot_fired" (weapon "quake_rl")
L 04/28/2026 - 05:47:06: "SoldierBoy<85><[U:1:900000011]><Blue>" triggered "shot_hit" (weapon "quake_rl")
L 04/28/2026 - 05:47:06: "SoldierBoy<85><[U:1:900000011]><Blue>" triggered "damage" against "AirshotKing<86><[U:1:900000013]><Red>" (damage "67") (weapon "quake_rl")
L 04/28/2026 - 05:47:07: "AirshotKing<86><[U:1:900000013]><Red>" triggered "shot_fired" (weapon "quake_rl")
L 04/28/2026 - 05:47:07: "SoldierBoy<85><[U:1:900000011]><Blue>" triggered "shot_hit" (weapon "quake_rl")
L 04/28/2026 - 05:47:07: "SoldierBoy<85><[U:1:900000011]><Blue>" triggered "damage" against "AirshotKing<86><[U:1:900000013]><Red>" (damage "100") (weapon "quake_rl") (airshot "1") (height "231")
L 04/28/2026 - 05:47:07: "SoldierBoy<85><[U:1:900000011]><Blue>" triggered "shot_fired" (weapon "quake_rl")
L 04/28/2026 - 05:47:07: "AirshotKing<86><[U:1:900000013]><Red>" triggered "shot_fired" (weapon "quake_rl")
L 04/28/2026 - 05:47:09: "SoldierBoy<85><[U:1:900000011]><Blue>" triggered "shot_fired" (weapon "quake_rl")
L 04/28/2026 - 05:47:09: "AirshotKing<86><[U:1:900000013]><Red>" triggered "shot_fired" (weapon "quake_rl")
L 04/28/2026 - 05:47:10: "AirshotKing<86><[U:1:900000013]><Red>" triggered "shot_hit" (weapon "quake_rl")
L 04/28/2026 - 05:47:10: "AirshotKing<86><[U:1:900000013]><Red>" triggered "damage" against "SoldierBoy<85><[U:1:900000011]><Blue>" (damage "56") (weapon "quake_rl")
L 04/28/2026 - 05:47:10: "SoldierBoy<85><[U:1:900000011]><Blue>" picked up item "tf_ammo_pack"
L 04/28/2026 - 05:47:10: "AirshotKing<86><[U:1:900000013]><Red>" triggered "shot_fired" (weapon "shotgun_soldier")
L 04/28/2026 - 05:47:10: "AirshotKing<86><[U:1:900000013]><Red>" triggered "shot_hit" (weapon "shotgun_soldier")
L 04/28/2026 - 05:47:10: "AirshotKing<86><[U:1:900000013]><Red>" triggered "damage" against "SoldierBoy<85><[U:1:900000011]><Blue>" (damage "7") (weapon "shotgun_soldier")
L 04/28/2026 - 05:47:10: "SoldierBoy<85><[U:1:900000011]><Blue>" triggered "shot_fired" (weapon "shotgun_soldier")
L 04/28/2026 - 05:47:11: "SoldierBoy<85><[U:1:900000011]><Blue>" triggered "shot_fired" (weapon "shotgun_soldier")
L 04/28/2026 - 05:47:11: "SoldierBoy<85><[U:1:900000011]><Blue>" triggered "shot_hit" (weapon "shotgun_soldier")
L 04/28/2026 - 05:47:11: "SoldierBoy<85><[U:1:900000011]><Blue>" triggered "damage" against "AirshotKing<86><[U:1:900000013]><Red>" (damage "24") (weapon "shotgun_soldier")
L 04/28/2026 - 05:47:11: "AirshotKing<86><[U:1:900000013]><Red>" triggered "shot_fired" (weapon "shotgun_soldier")
L 04/28/2026 - 05:47:11: "AirshotKing<86><[U:1:900000013]><Red>" triggered "shot_fired" (weapon "shotgun_soldier")
L 04/28/2026 - 05:47:11: "AirshotKing<86><[U:1:900000013]><Red>" triggered "shot_hit" (weapon "shotgun_soldier")
L 04/28/2026 - 05:47:11: "AirshotKing<86><[U:1:900000013]><Red>" triggered "damage" against "SoldierBoy<85><[U:1:900000011]><Blue>" (damage "57") (weapon "shotgun_soldier")
L 04/28/2026 - 05:47:11: "SoldierBoy<85><[U:1:900000011]><Blue>" triggered "shot_fired" (weapon "shotgun_soldier")
L 04/28/2026 - 05:47:12: "AirshotKing<86><[U:1:900000013]><Red>" triggered "shot_fired" (weapon "shotgun_soldier")
L 04/28/2026 - 05:47:12: "AirshotKing<86><[U:1:900000013]><Red>" triggered "shot_hit" (weapon "shotgun_soldier")
L 04/28/2026 - 05:47:12: "AirshotKing<86><[U:1:900000013]><Red>" triggered "damage" against "SoldierBoy<85><[U:1:900000011]><Blue>" (damage "16") (weapon "shotgun_soldier")
L 04/28/2026 - 05:47:12: "SoldierBoy<85><[U:1:900000011]><Blue>" triggered "shot_fired" (weapon "shotgun_soldier")
L 04/28/2026 - 05:47:12: "SoldierBoy<85><[U:1:900000011]><Blue>" triggered "shot_hit" (weapon "shotgun_soldier")
L 04/28/2026 - 05:47:12: "SoldierBoy<85><[U:1:900000011]><Blue>" triggered "damage" against "AirshotKing<86><[U:1:900000013]><Red>" (damage "32") (realdamage "11") (weapon "shotgun_soldier")
L 04/28/2026 - 05:47:12: "SoldierBoy<85><[U:1:900000011]><Blue>" killed "AirshotKing<86><[U:1:900000013]><Red>" with "shotgun_soldier" (attacker_position "-8423 11505 10594") (victim_position "-8685 11527 10650")
L 04/28/2026 - 05:47:12: "SoldierBoy<85><[U:1:900000011]><Blue>" triggered "revenge" against "AirshotKing<86><[U:1:900000013]><Red>"
L 04/28/2026 - 05:47:12: "AirshotKing<86><[U:1:900000013]><Red>" spawned as "soldier"
L 04/28/2026 - 05:47:14: "AirshotKing<86><[U:1:900000013]><Red>" triggered "shot_fired" (weapon "quake_rl")
L 04/28/2026 - 05:47:14: "SoldierBoy<85><[U:1:900000011]><Blue>" triggered "shot_fired" (weapon "quake_rl")
L 04/28/2026 - 05:47:14: "SoldierBoy<85><[U:1:900000011]><Blue>" triggered "shot_hit" (weapon "quake_rl")
L 04/28/2026 - 05:47:14: "SoldierBoy<85><[U:1:900000011]><Blue>" triggered "damage" against "AirshotKing<86><[U:1:900000013]><Red>" (damage "57") (weapon "quake_rl")
L 04/28/2026 - 05:47:15: "AirshotKing<86><[U:1:900000013]><Red>" triggered "shot_fired" (weapon "quake_rl")
L 04/28/2026 - 05:47:15: "AirshotKing<86><[U:1:900000013]><Red>" triggered "shot_hit" (weapon "quake_rl")
L 04/28/2026 - 05:47:15: "AirshotKing<86><[U:1:900000013]><Red>" triggered "damage" against "SoldierBoy<85><[U:1:900000011]><Blue>" (damage "60") (weapon "quake_rl")
L 04/28/2026 - 05:47:15: "SoldierBoy<85><[U:1:900000011]><Blue>" triggered "shot_fired" (weapon "quake_rl")
L 04/28/2026 - 05:47:16: "SoldierBoy<85><[U:1:900000011]><Blue>" triggered "shot_fired" (weapon "quake_rl")
L 04/28/2026 - 05:47:16: "SoldierBoy<85><[U:1:900000011]><Blue>" triggered "shot_hit" (weapon "quake_rl")
L 04/28/2026 - 05:47:16: "SoldierBoy<85><[U:1:900000011]><Blue>" triggered "damage" against "AirshotKing<86><[U:1:900000013]><Red>" (damage "86") (weapon "quake_rl")
L 04/28/2026 - 05:47:16: "AirshotKing<86><[U:1:900000013]><Red>" triggered "shot_hit" (weapon "quake_rl")
L 04/28/2026 - 05:47:16: "AirshotKing<86><[U:1:900000013]><Red>" triggered "damage" against "SoldierBoy<85><[U:1:900000011]><Blue>" (damage "104") (weapon "quake_rl")
L 04/28/2026 - 05:47:16: "AirshotKing<86><[U:1:900000013]><Red>" triggered "shot_fired" (weapon "quake_rl")
L 04/28/2026 - 05:47:17: "SoldierBoy<85><[U:1:900000011]><Blue>" triggered "shot_fired" (weapon "shotgun_soldier")
L 04/28/2026 - 05:47:17: "SoldierBoy<85><[U:1:900000011]><Blue>" triggered "shot_hit" (weapon "shotgun_soldier")
L 04/28/2026 - 05:47:17: "SoldierBoy<85><[U:1:900000011]><Blue>" triggered "damage" against "AirshotKing<86><[U:1:900000013]><Red>" (damage "34") (weapon "shotgun_soldier")
L 04/28/2026 - 05:47:17: "AirshotKing<86><[U:1:900000013]><Red>" triggered "shot_fired" (weapon "shotgun_soldier")
L 04/28/2026 - 05:47:17: "AirshotKing<86><[U:1:900000013]><Red>" triggered "shot_hit" (weapon "shotgun_soldier")
L 04/28/2026 - 05:47:17: "AirshotKing<86><[U:1:900000013]><Red>" triggered "damage" against "SoldierBoy<85><[U:1:900000011]><Blue>" (damage "6") (weapon "shotgun_soldier")
L 04/28/2026 - 05:47:17: "AirshotKing<86><[U:1:900000013]><Red>" triggered "damage" against "SoldierBoy<85><[U:1:900000011]><Blue>" (damage "11") (weapon "shotgun_soldier")
L 04/28/2026 - 05:47:17: "AirshotKing<86><[U:1:900000013]><Red>" triggered "damage" against "SoldierBoy<85><[U:1:900000011]><Blue>" (damage "17") (weapon "shotgun_soldier")
L 04/28/2026 - 05:47:18: "SoldierBoy<85><[U:1:900000011]><Blue>" triggered "shot_fired" (weapon "shotgun_soldier")
L 04/28/2026 - 05:47:18: "SoldierBoy<85><[U:1:900000011]><Blue>" triggered "shot_hit" (weapon "shotgun_soldier")
L 04/28/2026 - 05:47:18: "SoldierBoy<85><[U:1:900000011]><Blue>" triggered "damage" against "AirshotKing<86><[U:1:900000013]><Red>" (damage "30") (weapon "shotgun_soldier")
L 04/28/2026 - 05:47:18: "AirshotKing<86><[U:1:900000013]><Red>" triggered "shot_fired" (weapon "shotgun_soldier")
L 04/28/2026 - 05:47:18: "AirshotKing<86><[U:1:900000013]><Red>" triggered "shot_hit" (weapon "shotgun_soldier")
L 04/28/2026 - 05:47:18: "AirshotKing<86><[U:1:900000013]><Red>" triggered "damage" against "SoldierBoy<85><[U:1:900000011]><Blue>" (damage "13") (weapon "shotgun_soldier")
L 04/28/2026 - 05:47:18: "AirshotKing<86><[U:1:900000013]><Red>" triggered "damage" against "SoldierBoy<85><[U:1:900000011]><Blue>" (damage "19") (weapon "shotgun_soldier")
L 04/28/2026 - 05:47:18: "AirshotKing<86><[U:1:900000013]><Red>" triggered "damage" against "SoldierBoy<85><[U:1:900000011]><Blue>" (damage "6") (weapon "shotgun_soldier")
L 04/28/2026 - 05:47:19: "SoldierBoy<85><[U:1:900000011]><Blue>" triggered "shot_fired" (weapon "shotgun_soldier")
L 04/28/2026 - 05:47:19: "SoldierBoy<85><[U:1:900000011]><Blue>" triggered "shot_hit" (weapon "shotgun_soldier")
L 04/28/2026 - 05:47:19: "SoldierBoy<85><[U:1:900000011]><Blue>" triggered "damage" against "AirshotKing<86><[U:1:900000013]><Red>" (damage "47") (realdamage "25") (weapon "shotgun_soldier")
L 04/28/2026 - 05:47:19: "SoldierBoy<85><[U:1:900000011]><Blue>" killed "AirshotKing<86><[U:1:900000013]><Red>" with "shotgun_soldier" (attacker_position "-8804 11835 10736") (victim_position "-8413 12013 10782")
L 04/28/2026 - 05:47:19: "AirshotKing<86><[U:1:900000013]><Red>" spawned as "soldier"
L 04/28/2026 - 05:47:22: "AirshotKing<86><[U:1:900000013]><Red>" triggered "shot_fired" (weapon "quake_rl")
L 04/28/2026 - 05:47:22: "SoldierBoy<85><[U:1:900000011]><Blue>" triggered "shot_fired" (weapon "quake_rl")
L 04/28/2026 - 05:47:23: "AirshotKing<86><[U:1:900000013]><Red>" triggered "shot_fired" (weapon "quake_rl")
L 04/28/2026 - 05:47:23: "AirshotKing<86><[U:1:900000013]><Red>" triggered "shot_hit" (weapon "quake_rl")
L 04/28/2026 - 05:47:23: "AirshotKing<86><[U:1:900000013]><Red>" triggered "damage" against "SoldierBoy<85><[U:1:900000011]><Blue>" (damage "64") (weapon "quake_rl")
L 04/28/2026 - 05:47:24: "SoldierBoy<85><[U:1:900000011]><Blue>" triggered "shot_fired" (weapon "quake_rl")
L 04/28/2026 - 05:47:24: "SoldierBoy<85><[U:1:900000011]><Blue>" triggered "shot_hit" (weapon "quake_rl")
L 04/28/2026 - 05:47:24: "SoldierBoy<85><[U:1:900000011]><Blue>" triggered "damage" against "AirshotKing<86><[U:1:900000013]><Red>" (damage "63") (weapon "quake_rl")
L 04/28/2026 - 05:47:24: "AirshotKing<86><[U:1:900000013]><Red>" triggered "shot_fired" (weapon "quake_rl")
L 04/28/2026 - 05:47:24: "AirshotKing<86><[U:1:900000013]><Red>" triggered "shot_fired" (weapon "shotgun_soldier")
L 04/28/2026 - 05:47:24: "AirshotKing<86><[U:1:900000013]><Red>" triggered "shot_hit" (weapon "shotgun_soldier")
L 04/28/2026 - 05:47:24: "AirshotKing<86><[U:1:900000013]><Red>" triggered "damage" against "SoldierBoy<85><[U:1:900000011]><Blue>" (damage "53") (weapon "shotgun_soldier")
L 04/28/2026 - 05:47:25: "SoldierBoy<85><[U:1:900000011]><Blue>" triggered "shot_fired" (weapon "quake_rl")
L 04/28/2026 - 05:47:25: "SoldierBoy<85><[U:1:900000011]><Blue>" triggered "shot_hit" (weapon "quake_rl")
L 04/28/2026 - 05:47:25: "SoldierBoy<85><[U:1:900000011]><Blue>" triggered "damage" against "AirshotKing<86><[U:1:900000013]><Red>" (damage "70") (weapon "quake_rl")
L 04/28/2026 - 05:47:25: "SoldierBoy<85><[U:1:900000011]><Blue>" triggered "shot_fired" (weapon "shotgun_soldier")
L 04/28/2026 - 05:47:25: "SoldierBoy<85><[U:1:900000011]><Blue>" triggered "shot_hit" (weapon "shotgun_soldier")
L 04/28/2026 - 05:47:25: "SoldierBoy<85><[U:1:900000011]><Blue>" triggered "damage" against "AirshotKing<86><[U:1:900000013]><Red>" (damage "48") (weapon "shotgun_soldier")
L 04/28/2026 - 05:47:25: "AirshotKing<86><[U:1:900000013]><Red>" triggered "shot_fired" (weapon "shotgun_soldier")
L 04/28/2026 - 05:47:25: "AirshotKing<86><[U:1:900000013]><Red>" triggered "shot_hit" (weapon "shotgun_soldier")
L 04/28/2026 - 05:47:25: "AirshotKing<86><[U:1:900000013]><Red>" triggered "damage" against "SoldierBoy<85><[U:1:900000011]><Blue>" (damage "73") (weapon "shotgun_soldier")
L 04/28/2026 - 05:47:26: "SoldierBoy<85><[U:1:900000011]><Blue>" triggered "shot_fired" (weapon "shotgun_soldier")
L 04/28/2026 - 05:47:26: "SoldierBoy<85><[U:1:900000011]><Blue>" triggered "shot_hit" (weapon "shotgun_soldier")
L 04/28/2026 - 05:47:26: "SoldierBoy<85><[U:1:900000011]><Blue>" triggered "damage" against "AirshotKing<86><[U:1:900000013]><Red>" (damage "16") (weapon "shotgun_soldier")
L 04/28/2026 - 05:47:26: "AirshotKing<86><[U:1:900000013]><Red>" triggered "shot_fired" (weapon "shotgun_soldier")
L 04/28/2026 - 05:47:26: "AirshotKing<86><[U:1:900000013]><Red>" triggered "shot_hit" (weapon "shotgun_soldier")
L 04/28/2026 - 05:47:26: "AirshotKing<86><[U:1:900000013]><Red>" triggered "damage" against "SoldierBoy<85><[U:1:900000011]><Blue>" (damage "72") (weapon "shotgun_soldier")
L 04/28/2026 - 05:47:26: "SoldierBoy<85><[U:1:900000011]><Blue>" triggered "shot_fired" (weapon "shotgun_soldier")
L 04/28/2026 - 05:47:26: "SoldierBoy<85><[U:1:900000011]><Blue>" triggered "shot_hit" (weapon "shotgun_soldier")
L 04/28/2026 - 05:47:26: "SoldierBoy<85><[U:1:900000011]><Blue>" triggered "damage" against "AirshotKing<86><[U:1:900000013]><Red>" (damage "82") (realdamage "23") (weapon "shotgun_soldier")
L 04/28/2026 - 05:47:26: "SoldierBoy<85><[U:1:900000011]><Blue>" killed "AirshotKing<86><[U:1:900000013]><Red>" with "shotgun_soldier" (attacker_position "-8684 11774 10794") (victim_position "-8575 11598 10677")
L 04/28/2026 - 05:47:26: "AirshotKing<86><[U:1:900000013]><Red>" spawned as "soldier"
L 04/28/2026 - 05:47:28: "SoldierBoy<85><[U:1:900000011]><Blue>" triggered "shot_fired" (weapon "quake_rl")
L 04/28/2026 - 05:47:28: "AirshotKing<86><[U:1:900000013]><Red>" triggered "shot_fired" (weapon "quake_rl")
L 04/28/2026 - 05:47:29: "SoldierBoy<85><[U:1:900000011]><Blue>" triggered "shot_hit" (weapon "quake_rl")
L 04/28/2026 - 05:47:29: "SoldierBoy<85><[U:1:900000011]><Blue>" triggered "damage" against "AirshotKing<86><[U:1:900000013]><Red>" (damage "100") (weapon "quake_rl") (airshot "1") (height "447")
L 04/28/2026 - 05:47:29: "AirshotKing<86><[U:1:900000013]><Red>" triggered "shot_hit" (weapon "quake_rl")
L 04/28/2026 - 05:47:29: "AirshotKing<86><[U:1:900000013]><Red>" triggered "damage" against "SoldierBoy<85><[U:1:900000011]><Blue>" (damage "97") (weapon "quake_rl")
L 04/28/2026 - 05:47:29: "AirshotKing<86><[U:1:900000013]><Red>" triggered "shot_fired" (weapon "quake_rl")
L 04/28/2026 - 05:47:30: "SoldierBoy<85><[U:1:900000011]><Blue>" triggered "shot_fired" (weapon "quake_rl")
L 04/28/2026 - 05:47:30: "AirshotKing<86><[U:1:900000013]><Red>" triggered "shot_hit" (weapon "quake_rl")
L 04/28/2026 - 05:47:30: "AirshotKing<86><[U:1:900000013]><Red>" triggered "damage" against "SoldierBoy<85><[U:1:900000011]><Blue>" (damage "35") (weapon "quake_rl")
L 04/28/2026 - 05:47:30: "AirshotKing<86><[U:1:900000013]><Red>" triggered "shot_fired" (weapon "quake_rl")
L 04/28/2026 - 05:47:31: "SoldierBoy<85><[U:1:900000011]><Blue>" triggered "shot_fired" (weapon "quake_rl")
L 04/28/2026 - 05:47:31: "AirshotKing<86><[U:1:900000013]><Red>" triggered "shot_hit" (weapon "quake_rl")
L 04/28/2026 - 05:47:31: "AirshotKing<86><[U:1:900000013]><Red>" triggered "damage" against "SoldierBoy<85><[U:1:900000011]><Blue>" (damage "49") (weapon "quake_rl")
L 04/28/2026 - 05:47:31: "AirshotKing<86><[U:1:900000013]><Red>" triggered "shot_fired" (weapon "shotgun_soldier")
L 04/28/2026 - 05:47:31: "AirshotKing<86><[U:1:900000013]><Red>" triggered "shot_hit" (weapon "shotgun_soldier")
L 04/28/2026 - 05:47:31: "AirshotKing<86><[U:1:900000013]><Red>" triggered "damage" against "SoldierBoy<85><[U:1:900000011]><Blue>" (damage "43") (weapon "shotgun_soldier")
L 04/28/2026 - 05:47:31: "SoldierBoy<85><[U:1:900000011]><Blue>" triggered "shot_fired" (weapon "quake_rl")
L 04/28/2026 - 05:47:32: "AirshotKing<86><[U:1:900000013]><Red>" triggered "shot_fired" (weapon "shotgun_soldier")
L 04/28/2026 - 05:47:32: "AirshotKing<86><[U:1:900000013]><Red>" triggered "shot_hit" (weapon "shotgun_soldier")
L 04/28/2026 - 05:47:32: "AirshotKing<86><[U:1:900000013]><Red>" triggered "damage" against "SoldierBoy<85><[U:1:900000011]><Blue>" (damage "85") (realdamage "61") (weapon "shotgun_soldier")
L 04/28/2026 - 05:47:32: "AirshotKing<86><[U:1:900000013]><Red>" killed "SoldierBoy<85><[U:1:900000011]><Blue>" with "shotgun_soldier" (attacker_position "-8524 11517 10753") (victim_position "-8449 11584 10593")
L 04/28/2026 - 05:47:32: "SoldierBoy<85><[U:1:900000011]><Blue>" spawned as "soldier"
L 04/28/2026 - 05:47:34: "SoldierBoy<85><[U:1:900000011]><Blue>" triggered "shot_fired" (weapon "quake_rl")
L 04/28/2026 - 05:47:34: "AirshotKing<86><[U:1:900000013]><Red>" triggered "shot_fired" (weapon "quake_rl")
L 04/28/2026 - 05:47:35: "SoldierBoy<85><[U:1:900000011]><Blue>" triggered "shot_fired" (weapon "quake_rl")
L 04/28/2026 - 05:47:35: "SoldierBoy<85><[U:1:900000011]><Blue>" triggered "shot_hit" (weapon "quake_rl")
L 04/28/2026 - 05:47:35: "SoldierBoy<85><[U:1:900000011]><Blue>" triggered "damage" against "AirshotKing<86><[U:1:900000013]><Red>" (damage "69") (weapon "quake_rl")
L 04/28/2026 - 05:47:35: "AirshotKing<86><[U:1:900000013]><Red>" triggered "shot_fired" (weapon "quake_rl")
L 04/28/2026 - 05:47:36: "AirshotKing<86><[U:1:900000013]><Red>" triggered "shot_fired" (weapon "quake_rl")
L 04/28/2026 - 05:47:36: "AirshotKing<86><[U:1:900000013]><Red>" triggered "shot_hit" (weapon "quake_rl")
L 04/28/2026 - 05:47:36: "AirshotKing<86><[U:1:900000013]><Red>" triggered "damage" against "SoldierBoy<85><[U:1:900000011]><Blue>" (damage "58") (weapon "quake_rl")
L 04/28/2026 - 05:47:36: "SoldierBoy<85><[U:1:900000011]><Blue>" triggered "shot_hit" (weapon "quake_rl")
L 04/28/2026 - 05:47:36: "SoldierBoy<85><[U:1:900000011]><Blue>" triggered "damage" against "AirshotKing<86><[U:1:900000013]><Red>" (damage "87") (weapon "quake_rl")
L 04/28/2026 - 05:47:36: "SoldierBoy<85><[U:1:900000011]><Blue>" triggered "shot_fired" (weapon "quake_rl")
L 04/28/2026 - 05:47:37: "AirshotKing<86><[U:1:900000013]><Red>" triggered "shot_fired" (weapon "quake_rl")
L 04/28/2026 - 05:47:37: "AirshotKing<86><[U:1:900000013]><Red>" triggered "shot_fired" (weapon "shotgun_soldier")
L 04/28/2026 - 05:47:37: "AirshotKing<86><[U:1:900000013]><Red>" triggered "shot_hit" (weapon "shotgun_soldier")
L 04/28/2026 - 05:47:37: "AirshotKing<86><[U:1:900000013]><Red>" triggered "damage" against "SoldierBoy<85><[U:1:900000011]><Blue>" (damage "16") (weapon "shotgun_soldier")
L 04/28/2026 - 05:47:37: "SoldierBoy<85><[U:1:900000011]><Blue>" triggered "shot_fired" (weapon "shotgun_soldier")
L 04/28/2026 - 05:47:37: "SoldierBoy<85><[U:1:900000011]><Blue>" triggered "shot_hit" (weapon "shotgun_soldier")
L 04/28/2026 - 05:47:37: "SoldierBoy<85><[U:1:900000011]><Blue>" triggered "damage" against "AirshotKing<86><[U:1:900000013]><Red>" (damage "55") (weapon "shotgun_soldier")
L 04/28/2026 - 05:47:38: "AirshotKing<86><[U:1:900000013]><Red>" triggered "shot_fired" (weapon "shotgun_soldier")
L 04/28/2026 - 05:47:38: "AirshotKing<86><[U:1:900000013]><Red>" triggered "shot_hit" (weapon "shotgun_soldier")
L 04/28/2026 - 05:47:38: "AirshotKing<86><[U:1:900000013]><Red>" triggered "damage" against "SoldierBoy<85><[U:1:900000011]><Blue>" (damage "49") (weapon "shotgun_soldier")
L 04/28/2026 - 05:47:38: "SoldierBoy<85><[U:1:900000011]><Blue>" triggered "shot_fired" (weapon "shotgun_soldier")
L 04/28/2026 - 05:47:38: "SoldierBoy<85><[U:1:900000011]><Blue>" triggered "shot_hit" (weapon "shotgun_soldier")
L 04/28/2026 - 05:47:38: "SoldierBoy<85><[U:1:900000011]><Blue>" triggered "damage" against "AirshotKing<86><[U:1:900000013]><Red>" (damage "86") (realdamage "44") (weapon "shotgun_soldier")
L 04/28/2026 - 05:47:38: "SoldierBoy<85><[U:1:900000011]><Blue>" killed "AirshotKing<86><[U:1:900000013]><Red>" with "shotgun_soldier" (attacker_position "-8645 11730 10743") (victim_position "-8566 11615 10826")
L 04/28/2026 - 05:47:38: "AirshotKing<86><[U:1:900000013]><Red>" spawned as "soldier"
L 04/28/2026 - 05:47:40: "SoldierBoy<85><[U:1:900000011]><Blue>" triggered "shot_fired" (weapon "quake_rl")
L 04/28/2026 - 05:47:40: "AirshotKing<86><[U:1:900000013]><Red>" triggered "shot_fired" (weapon "quake_rl")
L 04/28/2026 - 05:47:41: "AirshotKing<86><[U:1:900000013]><Red>" triggered "shot_fired" (weapon "quake_rl")
L 04/28/2026 - 05:47:41: "SoldierBoy<85><[U:1:900000011]><Blue>" triggered "shot_fired" (weapon "quake_rl")
L 04/28/2026 - 05:47:41: "AirshotKing<86><[U:1:900000013]><Red>" triggered "shot_hit" (weapon "quake_rl")
L 04/28/2026 - 05:47:41: "AirshotKing<86><[U:1:900000013]><Red>" triggered "damage" against "SoldierBoy<85><[U:1:900000011]><Blue>" (damage "70") (weapon "quake_rl")
L 04/28/2026 - 05:47:41: "SoldierBoy<85><[U:1:900000011]><Blue>" triggered "shot_hit" (weapon "quake_rl")
L 04/28/2026 - 05:47:41: "SoldierBoy<85><[U:1:900000011]><Blue>" triggered "damage" against "AirshotKing<86><[U:1:900000013]><Red>" (damage "53") (weapon "quake_rl")
L 04/28/2026 - 05:47:42: "SoldierBoy<85><[U:1:900000011]><Blue>" triggered "shot_fired" (weapon "quake_rl")
L 04/28/2026 - 05:47:42: "SoldierBoy<85><[U:1:900000011]><Blue>" triggered "shot_hit" (weapon "quake_rl")
L 04/28/2026 - 05:47:42: "SoldierBoy<85><[U:1:900000011]><Blue>" triggered "damage" against "AirshotKing<86><[U:1:900000013]><Red>" (damage "63") (weapon "quake_rl")
L 04/28/2026 - 05:47:42: "AirshotKing<86><[U:1:900000013]><Red>" triggered "shot_fired" (weapon "quake_rl")
L 04/28/2026 - 05:47:43: "AirshotKing<86><[U:1:900000013]><Red>" triggered "shot_fired" (weapon "shotgun_soldier")
L 04/28/2026 - 05:47:43: "AirshotKing<86><[U:1:900000013]><Red>" triggered "shot_hit" (weapon "shotgun_soldier")
L 04/28/2026 - 05:47:43: "AirshotKing<86><[U:1:900000013]><Red>" triggered "damage" against "SoldierBoy<85><[U:1:900000011]><Blue>" (damage "70") (weapon "shotgun_soldier")
L 04/28/2026 - 05:47:43: "SoldierBoy<85><[U:1:900000011]><Blue>" triggered "shot_fired" (weapon "shotgun_soldier")
L 04/28/2026 - 05:47:43: "SoldierBoy<85><[U:1:900000011]><Blue>" triggered "shot_hit" (weapon "shotgun_soldier")
L 04/28/2026 - 05:47:43: "SoldierBoy<85><[U:1:900000011]><Blue>" triggered "damage" against "AirshotKing<86><[U:1:900000013]><Red>" (damage "15") (weapon "shotgun_soldier")
L 04/28/2026 - 05:47:43: "SoldierBoy<85><[U:1:900000011]><Blue>" triggered "shot_fired" (weapon "shotgun_soldier")
L 04/28/2026 - 05:47:43: "SoldierBoy<85><[U:1:900000011]><Blue>" triggered "shot_hit" (weapon "shotgun_soldier")
L 04/28/2026 - 05:47:43: "SoldierBoy<85><[U:1:900000011]><Blue>" triggered "damage" against "AirshotKing<86><[U:1:900000013]><Red>" (damage "51") (weapon "shotgun_soldier")
L 04/28/2026 - 05:47:43: "AirshotKing<86><[U:1:900000013]><Red>" triggered "shot_fired" (weapon "shotgun_soldier")
L 04/28/2026 - 05:47:43: "AirshotKing<86><[U:1:900000013]><Red>" triggered "shot_hit" (weapon "shotgun_soldier")
L 04/28/2026 - 05:47:43: "AirshotKing<86><[U:1:900000013]><Red>" triggered "damage" against "SoldierBoy<85><[U:1:900000011]><Blue>" (damage "59") (weapon "shotgun_soldier")
L 04/28/2026 - 05:47:44: "AirshotKing<86><[U:1:900000013]><Red>" triggered "shot_fired" (weapon "shotgun_soldier")
L 04/28/2026 - 05:47:44: "SoldierBoy<85><[U:1:900000011]><Blue>" triggered "shot_fired" (weapon "shotgun_soldier")
L 04/28/2026 - 05:47:44: "SoldierBoy<85><[U:1:900000011]><Blue>" triggered "shot_hit" (weapon "shotgun_soldier")
L 04/28/2026 - 05:47:44: "SoldierBoy<85><[U:1:900000011]><Blue>" triggered "damage" against "AirshotKing<86><[U:1:900000013]><Red>" (damage "37") (realdamage "27") (weapon "shotgun_soldier")
L 04/28/2026 - 05:47:44: "SoldierBoy<85><[U:1:900000011]><Blue>" killed "AirshotKing<86><[U:1:900000013]><Red>" with "shotgun_soldier" (attacker_position "-8671 11878 10736") (victim_position "-8739 11545 10725")
L 04/28/2026 - 05:47:44: "AirshotKing<86><[U:1:900000013]><Red>" spawned as "soldier"
L 04/28/2026 - 05:47:48: "AirshotKing<86><[U:1:900000013]><Red>" triggered "shot_fired" (weapon "quake_rl")
L 04/28/2026 - 05:47:48: "AirshotKing<86><[U:1:900000013]><Red>" triggered "shot_hit" (weapon "quake_rl")
L 04/28/2026 - 05:47:48: "AirshotKing<86><[U:1:900000013]><Red>" triggered "damage" against "SoldierBoy<85><[U:1:900000011]><Blue>" (damage "98") (weapon "quake_rl")
L 04/28/2026 - 05:47:48: "SoldierBoy<85><[U:1:900000011]><Blue>" triggered "shot_fired" (weapon "quake_rl")
L 04/28/2026 - 05:47:49: "AirshotKing<86><[U:1:900000013]><Red>" triggered "shot_fired" (weapon "quake_rl")
L 04/28/2026 - 05:47:49: "SoldierBoy<85><[U:1:900000011]><Blue>" triggered "shot_fired" (weapon "quake_rl")
L 04/28/2026 - 05:47:50: "AirshotKing<86><[U:1:900000013]><Red>" triggered "shot_fired" (weapon "quake_rl")
L 04/28/2026 - 05:47:50: "AirshotKing<86><[U:1:900000013]><Red>" triggered "shot_fired" (weapon "quake_rl")
L 04/28/2026 - 05:47:50: "SoldierBoy<85><[U:1:900000011]><Blue>" picked up item "tf_ammo_pack"
L 04/28/2026 - 05:47:51: "AirshotKing<86><[U:1:900000013]><Red>" triggered "shot_fired" (weapon "shotgun_soldier")
L 04/28/2026 - 05:47:52: "SoldierBoy<85><[U:1:900000011]><Blue>" triggered "shot_fired" (weapon "quake_rl")
L 04/28/2026 - 05:47:52: "SoldierBoy<85><[U:1:900000011]><Blue>" triggered "shot_hit" (weapon "quake_rl")
L 04/28/2026 - 05:47:52: "SoldierBoy<85><[U:1:900000011]><Blue>" triggered "damage" against "AirshotKing<86><[U:1:900000013]><Red>" (damage "50") (weapon "quake_rl")
L 04/28/2026 - 05:47:53: "SoldierBoy<85><[U:1:900000011]><Blue>" picked up item "tf_ammo_pack"
L 04/28/2026 - 05:47:53: "SoldierBoy<85><[U:1:900000011]><Blue>" triggered "shot_fired" (weapon "shotgun_soldier")
L 04/28/2026 - 05:47:53: "SoldierBoy<85><[U:1:900000011]><Blue>" triggered "shot_hit" (weapon "shotgun_soldier")
L 04/28/2026 - 05:47:53: "SoldierBoy<85><[U:1:900000011]><Blue>" triggered "damage" against "AirshotKing<86><[U:1:900000013]><Red>" (damage "7") (weapon "shotgun_soldier")
L 04/28/2026 - 05:47:57: "AirshotKing<86><[U:1:900000013]><Red>" say "!add"
L 04/28/2026 - 05:48:08: "SoldierBoy<85><[U:1:900000011]><Blue>" triggered "shot_fired" (weapon "quake_rl")
L 04/28/2026 - 05:48:09: "AirshotKing<86><[U:1:900000013]><Red>" triggered "shot_fired" (weapon "quake_rl")
L 04/28/2026 - 05:48:09: "SoldierBoy<85><[U:1:900000011]><Blue>" triggered "shot_hit" (weapon "quake_rl")
L 04/28/2026 - 05:48:09: "SoldierBoy<85><[U:1:900000011]><Blue>" triggered "damage" against "AirshotKing<86><[U:1:900000013]><Red>" (damage "94") (realdamage "48") (weapon "quake_rl") (airshot "1") (height "247")
L 04/28/2026 - 05:48:09: "SoldierBoy<85><[U:1:900000011]><Blue>" killed "AirshotKing<86><[U:1:900000013]><Red>" with "quake_rl" (attacker_position "-8711 11937 10736") (victim_position "-8574 11533 10871")
L 04/28/2026 - 05:48:09: "AirshotKing<86><[U:1:900000013]><Red>" spawned as "soldier"
L 04/28/2026 - 05:48:09: "AirshotKing<86><[U:1:900000013]><Red>" triggered "shot_hit" (weapon "quake_rl")
L 04/28/2026 - 05:48:09: "AirshotKing<86><[U:1:900000013]><Red>" triggered "damage" against "SoldierBoy<85><[U:1:900000011]><Blue>" (damage "25") (weapon "quake_rl")
L 04/28/2026 - 05:48:11: "SoldierBoy<85><[U:1:900000011]><Blue>" triggered "shot_fired" (weapon "quake_rl")
L 04/28/2026 - 05:48:11: "AirshotKing<86><[U:1:900000013]><Red>" triggered "shot_fired" (weapon "quake_rl")
L 04/28/2026 - 05:48:12: "AirshotKing<86><[U:1:900000013]><Red>" triggered "shot_fired" (weapon "quake_rl")
L 04/28/2026 - 05:48:12: "AirshotKing<86><[U:1:900000013]><Red>" triggered "shot_hit" (weapon "quake_rl")
L 04/28/2026 - 05:48:12: "AirshotKing<86><[U:1:900000013]><Red>" triggered "damage" against "SoldierBoy<85><[U:1:900000011]><Blue>" (damage "54") (weapon "quake_rl")
L 04/28/2026 - 05:48:12: "SoldierBoy<85><[U:1:900000011]><Blue>" triggered "shot_fired" (weapon "quake_rl")
L 04/28/2026 - 05:48:12: "SoldierBoy<85><[U:1:900000011]><Blue>" triggered "shot_hit" (weapon "quake_rl")
L 04/28/2026 - 05:48:12: "SoldierBoy<85><[U:1:900000011]><Blue>" triggered "damage" against "AirshotKing<86><[U:1:900000013]><Red>" (damage "76") (weapon "quake_rl")
L 04/28/2026 - 05:48:13: "SoldierBoy<85><[U:1:900000011]><Blue>" triggered "shot_fired" (weapon "quake_rl")
L 04/28/2026 - 05:48:13: "AirshotKing<86><[U:1:900000013]><Red>" triggered "shot_fired" (weapon "quake_rl")
L 04/28/2026 - 05:48:13: "AirshotKing<86><[U:1:900000013]><Red>" triggered "shot_hit" (weapon "quake_rl")
L 04/28/2026 - 05:48:13: "AirshotKing<86><[U:1:900000013]><Red>" triggered "damage" against "SoldierBoy<85><[U:1:900000011]><Blue>" (damage "94") (weapon "quake_rl")
L 04/28/2026 - 05:48:14: "AirshotKing<86><[U:1:900000013]><Red>" triggered "shot_fired" (weapon "shotgun_soldier")
L 04/28/2026 - 05:48:14: "AirshotKing<86><[U:1:900000013]><Red>" triggered "shot_hit" (weapon "shotgun_soldier")
L 04/28/2026 - 05:48:14: "AirshotKing<86><[U:1:900000013]><Red>" triggered "damage" against "SoldierBoy<85><[U:1:900000011]><Blue>" (damage "87") (realdamage "84") (weapon "shotgun_soldier")
L 04/28/2026 - 05:48:14: "AirshotKing<86><[U:1:900000013]><Red>" killed "SoldierBoy<85><[U:1:900000011]><Blue>" with "shotgun_soldier" (attacker_position "-8487 11675 10700") (victim_position "-8495 11819 10685")
L 04/28/2026 - 05:48:14: "SoldierBoy<85><[U:1:900000011]><Blue>" spawned as "soldier"
L 04/28/2026 - 05:48:16: "AirshotKing<86><[U:1:900000013]><Red>" triggered "shot_fired" (weapon "quake_rl")
L 04/28/2026 - 05:48:16: "SoldierBoy<85><[U:1:900000011]><Blue>" triggered "shot_fired" (weapon "quake_rl")
L 04/28/2026 - 05:48:16: "SoldierBoy<85><[U:1:900000011]><Blue>" triggered "shot_hit" (weapon "quake_rl")
L 04/28/2026 - 05:48:16: "SoldierBoy<85><[U:1:900000011]><Blue>" triggered "damage" against "AirshotKing<86><[U:1:900000013]><Red>" (damage "70") (weapon "quake_rl")
L 04/28/2026 - 05:48:17: "SoldierBoy<85><[U:1:900000011]><Blue>" triggered "shot_fired" (weapon "quake_rl")
L 04/28/2026 - 05:48:17: "AirshotKing<86><[U:1:900000013]><Red>" triggered "shot_fired" (weapon "quake_rl")
L 04/28/2026 - 05:48:17: "AirshotKing<86><[U:1:900000013]><Red>" triggered "shot_fired" (weapon "quake_rl")
L 04/28/2026 - 05:48:17: "SoldierBoy<85><[U:1:900000011]><Blue>" triggered "shot_hit" (weapon "quake_rl")
L 04/28/2026 - 05:48:17: "SoldierBoy<85><[U:1:900000011]><Blue>" triggered "damage" against "AirshotKing<86><[U:1:900000013]><Red>" (damage "109") (weapon "quake_rl")
L 04/28/2026 - 05:48:18: "SoldierBoy<85><[U:1:900000011]><Blue>" triggered "shot_fired" (weapon "quake_rl")
L 04/28/2026 - 05:48:18: "SoldierBoy<85><[U:1:900000011]><Blue>" triggered "shot_fired" (weapon "shotgun_soldier")
L 04/28/2026 - 05:48:18: "SoldierBoy<85><[U:1:900000011]><Blue>" triggered "shot_hit" (weapon "shotgun_soldier")
L 04/28/2026 - 05:48:18: "SoldierBoy<85><[U:1:900000011]><Blue>" triggered "damage" against "AirshotKing<86><[U:1:900000013]><Red>" (damage "84") (weapon "shotgun_soldier")
L 04/28/2026 - 05:48:18: "AirshotKing<86><[U:1:900000013]><Red>" triggered "shot_fired" (weapon "quake_rl")
L 04/28/2026 - 05:48:18: "AirshotKing<86><[U:1:900000013]><Red>" triggered "shot_hit" (weapon "quake_rl")
L 04/28/2026 - 05:48:18: "AirshotKing<86><[U:1:900000013]><Red>" triggered "damage" against "SoldierBoy<85><[U:1:900000011]><Blue>" (damage "77") (weapon "quake_rl")
L 04/28/2026 - 05:48:19: "SoldierBoy<85><[U:1:900000011]><Blue>" triggered "shot_fired" (weapon "shotgun_soldier")
L 04/28/2026 - 05:48:19: "SoldierBoy<85><[U:1:900000011]><Blue>" triggered "shot_hit" (weapon "shotgun_soldier")
L 04/28/2026 - 05:48:19: "SoldierBoy<85><[U:1:900000011]><Blue>" triggered "damage" against "AirshotKing<86><[U:1:900000013]><Red>" (damage "49") (realdamage "11") (weapon "shotgun_soldier")
L 04/28/2026 - 05:48:19: "SoldierBoy<85><[U:1:900000011]><Blue>" killed "AirshotKing<86><[U:1:900000013]><Red>" with "shotgun_soldier" (attacker_position "-8884 11949 10796") (victim_position "-8610 11885 11209")
L 04/28/2026 - 05:48:19: "AirshotKing<86><[U:1:900000013]><Red>" spawned as "soldier"
L 04/28/2026 - 05:48:20: "AirshotKing<86><[U:1:900000013]><Red>" triggered "shot_fired" (weapon "quake_rl")
L 04/28/2026 - 05:48:23: "SoldierBoy<85><[U:1:900000011]><Blue>" triggered "shot_fired" (weapon "quake_rl")
L 04/28/2026 - 05:48:25: "AirshotKing<86><[U:1:900000013]><Red>" triggered "shot_fired" (weapon "quake_rl")
L 04/28/2026 - 05:48:25: "AirshotKing<86><[U:1:900000013]><Red>" triggered "shot_hit" (weapon "quake_rl")
L 04/28/2026 - 05:48:25: "AirshotKing<86><[U:1:900000013]><Red>" triggered "damage" against "SoldierBoy<85><[U:1:900000011]><Blue>" (damage "57") (weapon "quake_rl")
L 04/28/2026 - 05:48:25: "SoldierBoy<85><[U:1:900000011]><Blue>" triggered "shot_hit" (weapon "quake_rl")
L 04/28/2026 - 05:48:25: "SoldierBoy<85><[U:1:900000011]><Blue>" triggered "damage" against "AirshotKing<86><[U:1:900000013]><Red>" (damage "79") (weapon "quake_rl")
L 04/28/2026 - 05:48:25: "SoldierBoy<85><[U:1:900000011]><Blue>" triggered "shot_fired" (weapon "quake_rl")
L 04/28/2026 - 05:48:25: "AirshotKing<86><[U:1:900000013]><Red>" triggered "shot_fired" (weapon "quake_rl")
L 04/28/2026 - 05:48:25: "AirshotKing<86><[U:1:900000013]><Red>" triggered "shot_hit" (weapon "quake_rl")
L 04/28/2026 - 05:48:25: "AirshotKing<86><[U:1:900000013]><Red>" triggered "damage" against "SoldierBoy<85><[U:1:900000011]><Blue>" (damage "103") (weapon "quake_rl")
L 04/28/2026 - 05:48:26: "SoldierBoy<85><[U:1:900000011]><Blue>" triggered "shot_fired" (weapon "quake_rl")
L 04/28/2026 - 05:48:26: "AirshotKing<86><[U:1:900000013]><Red>" triggered "shot_fired" (weapon "quake_rl")
L 04/28/2026 - 05:48:26: "AirshotKing<86><[U:1:900000013]><Red>" triggered "shot_hit" (weapon "quake_rl")
L 04/28/2026 - 05:48:26: "AirshotKing<86><[U:1:900000013]><Red>" triggered "damage" against "SoldierBoy<85><[U:1:900000011]><Blue>" (damage "68") (weapon "quake_rl")
L 04/28/2026 - 05:48:26: "SoldierBoy<85><[U:1:900000011]><Blue>" triggered "shot_fired" (weapon "shotgun_soldier")
L 04/28/2026 - 05:48:26: "SoldierBoy<85><[U:1:900000011]><Blue>" triggered "shot_hit" (weapon "shotgun_soldier")
L 04/28/2026 - 05:48:26: "SoldierBoy<85><[U:1:900000011]><Blue>" triggered "damage" against "AirshotKing<86><[U:1:900000013]><Red>" (damage "49") (weapon "shotgun_soldier")
L 04/28/2026 - 05:48:27: "AirshotKing<86><[U:1:900000013]><Red>" triggered "shot_fired" (weapon "quake_rl")
L 04/28/2026 - 05:48:27: "SoldierBoy<85><[U:1:900000011]><Blue>" triggered "shot_fired" (weapon "shotgun_soldier")
L 04/28/2026 - 05:48:27: "SoldierBoy<85><[U:1:900000011]><Blue>" triggered "shot_hit" (weapon "shotgun_soldier")
L 04/28/2026 - 05:48:27: "SoldierBoy<85><[U:1:900000011]><Blue>" triggered "damage" against "AirshotKing<86><[U:1:900000013]><Red>" (damage "8") (weapon "shotgun_soldier")
L 04/28/2026 - 05:48:27: "AirshotKing<86><[U:1:900000013]><Red>" triggered "shot_hit" (weapon "quake_rl")
L 04/28/2026 - 05:48:27: "AirshotKing<86><[U:1:900000013]><Red>" triggered "damage" against "SoldierBoy<85><[U:1:900000011]><Blue>" (damage "77") (realdamage "29") (weapon "quake_rl")
L 04/28/2026 - 05:48:27: "AirshotKing<86><[U:1:900000013]><Red>" killed "SoldierBoy<85><[U:1:900000011]><Blue>" with "quake_rl" (attacker_position "-8706 11704 10872") (victim_position "-8796 11860 10784")
L 04/28/2026 - 05:48:27: "SoldierBoy<85><[U:1:900000011]><Blue>" spawned as "soldier"
L 04/28/2026 - 05:48:28: "AirshotKing<86><[U:1:900000013]><Red>" triggered "shot_fired" (weapon "shotgun_soldier")
L 04/28/2026 - 05:48:29: "AirshotKing<86><[U:1:900000013]><Red>" triggered "shot_fired" (weapon "quake_rl")
L 04/28/2026 - 05:48:29: "AirshotKing<86><[U:1:900000013]><Red>" triggered "shot_hit" (weapon "quake_rl")
L 04/28/2026 - 05:48:29: "AirshotKing<86><[U:1:900000013]><Red>" triggered "damage" against "SoldierBoy<85><[U:1:900000011]><Blue>" (damage "92") (weapon "quake_rl") (airshot "1") (height "769")
L 04/28/2026 - 05:48:29: "SoldierBoy<85><[U:1:900000011]><Blue>" triggered "shot_fired" (weapon "quake_rl")
L 04/28/2026 - 05:48:30: "SoldierBoy<85><[U:1:900000011]><Blue>" triggered "shot_hit" (weapon "quake_rl")
L 04/28/2026 - 05:48:30: "SoldierBoy<85><[U:1:900000011]><Blue>" triggered "damage" against "AirshotKing<86><[U:1:900000013]><Red>" (damage "55") (weapon "quake_rl")
L 04/28/2026 - 05:48:30: "AirshotKing<86><[U:1:900000013]><Red>" triggered "shot_fired" (weapon "quake_rl")
L 04/28/2026 - 05:48:30: "SoldierBoy<85><[U:1:900000011]><Blue>" triggered "shot_fired" (weapon "quake_rl")
L 04/28/2026 - 05:48:31: "SoldierBoy<85><[U:1:900000011]><Blue>" triggered "shot_hit" (weapon "quake_rl")
L 04/28/2026 - 05:48:31: "SoldierBoy<85><[U:1:900000011]><Blue>" triggered "damage" against "AirshotKing<86><[U:1:900000013]><Red>" (damage "46") (weapon "quake_rl")
L 04/28/2026 - 05:48:31: "AirshotKing<86><[U:1:900000013]><Red>" triggered "shot_fired" (weapon "quake_rl")
L 04/28/2026 - 05:48:31: "SoldierBoy<85><[U:1:900000011]><Blue>" triggered "shot_fired" (weapon "quake_rl")
L 04/28/2026 - 05:48:32: "SoldierBoy<85><[U:1:900000011]><Blue>" triggered "shot_hit" (weapon "quake_rl")
L 04/28/2026 - 05:48:32: "SoldierBoy<85><[U:1:900000011]><Blue>" triggered "damage" against "AirshotKing<86><[U:1:900000013]><Red>" (damage "99") (weapon "quake_rl")
L 04/28/2026 - 05:48:32: "SoldierBoy<85><[U:1:900000011]><Blue>" triggered "shot_fired" (weapon "shotgun_soldier")
L 04/28/2026 - 05:48:32: "SoldierBoy<85><[U:1:900000011]><Blue>" triggered "shot_hit" (weapon "shotgun_soldier")
L 04/28/2026 - 05:48:32: "SoldierBoy<85><[U:1:900000011]><Blue>" triggered "damage" against "AirshotKing<86><[U:1:900000013]><Red>" (damage "25") (weapon "shotgun_soldier")
L 04/28/2026 - 05:48:32: "AirshotKing<86><[U:1:900000013]><Red>" triggered "shot_fired" (weapon "quake_rl")
L 04/28/2026 - 05:48:32: "AirshotKing<86><[U:1:900000013]><Red>" triggered "shot_hit" (weapon "quake_rl")
L 04/28/2026 - 05:48:32: "AirshotKing<86><[U:1:900000013]><Red>" triggered "damage" against "SoldierBoy<85><[U:1:900000011]><Blue>" (damage "85") (weapon "quake_rl")
L 04/28/2026 - 05:48:32: "AirshotKing<86><[U:1:900000013]><Red>" triggered "shot_fired" (weapon "shotgun_soldier")
L 04/28/2026 - 05:48:32: "AirshotKing<86><[U:1:900000013]><Red>" triggered "shot_hit" (weapon "shotgun_soldier")
L 04/28/2026 - 05:48:32: "AirshotKing<86><[U:1:900000013]><Red>" triggered "damage" against "SoldierBoy<85><[U:1:900000011]><Blue>" (damage "21") (weapon "shotgun_soldier")
L 04/28/2026 - 05:48:33: "SoldierBoy<85><[U:1:900000011]><Blue>" triggered "shot_fired" (weapon "shotgun_soldier")
L 04/28/2026 - 05:48:33: "SoldierBoy<85><[U:1:900000011]><Blue>" triggered "shot_hit" (weapon "shotgun_soldier")
L 04/28/2026 - 05:48:33: "SoldierBoy<85><[U:1:900000011]><Blue>" triggered "damage" against "AirshotKing<86><[U:1:900000013]><Red>" (damage "6") (weapon "shotgun_soldier")
L 04/28/2026 - 05:48:33: "AirshotKing<86><[U:1:900000013]><Red>" triggered "shot_fired" (weapon "shotgun_soldier")
L 04/28/2026 - 05:48:33: "AirshotKing<86><[U:1:900000013]><Red>" triggered "shot_hit" (weapon "shotgun_soldier")
L 04/28/2026 - 05:48:33: "AirshotKing<86><[U:1:900000013]><Red>" triggered "damage" against "SoldierBoy<85><[U:1:900000011]><Blue>" (damage "19") (realdamage "6") (weapon "shotgun_soldier")
L 04/28/2026 - 05:48:33: "AirshotKing<86><[U:1:900000013]><Red>" killed "SoldierBoy<85><[U:1:900000011]><Blue>" with "shotgun_soldier" (attacker_position "-8804 11614 11107") (victim_position "-8704 11554 10652")
L 04/28/2026 - 05:48:33: "SoldierBoy<85><[U:1:900000011]><Blue>" spawned as "soldier"
L 04/28/2026 - 05:48:35: "SoldierBoy<85><[U:1:900000011]><Blue>" triggered "shot_fired" (weapon "quake_rl")
L 04/28/2026 - 05:48:35: "SoldierBoy<85><[U:1:900000011]><Blue>" triggered "shot_hit" (weapon "quake_rl")
L 04/28/2026 - 05:48:35: "SoldierBoy<85><[U:1:900000011]><Blue>" triggered "damage" against "AirshotKing<86><[U:1:900000013]><Red>" (damage "71") (weapon "quake_rl")
L 04/28/2026 - 05:48:36: "AirshotKing<86><[U:1:900000013]><Red>" triggered "shot_fired" (weapon "quake_rl")
L 04/28/2026 - 05:48:36: "SoldierBoy<85><[U:1:900000011]><Blue>" triggered "shot_fired" (weapon "quake_rl")
L 04/28/2026 - 05:48:36: "SoldierBoy<85><[U:1:900000011]><Blue>" triggered "shot_hit" (weapon "quake_rl")
L 04/28/2026 - 05:48:36: "SoldierBoy<85><[U:1:900000011]><Blue>" triggered "damage" against "AirshotKing<86><[U:1:900000013]><Red>" (damage "82") (weapon "quake_rl")
L 04/28/2026 - 05:48:36: "AirshotKing<86><[U:1:900000013]><Red>" triggered "shot_fired" (weapon "quake_rl")
L 04/28/2026 - 05:48:36: "AirshotKing<86><[U:1:900000013]><Red>" triggered "shot_hit" (weapon "quake_rl")
L 04/28/2026 - 05:48:36: "AirshotKing<86><[U:1:900000013]><Red>" triggered "damage" against "SoldierBoy<85><[U:1:900000011]><Blue>" (damage "59") (weapon "quake_rl")
L 04/28/2026 - 05:48:37: "AirshotKing<86><[U:1:900000013]><Red>" triggered "shot_fired" (weapon "quake_rl")
L 04/28/2026 - 05:48:37: "SoldierBoy<85><[U:1:900000011]><Blue>" triggered "shot_fired" (weapon "quake_rl")
L 04/28/2026 - 05:48:37: "AirshotKing<86><[U:1:900000013]><Red>" triggered "shot_hit" (weapon "quake_rl")
L 04/28/2026 - 05:48:37: "AirshotKing<86><[U:1:900000013]><Red>" triggered "damage" against "SoldierBoy<85><[U:1:900000011]><Blue>" (damage "38") (weapon "quake_rl")
L 04/28/2026 - 05:48:38: "AirshotKing<86><[U:1:900000013]><Red>" triggered "shot_fired" (weapon "quake_rl")
L 04/28/2026 - 05:48:38: "SoldierBoy<85><[U:1:900000011]><Blue>" triggered "shot_fired" (weapon "shotgun_soldier")
L 04/28/2026 - 05:48:38: "SoldierBoy<85><[U:1:900000011]><Blue>" triggered "shot_hit" (weapon "shotgun_soldier")
L 04/28/2026 - 05:48:38: "SoldierBoy<85><[U:1:900000011]><Blue>" triggered "damage" against "AirshotKing<86><[U:1:900000013]><Red>" (damage "38") (weapon "shotgun_soldier")
L 04/28/2026 - 05:48:38: "AirshotKing<86><[U:1:900000013]><Red>" triggered "shot_hit" (weapon "quake_rl")
L 04/28/2026 - 05:48:38: "AirshotKing<86><[U:1:900000013]><Red>" triggered "damage" against "SoldierBoy<85><[U:1:900000011]><Blue>" (damage "64") (weapon "quake_rl")
L 04/28/2026 - 05:48:38: "AirshotKing<86><[U:1:900000013]><Red>" triggered "shot_fired" (weapon "shotgun_soldier")
L 04/28/2026 - 05:48:38: "AirshotKing<86><[U:1:900000013]><Red>" triggered "shot_hit" (weapon "shotgun_soldier")
L 04/28/2026 - 05:48:38: "AirshotKing<86><[U:1:900000013]><Red>" triggered "damage" against "SoldierBoy<85><[U:1:900000011]><Blue>" (damage "38") (weapon "shotgun_soldier")
L 04/28/2026 - 05:48:39: "SoldierBoy<85><[U:1:900000011]><Blue>" triggered "shot_fired" (weapon "shotgun_soldier")
L 04/28/2026 - 05:48:39: "SoldierBoy<85><[U:1:900000011]><Blue>" triggered "shot_hit" (weapon "shotgun_soldier")
L 04/28/2026 - 05:48:39: "SoldierBoy<85><[U:1:900000011]><Blue>" triggered "damage" against "AirshotKing<86><[U:1:900000013]><Red>" (damage "59") (weapon "shotgun_soldier")
L 04/28/2026 - 05:48:39: "AirshotKing<86><[U:1:900000013]><Red>" triggered "shot_fired" (weapon "shotgun_soldier")
L 04/28/2026 - 05:48:39: "AirshotKing<86><[U:1:900000013]><Red>" triggered "shot_hit" (weapon "shotgun_soldier")
L 04/28/2026 - 05:48:39: "AirshotKing<86><[U:1:900000013]><Red>" triggered "damage" against "SoldierBoy<85><[U:1:900000011]><Blue>" (damage "25") (weapon "shotgun_soldier")
L 04/28/2026 - 05:48:39: "SoldierBoy<85><[U:1:900000011]><Blue>" triggered "shot_fired" (weapon "shotgun_soldier")
L 04/28/2026 - 05:48:39: "SoldierBoy<85><[U:1:900000011]><Blue>" triggered "shot_hit" (weapon "shotgun_soldier")
L 04/28/2026 - 05:48:39: "SoldierBoy<85><[U:1:900000011]><Blue>" triggered "damage" against "AirshotKing<86><[U:1:900000013]><Red>" (damage "58") (realdamage "1") (weapon "shotgun_soldier")
L 04/28/2026 - 05:48:39: "SoldierBoy<85><[U:1:900000011]><Blue>" killed "AirshotKing<86><[U:1:900000013]><Red>" with "shotgun_soldier" (attacker_position "-8686 11706 10841") (victim_position "-8675 11569 10649")
L 04/28/2026 - 05:48:40: "AirshotKing<86><[U:1:900000013]><Red>" spawned as "soldier"
L 04/28/2026 - 05:48:42: "AirshotKing<86><[U:1:900000013]><Red>" say "gg"
L 04/28/2026 - 05:48:44: "AirshotKing<86><[U:1:900000013]><Red>" triggered "shot_fired" (weapon "quake_rl")
L 04/28/2026 - 05:48:44: "SoldierBoy<85><[U:1:900000011]><Blue>" triggered "shot_fired" (weapon "quake_rl")
L 04/28/2026 - 05:48:44: "AirshotKing<86><[U:1:900000013]><Red>" triggered "shot_hit" (weapon "quake_rl")
L 04/28/2026 - 05:48:44: "AirshotKing<86><[U:1:900000013]><Red>" triggered "damage" against "SoldierBoy<85><[U:1:900000011]><Blue>" (damage "78") (weapon "quake_rl")
L 04/28/2026 - 05:48:45: "AirshotKing<86><[U:1:900000013]><Red>" triggered "shot_fired" (weapon "quake_rl")
L 04/28/2026 - 05:48:45: "SoldierBoy<85><[U:1:900000011]><Blue>" triggered "shot_fired" (weapon "quake_rl")
L 04/28/2026 - 05:48:45: "AirshotKing<86><[U:1:900000013]><Red>" triggered "shot_hit" (weapon "quake_rl")
L 04/28/2026 - 05:48:45: "AirshotKing<86><[U:1:900000013]><Red>" triggered "damage" against "SoldierBoy<85><[U:1:900000011]><Blue>" (damage "92") (weapon "quake_rl") (airshot "1") (height "380")
L 04/28/2026 - 05:48:46: "AirshotKing<86><[U:1:900000013]><Red>" triggered "shot_fired" (weapon "quake_rl")
L 04/28/2026 - 05:48:46: "SoldierBoy<85><[U:1:900000011]><Blue>" triggered "shot_fired" (weapon "quake_rl")
L 04/28/2026 - 05:48:46: "AirshotKing<86><[U:1:900000013]><Red>" triggered "shot_fired" (weapon "shotgun_soldier")
L 04/28/2026 - 05:48:47: "SoldierBoy<85><[U:1:900000011]><Blue>" triggered "shot_fired" (weapon "quake_rl")
L 04/28/2026 - 05:48:48: "SoldierBoy<85><[U:1:900000011]><Blue>" triggered "shot_fired" (weapon "shotgun_soldier")
L 04/28/2026 - 05:48:48: "SoldierBoy<85><[U:1:900000011]><Blue>" triggered "shot_hit" (weapon "shotgun_soldier")
L 04/28/2026 - 05:48:48: "SoldierBoy<85><[U:1:900000011]><Blue>" triggered "damage" against "AirshotKing<86><[U:1:900000013]><Red>" (damage "34") (weapon "shotgun_soldier")
L 04/28/2026 - 05:48:48: "AirshotKing<86><[U:1:900000013]><Red>" triggered "shot_fired" (weapon "quake_rl")
L 04/28/2026 - 05:48:48: "AirshotKing<86><[U:1:900000013]><Red>" triggered "shot_hit" (weapon "quake_rl")
L 04/28/2026 - 05:48:48: "AirshotKing<86><[U:1:900000013]><Red>" triggered "damage" against "SoldierBoy<85><[U:1:900000011]><Blue>" (damage "48") (weapon "quake_rl")
L 04/28/2026 - 05:48:48: "AirshotKing<86><[U:1:900000013]><Red>" triggered "shot_fired" (weapon "shotgun_soldier")
L 04/28/2026 - 05:48:49: "SoldierBoy<85><[U:1:900000011]><Blue>" triggered "shot_fired" (weapon "shotgun_soldier")
L 04/28/2026 - 05:48:49: "SoldierBoy<85><[U:1:900000011]><Blue>" triggered "shot_hit" (weapon "shotgun_soldier")
L 04/28/2026 - 05:48:49: "SoldierBoy<85><[U:1:900000011]><Blue>" triggered "damage" against "AirshotKing<86><[U:1:900000013]><Red>" (damage "7") (weapon "shotgun_soldier")
L 04/28/2026 - 05:48:49: "AirshotKing<86><[U:1:900000013]><Red>" triggered "shot_fired" (weapon "shotgun_soldier")
L 04/28/2026 - 05:48:50: "SoldierBoy<85><[U:1:900000011]><Blue>" triggered "shot_fired" (weapon "shotgun_soldier")
L 04/28/2026 - 05:48:50: "SoldierBoy<85><[U:1:900000011]><Blue>" triggered "shot_hit" (weapon "shotgun_soldier")
L 04/28/2026 - 05:48:50: "SoldierBoy<85><[U:1:900000011]><Blue>" triggered "damage" against "AirshotKing<86><[U:1:900000013]><Red>" (damage "31") (weapon "shotgun_soldier")
L 04/28/2026 - 05:48:50: "AirshotKing<86><[U:1:900000013]><Red>" triggered "shot_fired" (weapon "shotgun_soldier")
L 04/28/2026 - 05:48:52: "SoldierBoy<85><[U:1:900000011]><Blue>" triggered "shot_fired" (weapon "shotgun_soldier")
L 04/28/2026 - 05:48:52: "SoldierBoy<85><[U:1:900000011]><Blue>" triggered "shot_hit" (weapon "shotgun_soldier")
L 04/28/2026 - 05:48:52: "SoldierBoy<85><[U:1:900000011]><Blue>" triggered "damage" against "AirshotKing<86><[U:1:900000013]><Red>" (damage "16") (weapon "shotgun_soldier")
L 04/28/2026 - 05:48:54: "SoldierBoy<85><[U:1:900000011]><Blue>" triggered "shot_fired" (weapon "shotgun_soldier")
L 04/28/2026 - 05:48:54: "SoldierBoy<85><[U:1:900000011]><Blue>" triggered "shot_hit" (weapon "shotgun_soldier")
L 04/28/2026 - 05:48:54: "SoldierBoy<85><[U:1:900000011]><Blue>" triggered "damage" against "AirshotKing<86><[U:1:900000013]><Red>" (damage "58") (weapon "shotgun_soldier")
L 04/28/2026 - 05:48:54: "AirshotKing<86><[U:1:900000013]><Red>" triggered "shot_fired" (weapon "shotgun_soldier")
L 04/28/2026 - 05:48:56: "AirshotKing<86><[U:1:900000013]><Red>" triggered "shot_fired" (weapon "shotgun_soldier")
L 04/28/2026 - 05:48:56: "SoldierBoy<85><[U:1:900000011]><Blue>" triggered "shot_fired" (weapon "shotgun_soldier")
L 04/28/2026 - 05:48:56: "SoldierBoy<85><[U:1:900000011]><Blue>" triggered "shot_hit" (weapon "shotgun_soldier")
L 04/28/2026 - 05:48:56: "SoldierBoy<85><[U:1:900000011]><Blue>" triggered "damage" against "AirshotKing<86><[U:1:900000013]><Red>" (damage "30") (weapon "shotgun_soldier")
L 04/28/2026 - 05:48:56: "AirshotKing<86><[U:1:900000013]><Red>" triggered "shot_fired" (weapon "shotgun_soldier")
L 04/28/2026 - 05:48:56: "AirshotKing<86><[U:1:900000013]><Red>" triggered "shot_hit" (weapon "shotgun_soldier")
L 04/28/2026 - 05:48:56: "AirshotKing<86><[U:1:900000013]><Red>" triggered "damage" against "SoldierBoy<85><[U:1:900000011]><Blue>" (damage "53") (realdamage "13") (weapon "shotgun_soldier")
L 04/28/2026 - 05:48:56: "AirshotKing<86><[U:1:900000013]><Red>" killed "SoldierBoy<85><[U:1:900000011]><Blue>" with "shotgun_soldier" (attacker_position "-8532 11692 10712") (victim_position "-8373 11902 10524")
L 04/28/2026 - 05:48:56: "SoldierBoy<85><[U:1:900000011]><Blue>" spawned as "soldier"
L 04/28/2026 - 05:48:59: "AirshotKing<86><[U:1:900000013]><Red>" triggered "shot_fired" (weapon "quake_rl")
L 04/28/2026 - 05:48:59: "SoldierBoy<85><[U:1:900000011]><Blue>" triggered "shot_fired" (weapon "quake_rl")
L 04/28/2026 - 05:48:59: "SoldierBoy<85><[U:1:900000011]><Blue>" triggered "shot_hit" (weapon "quake_rl")
L 04/28/2026 - 05:48:59: "SoldierBoy<85><[U:1:900000011]><Blue>" triggered "damage" against "AirshotKing<86><[U:1:900000013]><Red>" (damage "62") (weapon "quake_rl")
L 04/28/2026 - 05:49:00: "AirshotKing<86><[U:1:900000013]><Red>" triggered "shot_fired" (weapon "quake_rl")
L 04/28/2026 - 05:49:00: "AirshotKing<86><[U:1:900000013]><Red>" triggered "shot_hit" (weapon "quake_rl")
L 04/28/2026 - 05:49:00: "AirshotKing<86><[U:1:900000013]><Red>" triggered "damage" against "SoldierBoy<85><[U:1:900000011]><Blue>" (damage "80") (weapon "quake_rl")
L 04/28/2026 - 05:49:00: "SoldierBoy<85><[U:1:900000011]><Blue>" triggered "shot_fired" (weapon "quake_rl")
L 04/28/2026 - 05:49:00: "AirshotKing<86><[U:1:900000013]><Red>" triggered "shot_hit" (weapon "quake_rl")
L 04/28/2026 - 05:49:00: "AirshotKing<86><[U:1:900000013]><Red>" triggered "damage" against "SoldierBoy<85><[U:1:900000011]><Blue>" (damage "76") (weapon "quake_rl")
L 04/28/2026 - 05:49:00: "AirshotKing<86><[U:1:900000013]><Red>" triggered "shot_fired" (weapon "quake_rl")
L 04/28/2026 - 05:49:01: "SoldierBoy<85><[U:1:900000011]><Blue>" triggered "shot_hit" (weapon "quake_rl")
L 04/28/2026 - 05:49:01: "SoldierBoy<85><[U:1:900000011]><Blue>" triggered "damage" against "AirshotKing<86><[U:1:900000013]><Red>" (damage "110") (weapon "quake_rl")
L 04/28/2026 - 05:49:01: "SoldierBoy<85><[U:1:900000011]><Blue>" triggered "shot_fired" (weapon "quake_rl")
L 04/28/2026 - 05:49:01: "AirshotKing<86><[U:1:900000013]><Red>" triggered "shot_fired" (weapon "quake_rl")
L 04/28/2026 - 05:49:02: "SoldierBoy<85><[U:1:900000011]><Blue>" triggered "shot_fired" (weapon "shotgun_soldier")
L 04/28/2026 - 05:49:02: "SoldierBoy<85><[U:1:900000011]><Blue>" triggered "shot_hit" (weapon "shotgun_soldier")
L 04/28/2026 - 05:49:02: "SoldierBoy<85><[U:1:900000011]><Blue>" triggered "damage" against "AirshotKing<86><[U:1:900000013]><Red>" (damage "21") (weapon "shotgun_soldier")
L 04/28/2026 - 05:49:02: "AirshotKing<86><[U:1:900000013]><Red>" triggered "shot_fired" (weapon "shotgun_soldier")
L 04/28/2026 - 05:49:02: "SoldierBoy<85><[U:1:900000011]><Blue>" triggered "shot_fired" (weapon "shotgun_soldier")
L 04/28/2026 - 05:49:02: "SoldierBoy<85><[U:1:900000011]><Blue>" triggered "shot_hit" (weapon "shotgun_soldier")
L 04/28/2026 - 05:49:02: "SoldierBoy<85><[U:1:900000011]><Blue>" triggered "damage" against "AirshotKing<86><[U:1:900000013]><Red>" (damage "22") (weapon "shotgun_soldier")
L 04/28/2026 - 05:49:02: "AirshotKing<86><[U:1:900000013]><Red>" triggered "shot_fired" (weapon "shotgun_soldier")
L 04/28/2026 - 05:49:02: "AirshotKing<86><[U:1:900000013]><Red>" triggered "shot_hit" (weapon "shotgun_soldier")
L 04/28/2026 - 05:49:02: "AirshotKing<86><[U:1:900000013]><Red>" triggered "damage" against "SoldierBoy<85><[U:1:900000011]><Blue>" (damage "9") (weapon "shotgun_soldier")
L 04/28/2026 - 05:49:03: "SoldierBoy<85><[U:1:900000011]><Blue>" triggered "shot_fired" (weapon "shotgun_soldier")
L 04/28/2026 - 05:49:03: "SoldierBoy<85><[U:1:900000011]><Blue>" triggered "shot_hit" (weapon "shotgun_soldier")
L 04/28/2026 - 05:49:03: "SoldierBoy<85><[U:1:900000011]><Blue>" triggered "damage" against "AirshotKing<86><[U:1:900000013]><Red>" (damage "29") (realdamage "2") (weapon "shotgun_soldier")
L 04/28/2026 - 05:49:03: "SoldierBoy<85><[U:1:900000011]><Blue>" killed "AirshotKing<86><[U:1:900000013]><Red>" with "shotgun_soldier" (attacker_position "-8691 11853 10736") (victim_position "-8242 11547 10779")
L 04/28/2026 - 05:49:03: "AirshotKing<86><[U:1:900000013]><Red>" spawned as "soldier"
L 04/28/2026 - 05:49:05: "AirshotKing<86><[U:1:900000013]><Red>" triggered "shot_fired" (weapon "quake_rl")
L 04/28/2026 - 05:49:05: "SoldierBoy<85><[U:1:900000011]><Blue>" triggered "shot_fired" (weapon "quake_rl")
L 04/28/2026 - 05:49:06: "AirshotKing<86><[U:1:900000013]><Red>" triggered "shot_fired" (weapon "quake_rl")
L 04/28/2026 - 05:49:06: "AirshotKing<86><[U:1:900000013]><Red>" triggered "shot_hit" (weapon "quake_rl")
L 04/28/2026 - 05:49:06: "AirshotKing<86><[U:1:900000013]><Red>" triggered "damage" against "SoldierBoy<85><[U:1:900000011]><Blue>" (damage "82") (weapon "quake_rl")
L 04/28/2026 - 05:49:06: "SoldierBoy<85><[U:1:900000011]><Blue>" triggered "shot_hit" (weapon "quake_rl")
L 04/28/2026 - 05:49:06: "SoldierBoy<85><[U:1:900000011]><Blue>" triggered "damage" against "AirshotKing<86><[U:1:900000013]><Red>" (damage "86") (weapon "quake_rl")
L 04/28/2026 - 05:49:06: "SoldierBoy<85><[U:1:900000011]><Blue>" triggered "shot_fired" (weapon "quake_rl")
L 04/28/2026 - 05:49:07: "SoldierBoy<85><[U:1:900000011]><Blue>" triggered "shot_fired" (weapon "quake_rl")
L 04/28/2026 - 05:49:08: "SoldierBoy<85><[U:1:900000011]><Blue>" triggered "shot_fired" (weapon "shotgun_soldier")
L 04/28/2026 - 05:49:08: "SoldierBoy<85><[U:1:900000011]><Blue>" triggered "shot_hit" (weapon "shotgun_soldier")
L 04/28/2026 - 05:49:08: "SoldierBoy<85><[U:1:900000011]><Blue>" triggered "damage" against "AirshotKing<86><[U:1:900000013]><Red>" (damage "30") (weapon "shotgun_soldier")
L 04/28/2026 - 05:49:08: "AirshotKing<86><[U:1:900000013]><Red>" triggered "shot_fired" (weapon "quake_rl")
L 04/28/2026 - 05:49:08: "AirshotKing<86><[U:1:900000013]><Red>" triggered "shot_hit" (weapon "quake_rl")
L 04/28/2026 - 05:49:08: "AirshotKing<86><[U:1:900000013]><Red>" triggered "damage" against "SoldierBoy<85><[U:1:900000011]><Blue>" (damage "51") (weapon "quake_rl")
L 04/28/2026 - 05:49:09: "AirshotKing<86><[U:1:900000013]><Red>" triggered "shot_fired" (weapon "shotgun_soldier")
L 04/28/2026 - 05:49:09: "AirshotKing<86><[U:1:900000013]><Red>" triggered "shot_hit" (weapon "shotgun_soldier")
L 04/28/2026 - 05:49:09: "AirshotKing<86><[U:1:900000013]><Red>" triggered "damage" against "SoldierBoy<85><[U:1:900000011]><Blue>" (damage "6") (weapon "shotgun_soldier")
L 04/28/2026 - 05:49:09: "AirshotKing<86><[U:1:900000013]><Red>" picked up item "tf_ammo_pack"
L 04/28/2026 - 05:49:09: "SoldierBoy<85><[U:1:900000011]><Blue>" triggered "shot_fired" (weapon "quake_rl")
L 04/28/2026 - 05:49:10: "AirshotKing<86><[U:1:900000013]><Red>" triggered "shot_fired" (weapon "quake_rl")
L 04/28/2026 - 05:49:10: "SoldierBoy<85><[U:1:900000011]><Blue>" triggered "shot_fired" (weapon "shotgun_soldier")
L 04/28/2026 - 05:49:10: "SoldierBoy<85><[U:1:900000011]><Blue>" triggered "shot_hit" (weapon "shotgun_soldier")
L 04/28/2026 - 05:49:10: "SoldierBoy<85><[U:1:900000011]><Blue>" triggered "damage" against "AirshotKing<86><[U:1:900000013]><Red>" (damage "25") (weapon "shotgun_soldier")
L 04/28/2026 - 05:49:10: "AirshotKing<86><[U:1:900000013]><Red>" triggered "shot_fired" (weapon "shotgun_soldier")
L 04/28/2026 - 05:49:10: "AirshotKing<86><[U:1:900000013]><Red>" triggered "shot_hit" (weapon "shotgun_soldier")
L 04/28/2026 - 05:49:10: "AirshotKing<86><[U:1:900000013]><Red>" triggered "damage" against "SoldierBoy<85><[U:1:900000011]><Blue>" (damage "49") (weapon "shotgun_soldier")
L 04/28/2026 - 05:49:11: "AirshotKing<86><[U:1:900000013]><Red>" triggered "shot_fired" (weapon "shotgun_soldier")
L 04/28/2026 - 05:49:11: "SoldierBoy<85><[U:1:900000011]><Blue>" triggered "shot_fired" (weapon "shotgun_soldier")
L 04/28/2026 - 05:49:11: "SoldierBoy<85><[U:1:900000011]><Blue>" triggered "shot_hit" (weapon "shotgun_soldier")
L 04/28/2026 - 05:49:11: "SoldierBoy<85><[U:1:900000011]><Blue>" triggered "damage" against "AirshotKing<86><[U:1:900000013]><Red>" (damage "16") (weapon "shotgun_soldier")
L 04/28/2026 - 05:49:11: "AirshotKing<86><[U:1:900000013]><Red>" triggered "shot_fired" (weapon "shotgun_soldier")
L 04/28/2026 - 05:49:11: "SoldierBoy<85><[U:1:900000011]><Blue>" triggered "shot_fired" (weapon "shotgun_soldier")
L 04/28/2026 - 05:49:11: "SoldierBoy<85><[U:1:900000011]><Blue>" triggered "shot_hit" (weapon "shotgun_soldier")
L 04/28/2026 - 05:49:11: "SoldierBoy<85><[U:1:900000011]><Blue>" triggered "damage" against "AirshotKing<86><[U:1:900000013]><Red>" (damage "8") (weapon "shotgun_soldier")
L 04/28/2026 - 05:49:12: "SoldierBoy<85><[U:1:900000011]><Blue>" triggered "shot_fired" (weapon "shotgun_soldier")
L 04/28/2026 - 05:49:12: "SoldierBoy<85><[U:1:900000011]><Blue>" triggered "shot_hit" (weapon "shotgun_soldier")
L 04/28/2026 - 05:49:12: "SoldierBoy<85><[U:1:900000011]><Blue>" triggered "damage" against "AirshotKing<86><[U:1:900000013]><Red>" (damage "72") (realdamage "17") (weapon "shotgun_soldier")
L 04/28/2026 - 05:49:12: "SoldierBoy<85><[U:1:900000011]><Blue>" killed "AirshotKing<86><[U:1:900000013]><Red>" with "shotgun_soldier" (attacker_position "-8527 11678 10807") (victim_position "-8690 11530 10650")
L 04/28/2026 - 05:49:12: "AirshotKing<86><[U:1:900000013]><Red>" spawned as "soldier"
L 04/28/2026 - 05:49:14: "AirshotKing<86><[U:1:900000013]><Red>" triggered "shot_fired" (weapon "quake_rl")
L 04/28/2026 - 05:49:15: "AirshotKing<86><[U:1:900000013]><Red>" triggered "shot_hit" (weapon "quake_rl")
L 04/28/2026 - 05:49:15: "AirshotKing<86><[U:1:900000013]><Red>" triggered "damage" against "SoldierBoy<85><[U:1:900000011]><Blue>" (damage "48") (weapon "quake_rl")
L 04/28/2026 - 05:49:15: "SoldierBoy<85><[U:1:900000011]><Blue>" triggered "shot_fired" (weapon "quake_rl")
L 04/28/2026 - 05:49:15: "AirshotKing<86><[U:1:900000013]><Red>" triggered "shot_fired" (weapon "quake_rl")
L 04/28/2026 - 05:49:15: "AirshotKing<86><[U:1:900000013]><Red>" triggered "shot_hit" (weapon "quake_rl")
L 04/28/2026 - 05:49:15: "AirshotKing<86><[U:1:900000013]><Red>" triggered "damage" against "SoldierBoy<85><[U:1:900000011]><Blue>" (damage "84") (weapon "quake_rl")
L 04/28/2026 - 05:49:15: "SoldierBoy<85><[U:1:900000011]><Blue>" triggered "shot_hit" (weapon "quake_rl")
L 04/28/2026 - 05:49:15: "SoldierBoy<85><[U:1:900000011]><Blue>" triggered "damage" against "AirshotKing<86><[U:1:900000013]><Red>" (damage "87") (weapon "quake_rl")
L 04/28/2026 - 05:49:16: "SoldierBoy<85><[U:1:900000011]><Blue>" triggered "shot_fired" (weapon "quake_rl")
L 04/28/2026 - 05:49:16: "AirshotKing<86><[U:1:900000013]><Red>" triggered "shot_fired" (weapon "quake_rl")
L 04/28/2026 - 05:49:16: "SoldierBoy<85><[U:1:900000011]><Blue>" triggered "shot_fired" (weapon "quake_rl")
L 04/28/2026 - 05:49:16: "SoldierBoy<85><[U:1:900000011]><Blue>" triggered "shot_hit" (weapon "quake_rl")
L 04/28/2026 - 05:49:16: "SoldierBoy<85><[U:1:900000011]><Blue>" triggered "damage" against "AirshotKing<86><[U:1:900000013]><Red>" (damage "96") (weapon "quake_rl")
L 04/28/2026 - 05:49:17: "SoldierBoy<85><[U:1:900000011]><Blue>" triggered "shot_fired" (weapon "shotgun_soldier")
L 04/28/2026 - 05:49:17: "AirshotKing<86><[U:1:900000013]><Red>" triggered "shot_fired" (weapon "shotgun_soldier")
L 04/28/2026 - 05:49:17: "AirshotKing<86><[U:1:900000013]><Red>" triggered "shot_hit" (weapon "shotgun_soldier")
L 04/28/2026 - 05:49:17: "AirshotKing<86><[U:1:900000013]><Red>" triggered "damage" against "SoldierBoy<85><[U:1:900000011]><Blue>" (damage "86") (weapon "shotgun_soldier")
L 04/28/2026 - 05:49:18: "SoldierBoy<85><[U:1:900000011]><Blue>" triggered "shot_fired" (weapon "shotgun_soldier")
L 04/28/2026 - 05:49:18: "SoldierBoy<85><[U:1:900000011]><Blue>" triggered "shot_hit" (weapon "shotgun_soldier")
L 04/28/2026 - 05:49:18: "SoldierBoy<85><[U:1:900000011]><Blue>" triggered "damage" against "AirshotKing<86><[U:1:900000013]><Red>" (damage "89") (realdamage "24") (weapon "shotgun_soldier")
L 04/28/2026 - 05:49:18: "SoldierBoy<85><[U:1:900000011]><Blue>" killed "AirshotKing<86><[U:1:900000013]><Red>" with "shotgun_soldier" (attacker_position "-8561 11814 10728") (victim_position "-8579 11726 10736")
L 04/28/2026 - 05:49:18: "AirshotKing<86><[U:1:900000013]><Red>" spawned as "soldier"
L 04/28/2026 - 05:49:20: "SoldierBoy<85><[U:1:900000011]><Blue>" triggered "shot_fired" (weapon "quake_rl")
L 04/28/2026 - 05:49:20: "SoldierBoy<85><[U:1:900000011]><Blue>" triggered "shot_hit" (weapon "quake_rl")
L 04/28/2026 - 05:49:20: "SoldierBoy<85><[U:1:900000011]><Blue>" triggered "damage" against "AirshotKing<86><[U:1:900000013]><Red>" (damage "106") (weapon "quake_rl") (airshot "1") (height "226")
L 04/28/2026 - 05:49:20: "AirshotKing<86><[U:1:900000013]><Red>" triggered "shot_fired" (weapon "quake_rl")
L 04/28/2026 - 05:49:20: "AirshotKing<86><[U:1:900000013]><Red>" triggered "shot_hit" (weapon "quake_rl")
L 04/28/2026 - 05:49:20: "AirshotKing<86><[U:1:900000013]><Red>" triggered "damage" against "SoldierBoy<85><[U:1:900000011]><Blue>" (damage "81") (weapon "quake_rl")
L 04/28/2026 - 05:49:21: "SoldierBoy<85><[U:1:900000011]><Blue>" triggered "shot_fired" (weapon "quake_rl")
L 04/28/2026 - 05:49:21: "AirshotKing<86><[U:1:900000013]><Red>" triggered "shot_fired" (weapon "quake_rl")
L 04/28/2026 - 05:49:22: "AirshotKing<86><[U:1:900000013]><Red>" triggered "shot_hit" (weapon "quake_rl")
L 04/28/2026 - 05:49:22: "AirshotKing<86><[U:1:900000013]><Red>" triggered "damage" against "SoldierBoy<85><[U:1:900000011]><Blue>" (damage "62") (weapon "quake_rl")
L 04/28/2026 - 05:49:22: "AirshotKing<86><[U:1:900000013]><Red>" triggered "shot_fired" (weapon "quake_rl")
L 04/28/2026 - 05:49:22: "SoldierBoy<85><[U:1:900000011]><Blue>" triggered "shot_fired" (weapon "quake_rl")
L 04/28/2026 - 05:49:23: "SoldierBoy<85><[U:1:900000011]><Blue>" triggered "shot_hit" (weapon "quake_rl")
L 04/28/2026 - 05:49:23: "SoldierBoy<85><[U:1:900000011]><Blue>" triggered "damage" against "AirshotKing<86><[U:1:900000013]><Red>" (damage "50") (weapon "quake_rl")
L 04/28/2026 - 05:49:23: "SoldierBoy<85><[U:1:900000011]><Blue>" triggered "shot_fired" (weapon "quake_rl")
L 04/28/2026 - 05:49:24: "AirshotKing<86><[U:1:900000013]><Red>" triggered "shot_fired" (weapon "quake_rl")
L 04/28/2026 - 05:49:24: "SoldierBoy<85><[U:1:900000011]><Blue>" triggered "shot_fired" (weapon "shotgun_soldier")
L 04/28/2026 - 05:49:24: "SoldierBoy<85><[U:1:900000011]><Blue>" triggered "shot_hit" (weapon "shotgun_soldier")
L 04/28/2026 - 05:49:24: "SoldierBoy<85><[U:1:900000011]><Blue>" triggered "damage" against "AirshotKing<86><[U:1:900000013]><Red>" (damage "33") (realdamage "16") (weapon "shotgun_soldier")
L 04/28/2026 - 05:49:24: "SoldierBoy<85><[U:1:900000011]><Blue>" killed "AirshotKing<86><[U:1:900000013]><Red>" with "shotgun_soldier" (attacker_position "-8468 11528 10600") (victim_position "-8787 11781 10790")
L 04/28/2026 - 05:49:24: "SoldierBoy<85><[U:1:900000011]><Blue>" triggered "domination" against "AirshotKing<86><[U:1:900000013]><Red>"
L 04/28/2026 - 05:49:24: "AirshotKing<86><[U:1:900000013]><Red>" spawned as "soldier"
L 04/28/2026 - 05:49:27: "SoldierBoy<85><[U:1:900000011]><Blue>" triggered "shot_fired" (weapon "quake_rl")
L 04/28/2026 - 05:49:27: "AirshotKing<86><[U:1:900000013]><Red>" triggered "shot_fired" (weapon "quake_rl")
L 04/28/2026 - 05:49:28: "AirshotKing<86><[U:1:900000013]><Red>" triggered "shot_hit" (weapon "quake_rl")
L 04/28/2026 - 05:49:28: "AirshotKing<86><[U:1:900000013]><Red>" triggered "damage" against "SoldierBoy<85><[U:1:900000011]><Blue>" (damage "64") (weapon "quake_rl")
L 04/28/2026 - 05:49:28: "AirshotKing<86><[U:1:900000013]><Red>" triggered "shot_fired" (weapon "quake_rl")
L 04/28/2026 - 05:49:28: "AirshotKing<86><[U:1:900000013]><Red>" triggered "shot_hit" (weapon "quake_rl")
L 04/28/2026 - 05:49:28: "AirshotKing<86><[U:1:900000013]><Red>" triggered "damage" against "SoldierBoy<85><[U:1:900000011]><Blue>" (damage "55") (weapon "quake_rl")
L 04/28/2026 - 05:49:29: "SoldierBoy<85><[U:1:900000011]><Blue>" triggered "shot_fired" (weapon "quake_rl")
L 04/28/2026 - 05:49:29: "SoldierBoy<85><[U:1:900000011]><Blue>" triggered "shot_hit" (weapon "quake_rl")
L 04/28/2026 - 05:49:29: "SoldierBoy<85><[U:1:900000011]><Blue>" triggered "damage" against "AirshotKing<86><[U:1:900000013]><Red>" (damage "84") (weapon "quake_rl")
L 04/28/2026 - 05:49:29: "AirshotKing<86><[U:1:900000013]><Red>" triggered "shot_fired" (weapon "quake_rl")
L 04/28/2026 - 05:49:29: "SoldierBoy<85><[U:1:900000011]><Blue>" triggered "shot_fired" (weapon "quake_rl")
L 04/28/2026 - 05:49:29: "SoldierBoy<85><[U:1:900000011]><Blue>" triggered "shot_hit" (weapon "quake_rl")
L 04/28/2026 - 05:49:29: "SoldierBoy<85><[U:1:900000011]><Blue>" triggered "damage" against "AirshotKing<86><[U:1:900000013]><Red>" (damage "88") (weapon "quake_rl")
L 04/28/2026 - 05:49:30: "AirshotKing<86><[U:1:900000013]><Red>" triggered "shot_fired" (weapon "shotgun_soldier")
L 04/28/2026 - 05:49:30: "SoldierBoy<85><[U:1:900000011]><Blue>" triggered "shot_fired" (weapon "shotgun_soldier")
L 04/28/2026 - 05:49:30: "SoldierBoy<85><[U:1:900000011]><Blue>" triggered "shot_hit" (weapon "shotgun_soldier")
L 04/28/2026 - 05:49:30: "SoldierBoy<85><[U:1:900000011]><Blue>" triggered "damage" against "AirshotKing<86><[U:1:900000013]><Red>" (damage "17") (weapon "shotgun_soldier")
L 04/28/2026 - 05:49:31: "SoldierBoy<85><[U:1:900000011]><Blue>" triggered "shot_fired" (weapon "quake_rl")
L 04/28/2026 - 05:49:32: "AirshotKing<86><[U:1:900000013]><Red>" triggered "shot_fired" (weapon "quake_rl")
L 04/28/2026 - 05:49:32: "SoldierBoy<85><[U:1:900000011]><Blue>" triggered "shot_fired" (weapon "shotgun_soldier")
L 04/28/2026 - 05:49:32: "SoldierBoy<85><[U:1:900000011]><Blue>" triggered "shot_hit" (weapon "shotgun_soldier")
L 04/28/2026 - 05:49:32: "SoldierBoy<85><[U:1:900000011]><Blue>" triggered "damage" against "AirshotKing<86><[U:1:900000013]><Red>" (damage "20") (weapon "shotgun_soldier")
L 04/28/2026 - 05:49:32: "AirshotKing<86><[U:1:900000013]><Red>" triggered "shot_fired" (weapon "shotgun_soldier")
L 04/28/2026 - 05:49:32: "AirshotKing<86><[U:1:900000013]><Red>" triggered "shot_hit" (weapon "shotgun_soldier")
L 04/28/2026 - 05:49:32: "AirshotKing<86><[U:1:900000013]><Red>" triggered "damage" against "SoldierBoy<85><[U:1:900000011]><Blue>" (damage "16") (weapon "shotgun_soldier")
L 04/28/2026 - 05:49:32: "AirshotKing<86><[U:1:900000013]><Red>" triggered "shot_hit" (weapon "quake_rl")
L 04/28/2026 - 05:49:32: "AirshotKing<86><[U:1:900000013]><Red>" triggered "damage" against "SoldierBoy<85><[U:1:900000011]><Blue>" (damage "52") (weapon "quake_rl")
L 04/28/2026 - 05:49:32: "SoldierBoy<85><[U:1:900000011]><Blue>" killed "AirshotKing<86><[U:1:900000013]><Red>" with "world" (attacker_position "-8706 11558 10729") (victim_position "-8335 11565 10413")
L 04/28/2026 - 05:49:32: "AirshotKing<86><[U:1:900000013]><Red>" spawned as "soldier"
L 04/28/2026 - 05:49:37: "AirshotKing<86><[U:1:900000013]><Red>" say "nice shot"
L 04/28/2026 - 05:49:38: "AirshotKing<86><[U:1:900000013]><Red>" say "close game"
L 04/28/2026 - 05:49:40: "AirshotKing<86><[U:1:900000013]><Red>" say "!remove"
L 04/28/2026 - 05:49:50: "AirshotKing<86><[U:1:900000013]><Red>" triggered "shot_fired" (weapon "quake_rl")
L 04/28/2026 - 05:49:50: "SoldierBoy<85><[U:1:900000011]><Blue>" triggered "shot_fired" (weapon "quake_rl")
L 04/28/2026 - 05:49:50: "AirshotKing<86><[U:1:900000013]><Red>" triggered "shot_hit" (weapon "quake_rl")
L 04/28/2026 - 05:49:50: "AirshotKing<86><[U:1:900000013]><Red>" triggered "damage" against "SoldierBoy<85><[U:1:900000011]><Blue>" (damage "49") (weapon "quake_rl")
L 04/28/2026 - 05:49:51: "AirshotKing<86><[U:1:900000013]><Red>" triggered "shot_fired" (weapon "quake_rl")
L 04/28/2026 - 05:49:51: "SoldierBoy<85><[U:1:900000011]><Blue>" triggered "shot_fired" (weapon "quake_rl")
L 04/28/2026 - 05:49:51: "AirshotKing<86><[U:1:900000013]><Red>" triggered "shot_fired" (weapon "quake_rl")
L 04/28/2026 - 05:49:52: "SoldierBoy<85><[U:1:900000011]><Blue>" triggered "shot_fired" (weapon "quake_rl")
L 04/28/2026 - 05:49:52: "AirshotKing<86><[U:1:900000013]><Red>" triggered "shot_fired" (weapon "shotgun_soldier")
L 04/28/2026 - 05:49:52: "AirshotKing<86><[U:1:900000013]><Red>" triggered "shot_hit" (weapon "shotgun_soldier")
L 04/28/2026 - 05:49:52: "AirshotKing<86><[U:1:900000013]><Red>" triggered "damage" against "SoldierBoy<85><[U:1:900000011]><Blue>" (damage "54") (weapon "shotgun_soldier")
L 04/28/2026 - 05:49:52: "AirshotKing<86><[U:1:900000013]><Red>" triggered "shot_fired" (weapon "shotgun_soldier")
L 04/28/2026 - 05:49:52: "AirshotKing<86><[U:1:900000013]><Red>" triggered "shot_hit" (weapon "shotgun_soldier")
L 04/28/2026 - 05:49:52: "AirshotKing<86><[U:1:900000013]><Red>" triggered "damage" against "SoldierBoy<85><[U:1:900000011]><Blue>" (damage "87") (weapon "shotgun_soldier")
L 04/28/2026 - 05:49:52: "SoldierBoy<85><[U:1:900000011]><Blue>" triggered "shot_fired" (weapon "quake_rl")
L 04/28/2026 - 05:49:53: "SoldierBoy<85><[U:1:900000011]><Blue>" triggered "shot_hit" (weapon "quake_rl")
L 04/28/2026 - 05:49:53: "SoldierBoy<85><[U:1:900000011]><Blue>" triggered "damage" against "AirshotKing<86><[U:1:900000013]><Red>" (damage "54") (weapon "quake_rl")
L 04/28/2026 - 05:49:53: "SoldierBoy<85><[U:1:900000011]><Blue>" triggered "shot_fired" (weapon "shotgun_soldier")
L 04/28/2026 - 05:49:53: "SoldierBoy<85><[U:1:900000011]><Blue>" triggered "shot_hit" (weapon "shotgun_soldier")
L 04/28/2026 - 05:49:53: "SoldierBoy<85><[U:1:900000011]><Blue>" triggered "damage" against "AirshotKing<86><[U:1:900000013]><Red>" (damage "55") (weapon "shotgun_soldier")
L 04/28/2026 - 05:49:53: "AirshotKing<86><[U:1:900000013]><Red>" triggered "shot_fired" (weapon "shotgun_soldier")
L 04/28/2026 - 05:49:53: "AirshotKing<86><[U:1:900000013]><Red>" triggered "shot_hit" (weapon "shotgun_soldier")
L 04/28/2026 - 05:49:53: "AirshotKing<86><[U:1:900000013]><Red>" triggered "damage" against "SoldierBoy<85><[U:1:900000011]><Blue>" (damage "71") (realdamage "10") (weapon "shotgun_soldier")
L 04/28/2026 - 05:49:53: "AirshotKing<86><[U:1:900000013]><Red>" killed "SoldierBoy<85><[U:1:900000011]><Blue>" with "shotgun_soldier" (attacker_position "-8661 11557 10647") (victim_position "-8813 11695 10833")
L 04/28/2026 - 05:49:53: "AirshotKing<86><[U:1:900000013]><Red>" triggered "revenge" against "SoldierBoy<85><[U:1:900000011]><Blue>"
L 04/28/2026 - 05:49:53: "SoldierBoy<85><[U:1:900000011]><Blue>" spawned as "soldier"
L 04/28/2026 - 05:49:59: "SoldierBoy<85><[U:1:900000011]><Blue>" triggered "shot_fired" (weapon "quake_rl")
L 04/28/2026 - 05:49:59: "SoldierBoy<85><[U:1:900000011]><Blue>" triggered "shot_hit" (weapon "quake_rl")
L 04/28/2026 - 05:49:59: "SoldierBoy<85><[U:1:900000011]><Blue>" triggered "damage" against "AirshotKing<86><[U:1:900000013]><Red>" (damage "50") (weapon "quake_rl")
L 04/28/2026 - 05:49:59: "AirshotKing<86><[U:1:900000013]><Red>" triggered "shot_fired" (weapon "quake_rl")
L 04/28/2026 - 05:49:59: "AirshotKing<86><[U:1:900000013]><Red>" triggered "shot_hit" (weapon "quake_rl")
L 04/28/2026 - 05:49:59: "AirshotKing<86><[U:1:900000013]><Red>" triggered "damage" against "SoldierBoy<85><[U:1:900000011]><Blue>" (damage "97") (weapon "quake_rl") (airshot "1") (height "225")
L 04/28/2026 - 05:49:59: "SoldierBoy<85><[U:1:900000011]><Blue>" triggered "shot_fired" (weapon "quake_rl")
L 04/28/2026 - 05:50:00: "AirshotKing<86><[U:1:900000013]><Red>" triggered "shot_fired" (weapon "quake_rl")
L 04/28/2026 - 05:50:01: "SoldierBoy<85><[U:1:900000011]><Blue>" triggered "shot_fired" (weapon "shotgun_soldier")
L 04/28/2026 - 05:50:01: "SoldierBoy<85><[U:1:900000011]><Blue>" triggered "shot_hit" (weapon "shotgun_soldier")
L 04/28/2026 - 05:50:01: "SoldierBoy<85><[U:1:900000011]><Blue>" triggered "damage" against "AirshotKing<86><[U:1:900000013]><Red>" (damage "18") (weapon "shotgun_soldier")
L 04/28/2026 - 05:50:01: "AirshotKing<86><[U:1:900000013]><Red>" triggered "shot_fired" (weapon "quake_rl")
L 04/28/2026 - 05:50:02: "SoldierBoy<85><[U:1:900000011]><Blue>" triggered "shot_fired" (weapon "shotgun_soldier")
L 04/28/2026 - 05:50:02: "SoldierBoy<85><[U:1:900000011]><Blue>" triggered "shot_hit" (weapon "shotgun_soldier")
L 04/28/2026 - 05:50:02: "SoldierBoy<85><[U:1:900000011]><Blue>" triggered "damage" against "AirshotKing<86><[U:1:900000013]><Red>" (damage "67") (weapon "shotgun_soldier")
L 04/28/2026 - 05:50:02: "AirshotKing<86><[U:1:900000013]><Red>" triggered "shot_hit" (weapon "quake_rl")
L 04/28/2026 - 05:50:02: "AirshotKing<86><[U:1:900000013]><Red>" triggered "damage" against "SoldierBoy<85><[U:1:900000011]><Blue>" (damage "77") (realdamage "54") (weapon "quake_rl")
L 04/28/2026 - 05:50:02: "AirshotKing<86><[U:1:900000013]><Red>" killed "SoldierBoy<85><[U:1:900000011]><Blue>" with "quake_rl" (attacker_position "-8902 11978 10743") (victim_position "-8842 11770 10804")
L 04/28/2026 - 05:50:02: "AirshotKing<86><[U:1:900000013]><Red>" triggered "shot_fired" (weapon "quake_rl")
L 04/28/2026 - 05:50:02: "SoldierBoy<85><[U:1:900000011]><Blue>" spawned as "soldier"
L 04/28/2026 - 05:50:03: "AirshotKing<86><[U:1:900000013]><Red>" triggered "shot_fired" (weapon "quake_rl")
L 04/28/2026 - 05:50:09: "AirshotKing<86><[U:1:900000013]><Red>" triggered "shot_fired" (weapon "quake_rl")
L 04/28/2026 - 05:50:09: "SoldierBoy<85><[U:1:900000011]><Blue>" triggered "shot_fired" (weapon "quake_rl")
L 04/28/2026 - 05:50:09: "AirshotKing<86><[U:1:900000013]><Red>" triggered "shot_hit" (weapon "quake_rl")
L 04/28/2026 - 05:50:09: "AirshotKing<86><[U:1:900000013]><Red>" triggered "damage" against "SoldierBoy<85><[U:1:900000011]><Blue>" (damage "78") (weapon "quake_rl")
L 04/28/2026 - 05:50:09: "AirshotKing<86><[U:1:900000013]><Red>" triggered "shot_fired" (weapon "quake_rl")
L 04/28/2026 - 05:50:09: "SoldierBoy<85><[U:1:900000011]><Blue>" triggered "shot_fired" (weapon "quake_rl")
L 04/28/2026 - 05:50:10: "SoldierBoy<85><[U:1:900000011]><Blue>" triggered "shot_hit" (weapon "quake_rl")
L 04/28/2026 - 05:50:10: "SoldierBoy<85><[U:1:900000011]><Blue>" triggered "damage" against "AirshotKing<86><[U:1:900000013]><Red>" (damage "54") (weapon "quake_rl")
L 04/28/2026 - 05:50:10: "SoldierBoy<85><[U:1:900000011]><Blue>" triggered "shot_fired" (weapon "quake_rl")
L 04/28/2026 - 05:50:10: "AirshotKing<86><[U:1:900000013]><Red>" triggered "shot_fired" (weapon "quake_rl")
L 04/28/2026 - 05:50:10: "AirshotKing<86><[U:1:900000013]><Red>" triggered "shot_hit" (weapon "quake_rl")
L 04/28/2026 - 05:50:10: "AirshotKing<86><[U:1:900000013]><Red>" triggered "damage" against "SoldierBoy<85><[U:1:900000011]><Blue>" (damage "70") (weapon "quake_rl")
L 04/28/2026 - 05:50:11: "SoldierBoy<85><[U:1:900000011]><Blue>" triggered "shot_fired" (weapon "shotgun_soldier")
L 04/28/2026 - 05:50:11: "SoldierBoy<85><[U:1:900000011]><Blue>" triggered "shot_hit" (weapon "shotgun_soldier")
L 04/28/2026 - 05:50:11: "SoldierBoy<85><[U:1:900000011]><Blue>" triggered "damage" against "AirshotKing<86><[U:1:900000013]><Red>" (damage "89") (weapon "shotgun_soldier")
L 04/28/2026 - 05:50:11: "AirshotKing<86><[U:1:900000013]><Red>" triggered "shot_fired" (weapon "shotgun_soldier")
L 04/28/2026 - 05:50:11: "SoldierBoy<85><[U:1:900000011]><Blue>" triggered "shot_fired" (weapon "shotgun_soldier")
L 04/28/2026 - 05:50:11: "SoldierBoy<85><[U:1:900000011]><Blue>" triggered "shot_hit" (weapon "shotgun_soldier")
L 04/28/2026 - 05:50:11: "SoldierBoy<85><[U:1:900000011]><Blue>" triggered "damage" against "AirshotKing<86><[U:1:900000013]><Red>" (damage "56") (realdamage "44") (weapon "shotgun_soldier")
L 04/28/2026 - 05:50:11: "SoldierBoy<85><[U:1:900000011]><Blue>" killed "AirshotKing<86><[U:1:900000013]><Red>" with "shotgun_soldier" (attacker_position "-8689 11898 10736") (victim_position "-8947 11956 10787")
L 04/28/2026 - 05:50:12: "AirshotKing<86><[U:1:900000013]><Red>" spawned as "soldier"
L 04/28/2026 - 05:50:14: "AirshotKing<86><[U:1:900000013]><Red>" triggered "shot_fired" (weapon "quake_rl")
L 04/28/2026 - 05:50:14: "SoldierBoy<85><[U:1:900000011]><Blue>" triggered "shot_fired" (weapon "quake_rl")
L 04/28/2026 - 05:50:15: "AirshotKing<86><[U:1:900000013]><Red>" triggered "shot_fired" (weapon "quake_rl")
L 04/28/2026 - 05:50:15: "AirshotKing<86><[U:1:900000013]><Red>" triggered "shot_hit" (weapon "quake_rl")
L 04/28/2026 - 05:50:15: "AirshotKing<86><[U:1:900000013]><Red>" triggered "damage" against "SoldierBoy<85><[U:1:900000011]><Blue>" (damage "48") (weapon "quake_rl")
L 04/28/2026 - 05:50:15: "SoldierBoy<85><[U:1:900000011]><Blue>" triggered "shot_fired" (weapon "quake_rl")
L 04/28/2026 - 05:50:15: "AirshotKing<86><[U:1:900000013]><Red>" triggered "shot_fired" (weapon "quake_rl")
L 04/28/2026 - 05:50:16: "AirshotKing<86><[U:1:900000013]><Red>" triggered "shot_hit" (weapon "quake_rl")
L 04/28/2026 - 05:50:16: "AirshotKing<86><[U:1:900000013]><Red>" triggered "damage" against "SoldierBoy<85><[U:1:900000011]><Blue>" (damage "101") (weapon "quake_rl")
L 04/28/2026 - 05:50:16: "SoldierBoy<85><[U:1:900000011]><Blue>" triggered "shot_fired" (weapon "quake_rl")
L 04/28/2026 - 05:50:17: "SoldierBoy<85><[U:1:900000011]><Blue>" triggered "shot_fired" (weapon "shotgun_soldier")
L 04/28/2026 - 05:50:17: "AirshotKing<86><[U:1:900000013]><Red>" triggered "shot_fired" (weapon "quake_rl")
L 04/28/2026 - 05:50:17: "AirshotKing<86><[U:1:900000013]><Red>" triggered "shot_hit" (weapon "quake_rl")
L 04/28/2026 - 05:50:17: "AirshotKing<86><[U:1:900000013]><Red>" triggered "damage" against "SoldierBoy<85><[U:1:900000011]><Blue>" (damage "80") (weapon "quake_rl")
L 04/28/2026 - 05:50:18: "SoldierBoy<85><[U:1:900000011]><Blue>" triggered "shot_fired" (weapon "shotgun_soldier")
L 04/28/2026 - 05:50:18: "SoldierBoy<85><[U:1:900000011]><Blue>" triggered "shot_hit" (weapon "shotgun_soldier")
L 04/28/2026 - 05:50:18: "SoldierBoy<85><[U:1:900000011]><Blue>" triggered "damage" against "AirshotKing<86><[U:1:900000013]><Red>" (damage "12") (weapon "shotgun_soldier")
L 04/28/2026 - 05:50:18: "AirshotKing<86><[U:1:900000013]><Red>" triggered "shot_fired" (weapon "shotgun_soldier")
L 04/28/2026 - 05:50:18: "AirshotKing<86><[U:1:900000013]><Red>" triggered "shot_hit" (weapon "shotgun_soldier")
L 04/28/2026 - 05:50:18: "AirshotKing<86><[U:1:900000013]><Red>" triggered "damage" against "SoldierBoy<85><[U:1:900000011]><Blue>" (damage "45") (realdamage "43") (weapon "shotgun_soldier")
L 04/28/2026 - 05:50:18: "AirshotKing<86><[U:1:900000013]><Red>" killed "SoldierBoy<85><[U:1:900000011]><Blue>" with "shotgun_soldier" (attacker_position "-8576 11739 10736") (victim_position "-9008 11902 10811")
L 04/28/2026 - 05:50:18: "SoldierBoy<85><[U:1:900000011]><Blue>" spawned as "soldier"
L 04/28/2026 - 05:50:20: "AirshotKing<86><[U:1:900000013]><Red>" triggered "shot_fired" (weapon "quake_rl")
L 04/28/2026 - 05:50:20: "SoldierBoy<85><[U:1:900000011]><Blue>" triggered "shot_fired" (weapon "quake_rl")
L 04/28/2026 - 05:50:21: "SoldierBoy<85><[U:1:900000011]><Blue>" triggered "shot_hit" (weapon "quake_rl")
L 04/28/2026 - 05:50:21: "SoldierBoy<85><[U:1:900000011]><Blue>" triggered "damage" against "AirshotKing<86><[U:1:900000013]><Red>" (damage "71") (weapon "quake_rl")
L 04/28/2026 - 05:50:21: "AirshotKing<86><[U:1:900000013]><Red>" triggered "shot_fired" (weapon "quake_rl")
L 04/28/2026 - 05:50:21: "SoldierBoy<85><[U:1:900000011]><Blue>" triggered "shot_fired" (weapon "quake_rl")
L 04/28/2026 - 05:50:22: "AirshotKing<86><[U:1:900000013]><Red>" triggered "shot_fired" (weapon "quake_rl")
L 04/28/2026 - 05:50:22: "AirshotKing<86><[U:1:900000013]><Red>" triggered "shot_hit" (weapon "quake_rl")
L 04/28/2026 - 05:50:22: "AirshotKing<86><[U:1:900000013]><Red>" triggered "damage" against "SoldierBoy<85><[U:1:900000011]><Blue>" (damage "66") (weapon "quake_rl")
L 04/28/2026 - 05:50:22: "SoldierBoy<85><[U:1:900000011]><Blue>" triggered "shot_hit" (weapon "quake_rl")
L 04/28/2026 - 05:50:22: "SoldierBoy<85><[U:1:900000011]><Blue>" triggered "damage" against "AirshotKing<86><[U:1:900000013]><Red>" (damage "86") (weapon "quake_rl")
L 04/28/2026 - 05:50:22: "SoldierBoy<85><[U:1:900000011]><Blue>" triggered "shot_fired" (weapon "quake_rl")
L 04/28/2026 - 05:50:23: "AirshotKing<86><[U:1:900000013]><Red>" triggered "shot_fired" (weapon "quake_rl")
L 04/28/2026 - 05:50:23: "SoldierBoy<85><[U:1:900000011]><Blue>" triggered "shot_fired" (weapon "shotgun_soldier")
L 04/28/2026 - 05:50:23: "SoldierBoy<85><[U:1:900000011]><Blue>" triggered "shot_hit" (weapon "shotgun_soldier")
L 04/28/2026 - 05:50:23: "SoldierBoy<85><[U:1:900000011]><Blue>" triggered "damage" against "AirshotKing<86><[U:1:900000013]><Red>" (damage "53") (weapon "shotgun_soldier")
L 04/28/2026 - 05:50:23: "AirshotKing<86><[U:1:900000013]><Red>" triggered "shot_hit" (weapon "quake_rl")
L 04/28/2026 - 05:50:23: "AirshotKing<86><[U:1:900000013]><Red>" triggered "damage" against "SoldierBoy<85><[U:1:900000011]><Blue>" (damage "65") (weapon "quake_rl")
L 04/28/2026 - 05:50:23: "AirshotKing<86><[U:1:900000013]><Red>" triggered "shot_fired" (weapon "shotgun_soldier")
L 04/28/2026 - 05:50:23: "AirshotKing<86><[U:1:900000013]><Red>" triggered "shot_hit" (weapon "shotgun_soldier")
L 04/28/2026 - 05:50:23: "AirshotKing<86><[U:1:900000013]><Red>" triggered "damage" against "SoldierBoy<85><[U:1:900000011]><Blue>" (damage "71") (weapon "shotgun_soldier")
L 04/28/2026 - 05:50:23: "SoldierBoy<85><[U:1:900000011]><Blue>" triggered "shot_fired" (weapon "shotgun_soldier")
L 04/28/2026 - 05:50:23: "SoldierBoy<85><[U:1:900000011]><Blue>" triggered "shot_hit" (weapon "shotgun_soldier")
L 04/28/2026 - 05:50:23: "SoldierBoy<85><[U:1:900000011]><Blue>" triggered "damage" against "AirshotKing<86><[U:1:900000013]><Red>" (damage "83") (realdamage "39") (weapon "shotgun_soldier")
L 04/28/2026 - 05:50:23: "SoldierBoy<85><[U:1:900000011]><Blue>" killed "AirshotKing<86><[U:1:900000013]><Red>" with "shotgun_soldier" (attacker_position "-8591 11595 10672") (victim_position "-8781 11667 10743")
L 04/28/2026 - 05:50:24: "AirshotKing<86><[U:1:900000013]><Red>" spawned as "soldier"
L 04/28/2026 - 05:50:26: "SoldierBoy<85><[U:1:900000011]><Blue>" triggered "shot_fired" (weapon "quake_rl")
L 04/28/2026 - 05:50:26: "AirshotKing<86><[U:1:900000013]><Red>" triggered "shot_fired" (weapon "quake_rl")
L 04/28/2026 - 05:50:26: "SoldierBoy<85><[U:1:900000011]><Blue>" triggered "shot_hit" (weapon "quake_rl")
L 04/28/2026 - 05:50:26: "SoldierBoy<85><[U:1:900000011]><Blue>" triggered "damage" against "AirshotKing<86><[U:1:900000013]><Red>" (damage "104") (weapon "quake_rl") (airshot "1") (height "694")
L 04/28/2026 - 05:50:26: "AirshotKing<86><[U:1:900000013]><Red>" triggered "shot_hit" (weapon "quake_rl")
L 04/28/2026 - 05:50:26: "AirshotKing<86><[U:1:900000013]><Red>" triggered "damage" against "SoldierBoy<85><[U:1:900000011]><Blue>" (damage "82") (weapon "quake_rl")
L 04/28/2026 - 05:50:26: "AirshotKing<86><[U:1:900000013]><Red>" triggered "shot_fired" (weapon "quake_rl")
L 04/28/2026 - 05:50:27: "SoldierBoy<85><[U:1:900000011]><Blue>" triggered "shot_fired" (weapon "quake_rl")
L 04/28/2026 - 05:50:29: "AirshotKing<86><[U:1:900000013]><Red>" triggered "shot_fired" (weapon "quake_rl")
L 04/28/2026 - 05:50:29: "SoldierBoy<85><[U:1:900000011]><Blue>" triggered "shot_fired" (weapon "quake_rl")
L 04/28/2026 - 05:50:30: "SoldierBoy<85><[U:1:900000011]><Blue>" triggered "shot_fired" (weapon "quake_rl")
L 04/28/2026 - 05:50:31: "AirshotKing<86><[U:1:900000013]><Red>" triggered "shot_fired" (weapon "quake_rl")
L 04/28/2026 - 05:50:31: "SoldierBoy<85><[U:1:900000011]><Blue>" triggered "shot_fired" (weapon "shotgun_soldier")
L 04/28/2026 - 05:50:31: "SoldierBoy<85><[U:1:900000011]><Blue>" triggered "shot_hit" (weapon "shotgun_soldier")
L 04/28/2026 - 05:50:31: "SoldierBoy<85><[U:1:900000011]><Blue>" triggered "damage" against "AirshotKing<86><[U:1:900000013]><Red>" (damage "7") (weapon "shotgun_soldier")
L 04/28/2026 - 05:50:32: "AirshotKing<86><[U:1:900000013]><Red>" triggered "shot_fired" (weapon "quake_rl")
L 04/28/2026 - 05:50:33: "AirshotKing<86><[U:1:900000013]><Red>" triggered "shot_fired" (weapon "shotgun_soldier")
L 04/28/2026 - 05:50:33: "AirshotKing<86><[U:1:900000013]><Red>" triggered "shot_hit" (weapon "shotgun_soldier")
L 04/28/2026 - 05:50:33: "AirshotKing<86><[U:1:900000013]><Red>" triggered "damage" against "SoldierBoy<85><[U:1:900000011]><Blue>" (damage "82") (weapon "shotgun_soldier")
L 04/28/2026 - 05:50:33: "SoldierBoy<85><[U:1:900000011]><Blue>" triggered "shot_fired" (weapon "shotgun_soldier")
L 04/28/2026 - 05:50:33: "SoldierBoy<85><[U:1:900000011]><Blue>" triggered "shot_hit" (weapon "shotgun_soldier")
L 04/28/2026 - 05:50:33: "SoldierBoy<85><[U:1:900000011]><Blue>" triggered "damage" against "AirshotKing<86><[U:1:900000013]><Red>" (damage "24") (weapon "shotgun_soldier")
L 04/28/2026 - 05:50:33: "SoldierBoy<85><[U:1:900000011]><Blue>" picked up item "tf_ammo_pack"
L 04/28/2026 - 05:50:34: "SoldierBoy<85><[U:1:900000011]><Blue>" triggered "shot_fired" (weapon "shotgun_soldier")
L 04/28/2026 - 05:50:34: "SoldierBoy<85><[U:1:900000011]><Blue>" triggered "shot_hit" (weapon "shotgun_soldier")
L 04/28/2026 - 05:50:34: "SoldierBoy<85><[U:1:900000011]><Blue>" triggered "damage" against "AirshotKing<86><[U:1:900000013]><Red>" (damage "8") (weapon "shotgun_soldier")
L 04/28/2026 - 05:50:34: "SoldierBoy<85><[U:1:900000011]><Blue>" triggered "damage" against "AirshotKing<86><[U:1:900000013]><Red>" (damage "8") (weapon "shotgun_soldier")
L 04/28/2026 - 05:50:34: "AirshotKing<86><[U:1:900000013]><Red>" triggered "shot_hit" (weapon "quake_rl")
L 04/28/2026 - 05:50:34: "AirshotKing<86><[U:1:900000013]><Red>" triggered "damage" against "SoldierBoy<85><[U:1:900000011]><Blue>" (damage "76") (realdamage "41") (weapon "quake_rl")
L 04/28/2026 - 05:50:34: "AirshotKing<86><[U:1:900000013]><Red>" killed "SoldierBoy<85><[U:1:900000011]><Blue>" with "quake_rl" (attacker_position "-8621 11520 10640") (victim_position "-8762 11677 10747")
L 04/28/2026 - 05:50:34: "AirshotKing<86><[U:1:900000013]><Red>" triggered "shot_fired" (weapon "quake_rl")
L 04/28/2026 - 05:50:34: "SoldierBoy<85><[U:1:900000011]><Blue>" spawned as "soldier"
L 04/28/2026 - 05:50:36: "AirshotKing<86><[U:1:900000013]><Red>" triggered "shot_fired" (weapon "quake_rl")
L 04/28/2026 - 05:50:36: "AirshotKing<86><[U:1:900000013]><Red>" triggered "shot_hit" (weapon "quake_rl")
L 04/28/2026 - 05:50:36: "AirshotKing<86><[U:1:900000013]><Red>" triggered "damage" against "SoldierBoy<85><[U:1:900000011]><Blue>" (damage "97") (weapon "quake_rl") (airshot "1") (height "435")
L 04/28/2026 - 05:50:37: "SoldierBoy<85><[U:1:900000011]><Blue>" triggered "shot_fired" (weapon "quake_rl")
L 04/28/2026 - 05:50:37: "AirshotKing<86><[U:1:900000013]><Red>" triggered "shot_fired" (weapon "quake_rl")
L 04/28/2026 - 05:50:38: "SoldierBoy<85><[U:1:900000011]><Blue>" triggered "shot_fired" (weapon "quake_rl")
L 04/28/2026 - 05:50:38: "AirshotKing<86><[U:1:900000013]><Red>" triggered "shot_fired" (weapon "quake_rl")
L 04/28/2026 - 05:50:39: "SoldierBoy<85><[U:1:900000011]><Blue>" triggered "shot_hit" (weapon "quake_rl")
L 04/28/2026 - 05:50:39: "SoldierBoy<85><[U:1:900000011]><Blue>" triggered "damage" against "AirshotKing<86><[U:1:900000013]><Red>" (damage "67") (weapon "quake_rl")
L 04/28/2026 - 05:50:39: "AirshotKing<86><[U:1:900000013]><Red>" triggered "shot_fired" (weapon "quake_rl")
L 04/28/2026 - 05:50:39: "SoldierBoy<85><[U:1:900000011]><Blue>" triggered "shot_fired" (weapon "quake_rl")
L 04/28/2026 - 05:50:39: "AirshotKing<86><[U:1:900000013]><Red>" triggered "shot_hit" (weapon "quake_rl")
L 04/28/2026 - 05:50:39: "AirshotKing<86><[U:1:900000013]><Red>" triggered "damage" against "SoldierBoy<85><[U:1:900000011]><Blue>" (damage "52") (weapon "quake_rl")
L 04/28/2026 - 05:50:40: "AirshotKing<86><[U:1:900000013]><Red>" triggered "shot_fired" (weapon "shotgun_soldier")
L 04/28/2026 - 05:50:40: "AirshotKing<86><[U:1:900000013]><Red>" triggered "shot_hit" (weapon "shotgun_soldier")
L 04/28/2026 - 05:50:40: "AirshotKing<86><[U:1:900000013]><Red>" triggered "damage" against "SoldierBoy<85><[U:1:900000011]><Blue>" (damage "6") (weapon "shotgun_soldier")
L 04/28/2026 - 05:50:40: "SoldierBoy<85><[U:1:900000011]><Blue>" triggered "shot_fired" (weapon "shotgun_soldier")
L 04/28/2026 - 05:50:40: "SoldierBoy<85><[U:1:900000011]><Blue>" triggered "shot_hit" (weapon "shotgun_soldier")
L 04/28/2026 - 05:50:40: "SoldierBoy<85><[U:1:900000011]><Blue>" triggered "damage" against "AirshotKing<86><[U:1:900000013]><Red>" (damage "6") (weapon "shotgun_soldier")
L 04/28/2026 - 05:50:40: "AirshotKing<86><[U:1:900000013]><Red>" triggered "shot_fired" (weapon "shotgun_soldier")
L 04/28/2026 - 05:50:42: "SoldierBoy<85><[U:1:900000011]><Blue>" triggered "shot_fired" (weapon "shotgun_soldier")
L 04/28/2026 - 05:50:42: "SoldierBoy<85><[U:1:900000011]><Blue>" triggered "shot_hit" (weapon "shotgun_soldier")
L 04/28/2026 - 05:50:42: "SoldierBoy<85><[U:1:900000011]><Blue>" triggered "damage" against "AirshotKing<86><[U:1:900000013]><Red>" (damage "29") (weapon "shotgun_soldier")
L 04/28/2026 - 05:50:42: "AirshotKing<86><[U:1:900000013]><Red>" triggered "shot_fired" (weapon "quake_rl")
L 04/28/2026 - 05:50:43: "AirshotKing<86><[U:1:900000013]><Red>" triggered "shot_fired" (weapon "shotgun_soldier")
L 04/28/2026 - 05:50:43: "AirshotKing<86><[U:1:900000013]><Red>" triggered "shot_hit" (weapon "shotgun_soldier")
L 04/28/2026 - 05:50:43: "AirshotKing<86><[U:1:900000013]><Red>" triggered "damage" against "SoldierBoy<85><[U:1:900000011]><Blue>" (damage "32") (weapon "shotgun_soldier")
L 04/28/2026 - 05:50:43: "SoldierBoy<85><[U:1:900000011]><Blue>" triggered "shot_fired" (weapon "shotgun_soldier")
L 04/28/2026 - 05:50:43: "SoldierBoy<85><[U:1:900000011]><Blue>" triggered "shot_hit" (weapon "shotgun_soldier")
L 04/28/2026 - 05:50:43: "SoldierBoy<85><[U:1:900000011]><Blue>" triggered "damage" against "AirshotKing<86><[U:1:900000013]><Red>" (damage "32") (weapon "shotgun_soldier")
L 04/28/2026 - 05:50:43: "AirshotKing<86><[U:1:900000013]><Red>" triggered "shot_fired" (weapon "shotgun_soldier")
L 04/28/2026 - 05:50:43: "AirshotKing<86><[U:1:900000013]><Red>" triggered "shot_hit" (weapon "shotgun_soldier")
L 04/28/2026 - 05:50:43: "AirshotKing<86><[U:1:900000013]><Red>" triggered "damage" against "SoldierBoy<85><[U:1:900000011]><Blue>" (damage "55") (realdamage "12") (weapon "shotgun_soldier")
L 04/28/2026 - 05:50:43: "AirshotKing<86><[U:1:900000013]><Red>" killed "SoldierBoy<85><[U:1:900000011]><Blue>" with "shotgun_soldier" (attacker_position "-8621 11779 10736") (victim_position "-8504 11941 10544")
L 04/28/2026 - 05:50:44: "SoldierBoy<85><[U:1:900000011]><Blue>" spawned as "soldier"
L 04/28/2026 - 05:50:46: "SoldierBoy<85><[U:1:900000011]><Blue>" triggered "shot_fired" (weapon "quake_rl")
L 04/28/2026 - 05:50:46: "SoldierBoy<85><[U:1:900000011]><Blue>" triggered "shot_hit" (weapon "quake_rl")
L 04/28/2026 - 05:50:46: "SoldierBoy<85><[U:1:900000011]><Blue>" triggered "damage" against "AirshotKing<86><[U:1:900000013]><Red>" (damage "66") (weapon "quake_rl")
L 04/28/2026 - 05:50:46: "AirshotKing<86><[U:1:900000013]><Red>" triggered "shot_fired" (weapon "quake_rl")
L 04/28/2026 - 05:50:47: "AirshotKing<86><[U:1:900000013]><Red>" triggered "shot_fired" (weapon "quake_rl")
L 04/28/2026 - 05:50:47: "AirshotKing<86><[U:1:900000013]><Red>" triggered "shot_hit" (weapon "quake_rl")
L 04/28/2026 - 05:50:47: "AirshotKing<86><[U:1:900000013]><Red>" triggered "damage" against "SoldierBoy<85><[U:1:900000011]><Blue>" (damage "78") (weapon "quake_rl")
L 04/28/2026 - 05:50:47: "SoldierBoy<85><[U:1:900000011]><Blue>" triggered "shot_fired" (weapon "quake_rl")
L 04/28/2026 - 05:50:47: "SoldierBoy<85><[U:1:900000011]><Blue>" triggered "shot_hit" (weapon "quake_rl")
L 04/28/2026 - 05:50:47: "SoldierBoy<85><[U:1:900000011]><Blue>" triggered "damage" against "AirshotKing<86><[U:1:900000013]><Red>" (damage "86") (weapon "quake_rl")
L 04/28/2026 - 05:50:48: "AirshotKing<86><[U:1:900000013]><Red>" triggered "shot_hit" (weapon "quake_rl")
L 04/28/2026 - 05:50:48: "AirshotKing<86><[U:1:900000013]><Red>" triggered "damage" against "SoldierBoy<85><[U:1:900000011]><Blue>" (damage "109") (weapon "quake_rl") (airshot "1") (height "312")
L 04/28/2026 - 05:50:48: "AirshotKing<86><[U:1:900000013]><Red>" triggered "shot_fired" (weapon "quake_rl")
L 04/28/2026 - 05:50:48: "SoldierBoy<85><[U:1:900000011]><Blue>" triggered "shot_fired" (weapon "quake_rl")
L 04/28/2026 - 05:50:48: "SoldierBoy<85><[U:1:900000011]><Blue>" triggered "shot_fired" (weapon "shotgun_soldier")
L 04/28/2026 - 05:50:48: "SoldierBoy<85><[U:1:900000011]><Blue>" triggered "shot_hit" (weapon "shotgun_soldier")
L 04/28/2026 - 05:50:48: "SoldierBoy<85><[U:1:900000011]><Blue>" triggered "damage" against "AirshotKing<86><[U:1:900000013]><Red>" (damage "14") (weapon "shotgun_soldier")
L 04/28/2026 - 05:50:49: "AirshotKing<86><[U:1:900000013]><Red>" triggered "shot_fired" (weapon "quake_rl")
L 04/28/2026 - 05:50:49: "SoldierBoy<85><[U:1:900000011]><Blue>" triggered "shot_fired" (weapon "shotgun_soldier")
L 04/28/2026 - 05:50:49: "SoldierBoy<85><[U:1:900000011]><Blue>" triggered "shot_hit" (weapon "shotgun_soldier")
L 04/28/2026 - 05:50:49: "SoldierBoy<85><[U:1:900000011]><Blue>" triggered "damage" against "AirshotKing<86><[U:1:900000013]><Red>" (damage "6") (weapon "shotgun_soldier")
L 04/28/2026 - 05:50:49: "AirshotKing<86><[U:1:900000013]><Red>" triggered "shot_fired" (weapon "shotgun_soldier")
L 04/28/2026 - 05:50:50: "AirshotKing<86><[U:1:900000013]><Red>" triggered "shot_fired" (weapon "shotgun_soldier")
L 04/28/2026 - 05:50:50: "AirshotKing<86><[U:1:900000013]><Red>" triggered "shot_hit" (weapon "shotgun_soldier")
L 04/28/2026 - 05:50:50: "AirshotKing<86><[U:1:900000013]><Red>" triggered "damage" against "SoldierBoy<85><[U:1:900000011]><Blue>" (damage "8") (weapon "shotgun_soldier")
L 04/28/2026 - 05:50:50: "SoldierBoy<85><[U:1:900000011]><Blue>" triggered "shot_fired" (weapon "shotgun_soldier")
L 04/28/2026 - 05:50:50: "SoldierBoy<85><[U:1:900000011]><Blue>" triggered "shot_hit" (weapon "shotgun_soldier")
L 04/28/2026 - 05:50:50: "SoldierBoy<85><[U:1:900000011]><Blue>" triggered "damage" against "AirshotKing<86><[U:1:900000013]><Red>" (damage "4") (weapon "shotgun_soldier")
L 04/28/2026 - 05:50:50: "AirshotKing<86><[U:1:900000013]><Red>" triggered "shot_fired" (weapon "shotgun_soldier")
L 04/28/2026 - 05:50:50: "AirshotKing<86><[U:1:900000013]><Red>" triggered "shot_hit" (weapon "shotgun_soldier")
L 04/28/2026 - 05:50:50: "AirshotKing<86><[U:1:900000013]><Red>" triggered "damage" against "SoldierBoy<85><[U:1:900000011]><Blue>" (damage "16") (realdamage "6") (weapon "shotgun_soldier")
L 04/28/2026 - 05:50:50: "AirshotKing<86><[U:1:900000013]><Red>" killed "SoldierBoy<85><[U:1:900000011]><Blue>" with "shotgun_soldier" (attacker_position "-8888 11943 10736") (victim_position "-9474 11934 10272")
L 04/28/2026 - 05:50:50: "SoldierBoy<85><[U:1:900000011]><Blue>" spawned as "soldier"
L 04/28/2026 - 05:50:53: "SoldierBoy<85><[U:1:900000011]><Blue>" triggered "shot_fired" (weapon "quake_rl")
L 04/28/2026 - 05:50:53: "SoldierBoy<85><[U:1:900000011]><Blue>" triggered "shot_hit" (weapon "quake_rl")
L 04/28/2026 - 05:50:53: "SoldierBoy<85><[U:1:900000011]><Blue>" triggered "damage" against "AirshotKing<86><[U:1:900000013]><Red>" (damage "73") (weapon "quake_rl")
L 04/28/2026 - 05:50:53: "AirshotKing<86><[U:1:900000013]><Red>" triggered "shot_fired" (weapon "quake_rl")
L 04/28/2026 - 05:50:53: "AirshotKing<86><[U:1:900000013]><Red>" triggered "shot_hit" (weapon "quake_rl")
L 04/28/2026 - 05:50:53: "AirshotKing<86><[U:1:900000013]><Red>" triggered "damage" against "SoldierBoy<85><[U:1:900000011]><Blue>" (damage "103") (weapon "quake_rl") (airshot "1") (height "460")
L 04/28/2026 - 05:50:54: "SoldierBoy<85><[U:1:900000011]><Blue>" triggered "shot_fired" (weapon "quake_rl")
L 04/28/2026 - 05:50:54: "AirshotKing<86><[U:1:900000013]><Red>" triggered "shot_fired" (weapon "quake_rl")
L 04/28/2026 - 05:50:54: "SoldierBoy<85><[U:1:900000011]><Blue>" triggered "shot_hit" (weapon "quake_rl")
L 04/28/2026 - 05:50:54: "SoldierBoy<85><[U:1:900000011]><Blue>" triggered "damage" against "AirshotKing<86><[U:1:900000013]><Red>" (damage "35") (weapon "quake_rl")
L 04/28/2026 - 05:50:55: "SoldierBoy<85><[U:1:900000011]><Blue>" triggered "shot_fired" (weapon "quake_rl")
L 04/28/2026 - 05:50:55: "AirshotKing<86><[U:1:900000013]><Red>" triggered "shot_fired" (weapon "quake_rl")
L 04/28/2026 - 05:50:55: "AirshotKing<86><[U:1:900000013]><Red>" triggered "shot_hit" (weapon "quake_rl")
L 04/28/2026 - 05:50:55: "AirshotKing<86><[U:1:900000013]><Red>" triggered "damage" against "SoldierBoy<85><[U:1:900000011]><Blue>" (damage "101") (weapon "quake_rl") (airshot "1") (height "361")
L 04/28/2026 - 05:50:55: "SoldierBoy<85><[U:1:900000011]><Blue>" triggered "shot_hit" (weapon "quake_rl")
L 04/28/2026 - 05:50:55: "SoldierBoy<85><[U:1:900000011]><Blue>" triggered "damage" against "AirshotKing<86><[U:1:900000013]><Red>" (damage "101") (weapon "quake_rl")
L 04/28/2026 - 05:50:55: "SoldierBoy<85><[U:1:900000011]><Blue>" triggered "shot_fired" (weapon "shotgun_soldier")
L 04/28/2026 - 05:50:55: "SoldierBoy<85><[U:1:900000011]><Blue>" triggered "shot_hit" (weapon "shotgun_soldier")
L 04/28/2026 - 05:50:55: "SoldierBoy<85><[U:1:900000011]><Blue>" triggered "damage" against "AirshotKing<86><[U:1:900000013]><Red>" (damage "31") (weapon "shotgun_soldier")
L 04/28/2026 - 05:50:56: "AirshotKing<86><[U:1:900000013]><Red>" triggered "shot_fired" (weapon "quake_rl")
L 04/28/2026 - 05:50:56: "AirshotKing<86><[U:1:900000013]><Red>" triggered "shot_fired" (weapon "shotgun_soldier")
L 04/28/2026 - 05:50:56: "AirshotKing<86><[U:1:900000013]><Red>" triggered "shot_hit" (weapon "shotgun_soldier")
L 04/28/2026 - 05:50:56: "AirshotKing<86><[U:1:900000013]><Red>" triggered "damage" against "SoldierBoy<85><[U:1:900000011]><Blue>" (damage "33") (weapon "shotgun_soldier")
L 04/28/2026 - 05:50:56: "SoldierBoy<85><[U:1:900000011]><Blue>" triggered "shot_fired" (weapon "shotgun_soldier")
L 04/28/2026 - 05:50:56: "SoldierBoy<85><[U:1:900000011]><Blue>" triggered "shot_hit" (weapon "shotgun_soldier")
L 04/28/2026 - 05:50:56: "SoldierBoy<85><[U:1:900000011]><Blue>" triggered "damage" against "AirshotKing<86><[U:1:900000013]><Red>" (damage "9") (weapon "shotgun_soldier")
L 04/28/2026 - 05:50:56: "AirshotKing<86><[U:1:900000013]><Red>" killed "SoldierBoy<85><[U:1:900000011]><Blue>" with "world" (attacker_position "-8387 11549 10971") (victim_position "-8431 12043 10335")
L 04/28/2026 - 05:50:56: "AirshotKing<86><[U:1:900000013]><Red>" triggered "domination" against "SoldierBoy<85><[U:1:900000011]><Blue>"
L 04/28/2026 - 05:50:56: "SoldierBoy<85><[U:1:900000011]><Blue>" spawned as "soldier"
L 04/28/2026 - 05:50:58: "SoldierBoy<85><[U:1:900000011]><Blue>" triggered "shot_fired" (weapon "quake_rl")
L 04/28/2026 - 05:50:59: "SoldierBoy<85><[U:1:900000011]><Blue>" triggered "shot_hit" (weapon "quake_rl")
L 04/28/2026 - 05:50:59: "SoldierBoy<85><[U:1:900000011]><Blue>" triggered "damage" against "AirshotKing<86><[U:1:900000013]><Red>" (damage "61") (weapon "quake_rl")
L 04/28/2026 - 05:50:59: "AirshotKing<86><[U:1:900000013]><Red>" triggered "shot_fired" (weapon "quake_rl")
L 04/28/2026 - 05:50:59: "SoldierBoy<85><[U:1:900000011]><Blue>" triggered "shot_hit" (weapon "quake_rl")
L 04/28/2026 - 05:50:59: "SoldierBoy<85><[U:1:900000011]><Blue>" triggered "damage" against "AirshotKing<86><[U:1:900000013]><Red>" (damage "111") (weapon "quake_rl")
L 04/28/2026 - 05:50:59: "SoldierBoy<85><[U:1:900000011]><Blue>" triggered "shot_fired" (weapon "quake_rl")
L 04/28/2026 - 05:51:00: "AirshotKing<86><[U:1:900000013]><Red>" triggered "shot_fired" (weapon "quake_rl")
L 04/28/2026 - 05:51:00: "AirshotKing<86><[U:1:900000013]><Red>" triggered "shot_hit" (weapon "quake_rl")
L 04/28/2026 - 05:51:00: "AirshotKing<86><[U:1:900000013]><Red>" triggered "damage" against "SoldierBoy<85><[U:1:900000011]><Blue>" (damage "74") (weapon "quake_rl")
L 04/28/2026 - 05:51:01: "SoldierBoy<85><[U:1:900000011]><Blue>" triggered "shot_fired" (weapon "shotgun_soldier")
L 04/28/2026 - 05:51:01: "SoldierBoy<85><[U:1:900000011]><Blue>" triggered "shot_hit" (weapon "shotgun_soldier")
L 04/28/2026 - 05:51:01: "SoldierBoy<85><[U:1:900000011]><Blue>" triggered "damage" against "AirshotKing<86><[U:1:900000013]><Red>" (damage "18") (realdamage "15") (weapon "shotgun_soldier")
L 04/28/2026 - 05:51:01: "SoldierBoy<85><[U:1:900000011]><Blue>" killed "AirshotKing<86><[U:1:900000013]><Red>" with "shotgun_soldier" (attacker_position "-8831 11946 10736") (victim_position "-8393 11691 10884")
L 04/28/2026 - 05:51:01: "SoldierBoy<85><[U:1:900000011]><Blue>" triggered "revenge" against "AirshotKing<86><[U:1:900000013]><Red>"
L 04/28/2026 - 05:51:01: "AirshotKing<86><[U:1:900000013]><Red>" spawned as "soldier"
L 04/28/2026 - 05:51:03: "SoldierBoy<85><[U:1:900000011]><Blue>" triggered "shot_fired" (weapon "quake_rl")
L 04/28/2026 - 05:51:03: "AirshotKing<86><[U:1:900000013]><Red>" triggered "shot_fired" (weapon "quake_rl")
L 04/28/2026 - 05:51:04: "AirshotKing<86><[U:1:900000013]><Red>" triggered "shot_hit" (weapon "quake_rl")
L 04/28/2026 - 05:51:04: "AirshotKing<86><[U:1:900000013]><Red>" triggered "damage" against "SoldierBoy<85><[U:1:900000011]><Blue>" (damage "78") (weapon "quake_rl")
L 04/28/2026 - 05:51:04: "SoldierBoy<85><[U:1:900000011]><Blue>" triggered "shot_fired" (weapon "quake_rl")
L 04/28/2026 - 05:51:04: "AirshotKing<86><[U:1:900000013]><Red>" triggered "shot_fired" (weapon "quake_rl")
L 04/28/2026 - 05:51:05: "SoldierBoy<85><[U:1:900000011]><Blue>" triggered "shot_fired" (weapon "quake_rl")
L 04/28/2026 - 05:51:05: "SoldierBoy<85><[U:1:900000011]><Blue>" triggered "shot_hit" (weapon "quake_rl")
L 04/28/2026 - 05:51:05: "SoldierBoy<85><[U:1:900000011]><Blue>" triggered "damage" against "AirshotKing<86><[U:1:900000013]><Red>" (damage "64") (weapon "quake_rl")
L 04/28/2026 - 05:51:06: "AirshotKing<86><[U:1:900000013]><Red>" triggered "shot_fired" (weapon "quake_rl")
L 04/28/2026 - 05:51:06: "AirshotKing<86><[U:1:900000013]><Red>" triggered "shot_hit" (weapon "quake_rl")
L 04/28/2026 - 05:51:06: "AirshotKing<86><[U:1:900000013]><Red>" triggered "damage" against "SoldierBoy<85><[U:1:900000011]><Blue>" (damage "70") (weapon "quake_rl")
L 04/28/2026 - 05:51:06: "SoldierBoy<85><[U:1:900000011]><Blue>" triggered "shot_fired" (weapon "quake_rl")
L 04/28/2026 - 05:51:07: "AirshotKing<86><[U:1:900000013]><Red>" triggered "shot_fired" (weapon "shotgun_soldier")
L 04/28/2026 - 05:51:07: "AirshotKing<86><[U:1:900000013]><Red>" triggered "shot_hit" (weapon "shotgun_soldier")
L 04/28/2026 - 05:51:07: "AirshotKing<86><[U:1:900000013]><Red>" triggered "damage" against "SoldierBoy<85><[U:1:900000011]><Blue>" (damage "42") (weapon "shotgun_soldier")
L 04/28/2026 - 05:51:07: "SoldierBoy<85><[U:1:900000011]><Blue>" triggered "shot_fired" (weapon "shotgun_soldier")
L 04/28/2026 - 05:51:07: "AirshotKing<86><[U:1:900000013]><Red>" triggered "shot_fired" (weapon "shotgun_soldier")
L 04/28/2026 - 05:51:07: "SoldierBoy<85><[U:1:900000011]><Blue>" triggered "shot_fired" (weapon "shotgun_soldier")
L 04/28/2026 - 05:51:07: "SoldierBoy<85><[U:1:900000011]><Blue>" triggered "shot_hit" (weapon "shotgun_soldier")
L 04/28/2026 - 05:51:07: "SoldierBoy<85><[U:1:900000011]><Blue>" triggered "damage" against "AirshotKing<86><[U:1:900000013]><Red>" (damage "89") (weapon "shotgun_soldier")
L 04/28/2026 - 05:51:08: "AirshotKing<86><[U:1:900000013]><Red>" triggered "shot_fired" (weapon "shotgun_soldier")
L 04/28/2026 - 05:51:08: "SoldierBoy<85><[U:1:900000011]><Blue>" triggered "shot_fired" (weapon "shotgun_soldier")
L 04/28/2026 - 05:51:08: "AirshotKing<86><[U:1:900000013]><Red>" triggered "shot_fired" (weapon "shotgun_soldier")
L 04/28/2026 - 05:51:08: "AirshotKing<86><[U:1:900000013]><Red>" triggered "shot_hit" (weapon "shotgun_soldier")
L 04/28/2026 - 05:51:08: "AirshotKing<86><[U:1:900000013]><Red>" triggered "damage" against "SoldierBoy<85><[U:1:900000011]><Blue>" (damage "26") (weapon "shotgun_soldier")
L 04/28/2026 - 05:51:09: "SoldierBoy<85><[U:1:900000011]><Blue>" triggered "shot_fired" (weapon "shotgun_soldier")
L 04/28/2026 - 05:51:09: "AirshotKing<86><[U:1:900000013]><Red>" triggered "shot_fired" (weapon "shotgun_soldier")
L 04/28/2026 - 05:51:09: "AirshotKing<86><[U:1:900000013]><Red>" triggered "shot_hit" (weapon "shotgun_soldier")
L 04/28/2026 - 05:51:09: "AirshotKing<86><[U:1:900000013]><Red>" triggered "damage" against "SoldierBoy<85><[U:1:900000011]><Blue>" (damage "88") (realdamage "34") (weapon "shotgun_soldier")
L 04/28/2026 - 05:51:09: "AirshotKing<86><[U:1:900000013]><Red>" killed "SoldierBoy<85><[U:1:900000011]><Blue>" with "shotgun_soldier" (attacker_position "-8882 12023 10806") (victim_position "-8917 11915 10763")
L 04/28/2026 - 05:51:09: "SoldierBoy<85><[U:1:900000011]><Blue>" spawned as "soldier"
L 04/28/2026 - 05:51:11: "SoldierBoy<85><[U:1:900000011]><Blue>" triggered "shot_fired" (weapon "quake_rl")
L 04/28/2026 - 05:51:12: "SoldierBoy<85><[U:1:900000011]><Blue>" triggered "shot_fired" (weapon "quake_rl")
L 04/28/2026 - 05:51:12: "SoldierBoy<85><[U:1:900000011]><Blue>" triggered "shot_hit" (weapon "quake_rl")
L 04/28/2026 - 05:51:12: "SoldierBoy<85><[U:1:900000011]><Blue>" triggered "damage" against "AirshotKing<86><[U:1:900000013]><Red>" (damage "57") (weapon "quake_rl")
L 04/28/2026 - 05:51:12: "AirshotKing<86><[U:1:900000013]><Red>" triggered "shot_fired" (weapon "quake_rl")
L 04/28/2026 - 05:51:13: "AirshotKing<86><[U:1:900000013]><Red>" triggered "shot_fired" (weapon "quake_rl")
L 04/28/2026 - 05:51:13: "SoldierBoy<85><[U:1:900000011]><Blue>" triggered "shot_fired" (weapon "quake_rl")
L 04/28/2026 - 05:51:14: "SoldierBoy<85><[U:1:900000011]><Blue>" triggered "shot_fired" (weapon "shotgun_soldier")
L 04/28/2026 - 05:51:14: "SoldierBoy<85><[U:1:900000011]><Blue>" triggered "shot_hit" (weapon "shotgun_soldier")
L 04/28/2026 - 05:51:14: "SoldierBoy<85><[U:1:900000011]><Blue>" triggered "damage" against "AirshotKing<86><[U:1:900000013]><Red>" (damage "59") (weapon "shotgun_soldier")
L 04/28/2026 - 05:51:14: "AirshotKing<86><[U:1:900000013]><Red>" triggered "shot_fired" (weapon "quake_rl")
L 04/28/2026 - 05:51:15: "SoldierBoy<85><[U:1:900000011]><Blue>" triggered "shot_fired" (weapon "shotgun_soldier")
L 04/28/2026 - 05:51:15: "SoldierBoy<85><[U:1:900000011]><Blue>" triggered "shot_hit" (weapon "shotgun_soldier")
L 04/28/2026 - 05:51:15: "SoldierBoy<85><[U:1:900000011]><Blue>" triggered "damage" against "AirshotKing<86><[U:1:900000013]><Red>" (damage "25") (weapon "shotgun_soldier")
L 04/28/2026 - 05:51:15: "AirshotKing<86><[U:1:900000013]><Red>" triggered "shot_fired" (weapon "quake_rl")
L 04/28/2026 - 05:51:15: "AirshotKing<86><[U:1:900000013]><Red>" triggered "shot_hit" (weapon "quake_rl")
L 04/28/2026 - 05:51:15: "AirshotKing<86><[U:1:900000013]><Red>" triggered "damage" against "SoldierBoy<85><[U:1:900000011]><Blue>" (damage "108") (weapon "quake_rl")
L 04/28/2026 - 05:51:15: "AirshotKing<86><[U:1:900000013]><Red>" triggered "shot_fired" (weapon "shotgun_soldier")
L 04/28/2026 - 05:51:15: "AirshotKing<86><[U:1:900000013]><Red>" triggered "shot_hit" (weapon "shotgun_soldier")
L 04/28/2026 - 05:51:15: "AirshotKing<86><[U:1:900000013]><Red>" triggered "damage" against "SoldierBoy<85><[U:1:900000011]><Blue>" (damage "17") (weapon "shotgun_soldier")
L 04/28/2026 - 05:51:16: "SoldierBoy<85><[U:1:900000011]><Blue>" triggered "shot_fired" (weapon "shotgun_soldier")
L 04/28/2026 - 05:51:16: "SoldierBoy<85><[U:1:900000011]><Blue>" triggered "shot_hit" (weapon "shotgun_soldier")
L 04/28/2026 - 05:51:16: "SoldierBoy<85><[U:1:900000011]><Blue>" triggered "damage" against "AirshotKing<86><[U:1:900000013]><Red>" (damage "26") (weapon "shotgun_soldier")
L 04/28/2026 - 05:51:16: "AirshotKing<86><[U:1:900000013]><Red>" triggered "shot_fired" (weapon "shotgun_soldier")
L 04/28/2026 - 05:51:16: "AirshotKing<86><[U:1:900000013]><Red>" triggered "shot_hit" (weapon "shotgun_soldier")
L 04/28/2026 - 05:51:16: "AirshotKing<86><[U:1:900000013]><Red>" triggered "damage" against "SoldierBoy<85><[U:1:900000011]><Blue>" (damage "52") (weapon "shotgun_soldier")
L 04/28/2026 - 05:51:16: "SoldierBoy<85><[U:1:900000011]><Blue>" triggered "shot_fired" (weapon "shotgun_soldier")
L 04/28/2026 - 05:51:17: "AirshotKing<86><[U:1:900000013]><Red>" triggered "shot_fired" (weapon "shotgun_soldier")
L 04/28/2026 - 05:51:17: "SoldierBoy<85><[U:1:900000011]><Blue>" triggered "shot_fired" (weapon "shotgun_soldier")
L 04/28/2026 - 05:51:17: "SoldierBoy<85><[U:1:900000011]><Blue>" triggered "shot_hit" (weapon "shotgun_soldier")
L 04/28/2026 - 05:51:17: "SoldierBoy<85><[U:1:900000011]><Blue>" triggered "damage" against "AirshotKing<86><[U:1:900000013]><Red>" (damage "17") (weapon "shotgun_soldier")
L 04/28/2026 - 05:51:17: "AirshotKing<86><[U:1:900000013]><Red>" triggered "shot_fired" (weapon "shotgun_soldier")
L 04/28/2026 - 05:51:18: "SoldierBoy<85><[U:1:900000011]><Blue>" triggered "shot_fired" (weapon "shotgun_soldier")
L 04/28/2026 - 05:51:18: "AirshotKing<86><[U:1:900000013]><Red>" triggered "shot_fired" (weapon "shotgun_soldier")
L 04/28/2026 - 05:51:18: "AirshotKing<86><[U:1:900000013]><Red>" triggered "shot_hit" (weapon "shotgun_soldier")
L 04/28/2026 - 05:51:18: "AirshotKing<86><[U:1:900000013]><Red>" triggered "damage" against "SoldierBoy<85><[U:1:900000011]><Blue>" (damage "43") (realdamage "23") (weapon "shotgun_soldier")
L 04/28/2026 - 05:51:18: "AirshotKing<86><[U:1:900000013]><Red>" killed "SoldierBoy<85><[U:1:900000011]><Blue>" with "shotgun_soldier" (attacker_position "-8602 11751 10736") (victim_position "-8593 11598 10672")
L 04/28/2026 - 05:51:18: "SoldierBoy<85><[U:1:900000011]><Blue>" spawned as "soldier"
L 04/28/2026 - 05:51:20: "AirshotKing<86><[U:1:900000013]><Red>" triggered "shot_fired" (weapon "quake_rl")
L 04/28/2026 - 05:51:20: "AirshotKing<86><[U:1:900000013]><Red>" triggered "shot_hit" (weapon "quake_rl")
L 04/28/2026 - 05:51:20: "AirshotKing<86><[U:1:900000013]><Red>" triggered "damage" against "SoldierBoy<85><[U:1:900000011]><Blue>" (damage "94") (weapon "quake_rl")
L 04/28/2026 - 05:51:20: "SoldierBoy<85><[U:1:900000011]><Blue>" triggered "shot_fired" (weapon "quake_rl")
L 04/28/2026 - 05:51:20: "SoldierBoy<85><[U:1:900000011]><Blue>" triggered "shot_hit" (weapon "quake_rl")
L 04/28/2026 - 05:51:20: "SoldierBoy<85><[U:1:900000011]><Blue>" triggered "damage" against "AirshotKing<86><[U:1:900000013]><Red>" (damage "59") (weapon "quake_rl")
L 04/28/2026 - 05:51:21: "AirshotKing<86><[U:1:900000013]><Red>" triggered "shot_fired" (weapon "quake_rl")
L 04/28/2026 - 05:51:21: "SoldierBoy<85><[U:1:900000011]><Blue>" triggered "shot_fired" (weapon "quake_rl")
L 04/28/2026 - 05:51:21: "SoldierBoy<85><[U:1:900000011]><Blue>" triggered "shot_hit" (weapon "quake_rl")
L 04/28/2026 - 05:51:21: "SoldierBoy<85><[U:1:900000011]><Blue>" triggered "damage" against "AirshotKing<86><[U:1:900000013]><Red>" (damage "54") (weapon "quake_rl")
L 04/28/2026 - 05:51:22: "AirshotKing<86><[U:1:900000013]><Red>" triggered "shot_fired" (weapon "quake_rl")
L 04/28/2026 - 05:51:22: "SoldierBoy<85><[U:1:900000011]><Blue>" triggered "shot_hit" (weapon "quake_rl")
L 04/28/2026 - 05:51:22: "SoldierBoy<85><[U:1:900000011]><Blue>" triggered "damage" against "AirshotKing<86><[U:1:900000013]><Red>" (damage "108") (weapon "quake_rl")
L 04/28/2026 - 05:51:22: "SoldierBoy<85><[U:1:900000011]><Blue>" triggered "shot_fired" (weapon "quake_rl")
L 04/28/2026 - 05:51:22: "AirshotKing<86><[U:1:900000013]><Red>" triggered "shot_fired" (weapon "shotgun_soldier")
L 04/28/2026 - 05:51:22: "SoldierBoy<85><[U:1:900000011]><Blue>" triggered "shot_fired" (weapon "shotgun_soldier")
L 04/28/2026 - 05:51:22: "SoldierBoy<85><[U:1:900000011]><Blue>" triggered "shot_hit" (weapon "shotgun_soldier")
L 04/28/2026 - 05:51:22: "SoldierBoy<85><[U:1:900000011]><Blue>" triggered "damage" against "AirshotKing<86><[U:1:900000013]><Red>" (damage "59") (realdamage "55") (weapon "shotgun_soldier")
L 04/28/2026 - 05:51:22: "SoldierBoy<85><[U:1:900000011]><Blue>" killed "AirshotKing<86><[U:1:900000013]><Red>" with "shotgun_soldier" (attacker_position "-8893 11896 10736") (victim_position "-8701 11899 10744")
L 04/28/2026 - 05:51:22: "AirshotKing<86><[U:1:900000013]><Red>" spawned as "soldier"
L 04/28/2026 - 05:51:24: "AirshotKing<86><[U:1:900000013]><Red>" triggered "shot_fired" (weapon "quake_rl")
L 04/28/2026 - 05:51:24: "AirshotKing<86><[U:1:900000013]><Red>" triggered "shot_hit" (weapon "quake_rl")
L 04/28/2026 - 05:51:24: "AirshotKing<86><[U:1:900000013]><Red>" triggered "damage" against "SoldierBoy<85><[U:1:900000011]><Blue>" (damage "67") (weapon "quake_rl")
L 04/28/2026 - 05:51:24: "SoldierBoy<85><[U:1:900000011]><Blue>" triggered "shot_fired" (weapon "quake_rl")
L 04/28/2026 - 05:51:25: "AirshotKing<86><[U:1:900000013]><Red>" triggered "shot_fired" (weapon "quake_rl")
L 04/28/2026 - 05:51:25: "SoldierBoy<85><[U:1:900000011]><Blue>" triggered "shot_fired" (weapon "quake_rl")
L 04/28/2026 - 05:51:26: "AirshotKing<86><[U:1:900000013]><Red>" triggered "shot_fired" (weapon "quake_rl")
L 04/28/2026 - 05:51:26: "SoldierBoy<85><[U:1:900000011]><Blue>" triggered "shot_fired" (weapon "quake_rl")
L 04/28/2026 - 05:51:26: "AirshotKing<86><[U:1:900000013]><Red>" triggered "shot_hit" (weapon "quake_rl")
L 04/28/2026 - 05:51:26: "AirshotKing<86><[U:1:900000013]><Red>" triggered "damage" against "SoldierBoy<85><[U:1:900000011]><Blue>" (damage "76") (weapon "quake_rl")
L 04/28/2026 - 05:51:26: "SoldierBoy<85><[U:1:900000011]><Blue>" triggered "shot_hit" (weapon "quake_rl")
L 04/28/2026 - 05:51:26: "SoldierBoy<85><[U:1:900000011]><Blue>" triggered "damage" against "AirshotKing<86><[U:1:900000013]><Red>" (damage "61") (weapon "quake_rl")
L 04/28/2026 - 05:51:27: "AirshotKing<86><[U:1:900000013]><Red>" triggered "shot_fired" (weapon "shotgun_soldier")
L 04/28/2026 - 05:51:27: "AirshotKing<86><[U:1:900000013]><Red>" triggered "shot_hit" (weapon "shotgun_soldier")
L 04/28/2026 - 05:51:27: "AirshotKing<86><[U:1:900000013]><Red>" triggered "damage" against "SoldierBoy<85><[U:1:900000011]><Blue>" (damage "43") (weapon "shotgun_soldier")
L 04/28/2026 - 05:51:28: "SoldierBoy<85><[U:1:900000011]><Blue>" triggered "shot_fired" (weapon "quake_rl")
L 04/28/2026 - 05:51:28: "SoldierBoy<85><[U:1:900000011]><Blue>" triggered "shot_hit" (weapon "quake_rl")
L 04/28/2026 - 05:51:28: "SoldierBoy<85><[U:1:900000011]><Blue>" triggered "damage" against "AirshotKing<86><[U:1:900000013]><Red>" (damage "73") (weapon "quake_rl")
L 04/28/2026 - 05:51:28: "SoldierBoy<85><[U:1:900000011]><Blue>" triggered "shot_fired" (weapon "shotgun_soldier")
L 04/28/2026 - 05:51:28: "AirshotKing<86><[U:1:900000013]><Red>" picked up item "tf_ammo_pack"
L 04/28/2026 - 05:51:29: "AirshotKing<86><[U:1:900000013]><Red>" triggered "shot_fired" (weapon "quake_rl")
L 04/28/2026 - 05:51:29: "SoldierBoy<85><[U:1:900000011]><Blue>" triggered "shot_fired" (weapon "shotgun_soldier")
L 04/28/2026 - 05:51:29: "SoldierBoy<85><[U:1:900000011]><Blue>" triggered "shot_hit" (weapon "shotgun_soldier")
L 04/28/2026 - 05:51:29: "SoldierBoy<85><[U:1:900000011]><Blue>" triggered "damage" against "AirshotKing<86><[U:1:900000013]><Red>" (damage "6") (weapon "shotgun_soldier")
L 04/28/2026 - 05:51:29: "SoldierBoy<85><[U:1:900000011]><Blue>" triggered "damage" against "AirshotKing<86><[U:1:900000013]><Red>" (damage "13") (weapon "shotgun_soldier")
L 04/28/2026 - 05:51:29: "AirshotKing<86><[U:1:900000013]><Red>" triggered "shot_fired" (weapon "shotgun_soldier")
L 04/28/2026 - 05:51:29: "AirshotKing<86><[U:1:900000013]><Red>" triggered "shot_hit" (weapon "shotgun_soldier")
L 04/28/2026 - 05:51:29: "AirshotKing<86><[U:1:900000013]><Red>" triggered "damage" against "SoldierBoy<85><[U:1:900000011]><Blue>" (damage "19") (weapon "shotgun_soldier")
L 04/28/2026 - 05:51:30: "SoldierBoy<85><[U:1:900000011]><Blue>" triggered "shot_fired" (weapon "shotgun_soldier")
L 04/28/2026 - 05:51:30: "AirshotKing<86><[U:1:900000013]><Red>" triggered "shot_fired" (weapon "shotgun_soldier")
L 04/28/2026 - 05:51:30: "AirshotKing<86><[U:1:900000013]><Red>" triggered "shot_hit" (weapon "shotgun_soldier")
L 04/28/2026 - 05:51:30: "AirshotKing<86><[U:1:900000013]><Red>" triggered "damage" against "SoldierBoy<85><[U:1:900000011]><Blue>" (damage "63") (weapon "shotgun_soldier")
L 04/28/2026 - 05:51:30: "SoldierBoy<85><[U:1:900000011]><Blue>" triggered "shot_fired" (weapon "shotgun_soldier")
L 04/28/2026 - 05:51:30: "SoldierBoy<85><[U:1:900000011]><Blue>" triggered "shot_hit" (weapon "shotgun_soldier")
L 04/28/2026 - 05:51:30: "SoldierBoy<85><[U:1:900000011]><Blue>" triggered "damage" against "AirshotKing<86><[U:1:900000013]><Red>" (damage "29") (weapon "shotgun_soldier")
L 04/28/2026 - 05:51:31: "AirshotKing<86><[U:1:900000013]><Red>" triggered "shot_fired" (weapon "shotgun_soldier")
L 04/28/2026 - 05:51:31: "AirshotKing<86><[U:1:900000013]><Red>" triggered "shot_hit" (weapon "shotgun_soldier")
L 04/28/2026 - 05:51:31: "AirshotKing<86><[U:1:900000013]><Red>" triggered "damage" against "SoldierBoy<85><[U:1:900000011]><Blue>" (damage "44") (realdamage "6") (weapon "shotgun_soldier")
L 04/28/2026 - 05:51:31: World triggered "mge_elo_delta" (player "[U:1:900000013]") (old_elo "2317") (new_elo "2331")
L 04/28/2026 - 05:51:31: World triggered "mge_elo_delta" (player "[U:1:900000011]") (old_elo "2722") (new_elo "2713")
L 04/28/2026 - 05:51:31: "SoldierBoy<85><[U:1:900000011]><Blue>" joined team "Spectator"
L 04/28/2026 - 05:51:31: "AirshotKing<86><[U:1:900000013]><Red>" killed "SoldierBoy<85><[U:1:900000011]><Spectator>" with "shotgun_soldier" (attacker_position "-8503 11637 10698") (victim_position "-8702 11932 10804")
L 04/28/2026 - 05:51:31: World triggered "mge_match_end" (winner "[U:1:900000013]") (winner_score "20") (loser_score "18")
