L 04/28/2026 - 05:56:53: World triggered "meta_data" (matchid "260428055653d0b8") (map "mge_triumph_beta7_rc1") (arena "Badlands Spire 1 [1v1 MGE]") (gamemode "mge") (fraglimit "0")
L 04/28/2026 - 05:56:53: "AirshotKing<86><[U:1:900000013]><Red>" changed role to "soldier"
L 04/28/2026 - 05:56:53: "SoldierBoy<85><[U:1:900000011]><Blue>" changed role to "soldier"
L 04/28/2026 - 05:56:53: "AirshotKing<86><[U:1:900000013]><Red>" say "!add"
L 04/28/2026 - 05:56:58: "AirshotKing<86><[U:1:900000013]><Red>" triggered "shot_fired" (weapon "quake_rl")
L 04/28/2026 - 05:56:58: "SoldierBoy<85><[U:1:900000011]><Blue>" triggered "shot_fired" (weapon "quake_rl")
L 04/28/2026 - 05:56:58: "SoldierBoy<85><[U:1:900000011]><Blue>" triggered "shot_hit" (weapon "quake_rl")
L 04/28/2026 - 05:56:58: "SoldierBoy<85><[U:1:900000011]><Blue>" triggered "damage" against "AirshotKing<86><[U:1:900000013]><Red>" (damage "60") (weapon "quake_rl")
L 04/28/2026 - 05:56:59: "AirshotKing<86><[U:1:900000013]><Red>" triggered "shot_fired" (weapon "quake_rl")
L 04/28/2026 - 05:56:59: "SoldierBoy<85><[U:1:900000011]><Blue>" triggered "shot_fired" (weapon "quake_rl")
L 04/28/2026 - 05:56:59: "AirshotKing<86><[U:1:900000013]><Red>" triggered "shot_hit" (weapon "quake_rl")
L 04/28/2026 - 05:56:59: "AirshotKing<86><[U:1:900000013]><Red>" triggered "damage" against "SoldierBoy<85><[U:1:900000011]><Blue>" (damage "86") (weapon "quake_rl")
L 04/28/2026 - 05:56:59: "SoldierBoy<85><[U:1:900000011]><Blue>" triggered "shot_hit" (weapon "quake_rl")
L 04/28/2026 - 05:56:59: "SoldierBoy<85><[U:1:900000011]><Blue>" triggered "damage" against "AirshotKing<86><[U:1:900000013]><Red>" (damage "93") (weapon "quake_rl")
L 04/28/2026 - 05:57:00: "SoldierBoy<85><[U:1:900000011]><Blue>" triggered "shot_fired" (weapon "quake_rl")
L 04/28/2026 - 05:57:00: "AirshotKing<86><[U:1:900000013]><Red>" triggered "shot_fired" (weapon "quake_rl")
L 04/28/2026 - 05:57:00: "AirshotKing<86><[U:1:900000013]><Red>" triggered "shot_hit" (weapon "quake_rl")
L 04/28/2026 - 05:57:00: "AirshotKing<86><[U:1:900000013]><Red>" triggered "damage" against "SoldierBoy<85><[U:1:900000011]><Blue>" (damage "59") (weapon "quake_rl")
L 04/28/2026 - 05:57:00: "SoldierBoy<85><[U:1:900000011]><Blue>" triggered "shot_fired" (weapon "shotgun_soldier")
L 04/28/2026 - 05:57:00: "SoldierBoy<85><[U:1:900000011]><Blue>" triggered "shot_hit" (weapon "shotgun_soldier")
L 04/28/2026 - 05:57:00: "SoldierBoy<85><[U:1:900000011]><Blue>" triggered "damage" against "AirshotKing<86><[U:1:900000013]><Red>" (damage "68") (realdamage "48") (weapon "shotgun_soldier")
L 04/28/2026 - 05:57:00: "SoldierBoy<85><[U:1:900000011]><Blue>" killed "AirshotKing<86><[U:1:900000013]><Red>" with "shotgun_soldier" (attacker_position "-8527 11633 10817") (victim_position "-8693 11722 11086")
L 04/28/2026 - 05:57:00: "AirshotKing<86><[U:1:900000013]><Red>" spawned as "soldier"
L 04/28/2026 - 05:57:03: "AirshotKing<86><[U:1:900000013]><Red>" triggered "shot_fired" (weapon "quake_rl")
L 04/28/2026 - 05:57:03: "AirshotKing<86><[U:1:900000013]><Red>" triggered "shot_hit" (weapon "quake_rl")
L 04/28/2026 - 05:57:03: "AirshotKing<86><[U:1:900000013]><Red>" triggered "damage" against "SoldierBoy<85><[U:1:900000011]><Blue>" (damage "49") (weapon "quake_rl")
L 04/28/2026 - 05:57:03: "AirshotKing<86><[U:1:900000013]><Red>" triggered "shot_fired" (weapon "quake_rl")
L 04/28/2026 - 05:57:03: "AirshotKing<86><[U:1:900000013]><Red>" triggered "shot_hit" (weapon "quake_rl")
L 04/28/2026 - 05:57:03: "AirshotKing<86><[U:1:900000013]><Red>" triggered "damage" against "SoldierBoy<85><[U:1:900000011]><Blue>" (damage "59") (weapon "quake_rl")
L 04/28/2026 - 05:57:04: "SoldierBoy<85><[U:1:900000011]><Blue>" triggered "shot_fired" (weapon "quake_rl")
L 04/28/2026 - 05:57:04: "AirshotKing<86><[U:1:900000013]><Red>" triggered "shot_fired" (weapon "quake_rl")
L 04/28/2026 - 05:57:04: "SoldierBoy<85><[U:1:900000011]><Blue>" triggered "shot_hit" (weapon "quake_rl")
L 04/28/2026 - 05:57:04: "SoldierBoy<85><[U:1:900000011]><Blue>" triggered "damage" against "AirshotKing<86><[U:1:900000013]><Red>" (damage "85") (weapon "quake_rl")
L 04/28/2026 - 05:57:04: "SoldierBoy<85><[U:1:900000011]><Blue>" triggered "shot_fired" (weapon "quake_rl")
L 04/28/2026 - 05:57:05: "AirshotKing<86><[U:1:900000013]><Red>" triggered "shot_fired" (weapon "shotgun_soldier")
L 04/28/2026 - 05:57:05: "SoldierBoy<85><[U:1:900000011]><Blue>" triggered "shot_fired" (weapon "quake_rl")
L 04/28/2026 - 05:57:06: "SoldierBoy<85><[U:1:900000011]><Blue>" triggered "shot_fired" (weapon "shotgun_soldier")
L 04/28/2026 - 05:57:06: "SoldierBoy<85><[U:1:900000011]><Blue>" triggered "shot_hit" (weapon "shotgun_soldier")
L 04/28/2026 - 05:57:06: "SoldierBoy<85><[U:1:900000011]><Blue>" triggered "damage" against "AirshotKing<86><[U:1:900000013]><Red>" (damage "88") (weapon "shotgun_soldier")
L 04/28/2026 - 05:57:06: "AirshotKing<86><[U:1:900000013]><Red>" picked up item "tf_ammo_pack"
L 04/28/2026 - 05:57:07: "AirshotKing<86><[U:1:900000013]><Red>" triggered "shot_fired" (weapon "quake_rl")
L 04/28/2026 - 05:57:07: "AirshotKing<86><[U:1:900000013]><Red>" triggered "shot_hit" (weapon "quake_rl")
L 04/28/2026 - 05:57:07: "AirshotKing<86><[U:1:900000013]><Red>" triggered "damage" against "SoldierBoy<85><[U:1:900000011]><Blue>" (damage "72") (weapon "quake_rl")
L 04/28/2026 - 05:57:07: "SoldierBoy<85><[U:1:900000011]><Blue>" triggered "shot_fired" (weapon "shotgun_soldier")
L 04/28/2026 - 05:57:07: "SoldierBoy<85><[U:1:900000011]><Blue>" triggered "shot_hit" (weapon "shotgun_soldier")
L 04/28/2026 - 05:57:07: "SoldierBoy<85><[U:1:900000011]><Blue>" triggered "damage" against "AirshotKing<86><[U:1:900000013]><Red>" (damage "8") (weapon "shotgun_soldier")
L 04/28/2026 - 05:57:07: "AirshotKing<86><[U:1:900000013]><Red>" triggered "shot_fired" (weapon "shotgun_soldier")
L 04/28/2026 - 05:57:08: "AirshotKing<86><[U:1:900000013]><Red>" triggered "shot_fired" (weapon "shotgun_soldier")
L 04/28/2026 - 05:57:08: "AirshotKing<86><[U:1:900000013]><Red>" triggered "shot_hit" (weapon "shotgun_soldier")
L 04/28/2026 - 05:57:08: "AirshotKing<86><[U:1:900000013]><Red>" triggered "damage" against "SoldierBoy<85><[U:1:900000011]><Blue>" (damage "56") (weapon "shotgun_soldier")
L 04/28/2026 - 05:57:08: "SoldierBoy<85><[U:1:900000011]><Blue>" triggered "shot_fired" (weapon "shotgun_soldier")
L 04/28/2026 - 05:57:08: "SoldierBoy<85><[U:1:900000011]><Blue>" triggered "shot_hit" (weapon "shotgun_soldier")
L 04/28/2026 - 05:57:08: "SoldierBoy<85><[U:1:900000011]><Blue>" triggered "damage" against "AirshotKing<86><[U:1:900000013]><Red>" (damage "24") (weapon "shotgun_soldier")
L 04/28/2026 - 05:57:08: "AirshotKing<86><[U:1:900000013]><Red>" triggered "shot_fired" (weapon "shotgun_soldier")
L 04/28/2026 - 05:57:08: "AirshotKing<86><[U:1:900000013]><Red>" triggered "shot_hit" (weapon "shotgun_soldier")
L 04/28/2026 - 05:57:08: "AirshotKing<86><[U:1:900000013]><Red>" triggered "damage" against "SoldierBoy<85><[U:1:900000011]><Blue>" (damage "57") (realdamage "42") (weapon "shotgun_soldier")
L 04/28/2026 - 05:57:08: "AirshotKing<86><[U:1:900000013]><Red>" killed "SoldierBoy<85><[U:1:900000011]><Blue>" with "shotgun_soldier" (attacker_position "-8616 11581 10663") (victim_position "-8583 11812 10730")
L 04/28/2026 - 05:57:08: "SoldierBoy<85><[U:1:900000011]><Blue>" spawned as "soldier"
L 04/28/2026 - 05:57:10: "AirshotKing<86><[U:1:900000013]><Red>" triggered "shot_fired" (weapon "quake_rl")
L 04/28/2026 - 05:57:11: "AirshotKing<86><[U:1:900000013]><Red>" triggered "shot_fired" (weapon "quake_rl")
L 04/28/2026 - 05:57:11: "AirshotKing<86><[U:1:900000013]><Red>" triggered "shot_hit" (weapon "quake_rl")
L 04/28/2026 - 05:57:11: "AirshotKing<86><[U:1:900000013]><Red>" triggered "damage" against "SoldierBoy<85><[U:1:900000011]><Blue>" (damage "104") (weapon "quake_rl")
L 04/28/2026 - 05:57:11: "SoldierBoy<85><[U:1:900000011]><Blue>" triggered "shot_fired" (weapon "quake_rl")
L 04/28/2026 - 05:57:11: "SoldierBoy<85><[U:1:900000011]><Blue>" triggered "shot_hit" (weapon "quake_rl")
L 04/28/2026 - 05:57:11: "SoldierBoy<85><[U:1:900000011]><Blue>" triggered "damage" against "AirshotKing<86><[U:1:900000013]><Red>" (damage "59") (weapon "quake_rl")
L 04/28/2026 - 05:57:12: "AirshotKing<86><[U:1:900000013]><Red>" triggered "shot_fired" (weapon "quake_rl")
L 04/28/2026 - 05:57:13: "AirshotKing<86><[U:1:900000013]><Red>" triggered "shot_fired" (weapon "quake_rl")
L 04/28/2026 - 05:57:14: "SoldierBoy<85><[U:1:900000011]><Blue>" triggered "shot_fired" (weapon "quake_rl")
L 04/28/2026 - 05:57:14: "SoldierBoy<85><[U:1:900000011]><Blue>" triggered "shot_hit" (weapon "quake_rl")
L 04/28/2026 - 05:57:14: "SoldierBoy<85><[U:1:900000011]><Blue>" triggered "damage" against "AirshotKing<86><[U:1:900000013]><Red>" (damage "57") (weapon "quake_rl")
L 04/28/2026 - 05:57:14: "AirshotKing<86><[U:1:900000013]><Red>" triggered "shot_fired" (weapon "quake_rl")
L 04/28/2026 - 05:57:15: "AirshotKing<86><[U:1:900000013]><Red>" triggered "shot_fired" (weapon "shotgun_soldier")
L 04/28/2026 - 05:57:15: "AirshotKing<86><[U:1:900000013]><Red>" triggered "shot_hit" (weapon "shotgun_soldier")
L 04/28/2026 - 05:57:15: "AirshotKing<86><[U:1:900000013]><Red>" triggered "damage" against "SoldierBoy<85><[U:1:900000011]><Blue>" (damage "42") (weapon "shotgun_soldier")
L 04/28/2026 - 05:57:15: "SoldierBoy<85><[U:1:900000011]><Blue>" triggered "shot_hit" (weapon "quake_rl")
L 04/28/2026 - 05:57:15: "SoldierBoy<85><[U:1:900000011]><Blue>" triggered "damage" against "AirshotKing<86><[U:1:900000013]><Red>" (damage "58") (weapon "quake_rl")
L 04/28/2026 - 05:57:15: "SoldierBoy<85><[U:1:900000011]><Blue>" triggered "shot_fired" (weapon "quake_rl")
L 04/28/2026 - 05:57:15: "AirshotKing<86><[U:1:900000013]><Red>" killed "SoldierBoy<85><[U:1:900000011]><Blue>" with "world" (attacker_position "-8876 11820 10736") (victim_position "-8752 12145 10236")
L 04/28/2026 - 05:57:15: "SoldierBoy<85><[U:1:900000011]><Blue>" spawned as "soldier"
L 04/28/2026 - 05:57:17: "SoldierBoy<85><[U:1:900000011]><Blue>" triggered "shot_fired" (weapon "quake_rl")
L 04/28/2026 - 05:57:18: "SoldierBoy<85><[U:1:900000011]><Blue>" triggered "shot_hit" (weapon "quake_rl")
L 04/28/2026 - 05:57:18: "SoldierBoy<85><[U:1:900000011]><Blue>" triggered "damage" against "AirshotKing<86><[U:1:900000013]><Red>" (damage "80") (weapon "quake_rl")
L 04/28/2026 - 05:57:18: "AirshotKing<86><[U:1:900000013]><Red>" triggered "shot_fired" (weapon "quake_rl")
L 04/28/2026 - 05:57:19: "SoldierBoy<85><[U:1:900000011]><Blue>" triggered "shot_fired" (weapon "quake_rl")
L 04/28/2026 - 05:57:19: "SoldierBoy<85><[U:1:900000011]><Blue>" triggered "shot_hit" (weapon "quake_rl")
L 04/28/2026 - 05:57:19: "SoldierBoy<85><[U:1:900000011]><Blue>" triggered "damage" against "AirshotKing<86><[U:1:900000013]><Red>" (damage "46") (weapon "quake_rl")
L 04/28/2026 - 05:57:19: "AirshotKing<86><[U:1:900000013]><Red>" triggered "shot_fired" (weapon "quake_rl")
L 04/28/2026 - 05:57:19: "AirshotKing<86><[U:1:900000013]><Red>" triggered "shot_hit" (weapon "quake_rl")
L 04/28/2026 - 05:57:19: "AirshotKing<86><[U:1:900000013]><Red>" triggered "damage" against "SoldierBoy<85><[U:1:900000011]><Blue>" (damage "91") (weapon "quake_rl")
L 04/28/2026 - 05:57:20: "SoldierBoy<85><[U:1:900000011]><Blue>" triggered "shot_fired" (weapon "quake_rl")
L 04/28/2026 - 05:57:21: "AirshotKing<86><[U:1:900000013]><Red>" triggered "shot_fired" (weapon "quake_rl")
L 04/28/2026 - 05:57:22: "AirshotKing<86><[U:1:900000013]><Red>" triggered "shot_fired" (weapon "shotgun_soldier")
L 04/28/2026 - 05:57:22: "AirshotKing<86><[U:1:900000013]><Red>" triggered "shot_hit" (weapon "shotgun_soldier")
L 04/28/2026 - 05:57:22: "AirshotKing<86><[U:1:900000013]><Red>" triggered "damage" against "SoldierBoy<85><[U:1:900000011]><Blue>" (damage "28") (weapon "shotgun_soldier")
L 04/28/2026 - 05:57:22: "SoldierBoy<85><[U:1:900000011]><Blue>" triggered "shot_fired" (weapon "quake_rl")
L 04/28/2026 - 05:57:23: "AirshotKing<86><[U:1:900000013]><Red>" triggered "shot_fired" (weapon "quake_rl")
L 04/28/2026 - 05:57:26: "SoldierBoy<85><[U:1:900000011]><Blue>" triggered "shot_fired" (weapon "shotgun_soldier")
L 04/28/2026 - 05:57:26: "SoldierBoy<85><[U:1:900000011]><Blue>" triggered "shot_hit" (weapon "shotgun_soldier")
L 04/28/2026 - 05:57:26: "SoldierBoy<85><[U:1:900000011]><Blue>" triggered "damage" against "AirshotKing<86><[U:1:900000013]><Red>" (damage "55") (weapon "shotgun_soldier")
L 04/28/2026 - 05:57:26: "SoldierBoy<85><[U:1:900000011]><Blue>" killed "AirshotKing<86><[U:1:900000013]><Red>" with "world" (attacker_position "-8753 11951 10736") (victim_position "-8324 11829 10447")
L 04/28/2026 - 05:57:26: "AirshotKing<86><[U:1:900000013]><Red>" spawned as "soldier"
L 04/28/2026 - 05:57:31: "AirshotKing<86><[U:1:900000013]><Red>" triggered "shot_fired" (weapon "quake_rl")
L 04/28/2026 - 05:57:31: "SoldierBoy<85><[U:1:900000011]><Blue>" triggered "shot_fired" (weapon "quake_rl")
L 04/28/2026 - 05:57:31: "AirshotKing<86><[U:1:900000013]><Red>" triggered "shot_hit" (weapon "quake_rl")
L 04/28/2026 - 05:57:31: "AirshotKing<86><[U:1:900000013]><Red>" triggered "damage" against "SoldierBoy<85><[U:1:900000011]><Blue>" (damage "47") (weapon "quake_rl")
L 04/28/2026 - 05:57:32: "AirshotKing<86><[U:1:900000013]><Red>" triggered "shot_fired" (weapon "quake_rl")
L 04/28/2026 - 05:57:32: "AirshotKing<86><[U:1:900000013]><Red>" triggered "shot_hit" (weapon "quake_rl")
L 04/28/2026 - 05:57:32: "AirshotKing<86><[U:1:900000013]><Red>" triggered "damage" against "SoldierBoy<85><[U:1:900000011]><Blue>" (damage "72") (weapon "quake_rl")
L 04/28/2026 - 05:57:32: "SoldierBoy<85><[U:1:900000011]><Blue>" triggered "shot_fired" (weapon "quake_rl")
L 04/28/2026 - 05:57:32: "SoldierBoy<85><[U:1:900000011]><Blue>" triggered "shot_hit" (weapon "quake_rl")
L 04/28/2026 - 05:57:32: "SoldierBoy<85><[U:1:900000011]><Blue>" triggered "damage" against "AirshotKing<86><[U:1:900000013]><Red>" (damage "67") (weapon "quake_rl")
L 04/28/2026 - 05:57:33: "SoldierBoy<85><[U:1:900000011]><Blue>" triggered "shot_fired" (weapon "quake_rl")
L 04/28/2026 - 05:57:33: "AirshotKing<86><[U:1:900000013]><Red>" triggered "shot_hit" (weapon "quake_rl")
L 04/28/2026 - 05:57:33: "AirshotKing<86><[U:1:900000013]><Red>" triggered "damage" against "SoldierBoy<85><[U:1:900000011]><Blue>" (damage "105") (weapon "quake_rl") (airshot "1") (height "419")
L 04/28/2026 - 05:57:33: "AirshotKing<86><[U:1:900000013]><Red>" triggered "shot_fired" (weapon "quake_rl")
L 04/28/2026 - 05:57:33: "SoldierBoy<85><[U:1:900000011]><Blue>" triggered "shot_hit" (weapon "quake_rl")
L 04/28/2026 - 05:57:33: "SoldierBoy<85><[U:1:900000011]><Blue>" triggered "damage" against "AirshotKing<86><[U:1:900000013]><Red>" (damage "55") (weapon "quake_rl")
L 04/28/2026 - 05:57:33: "AirshotKing<86><[U:1:900000013]><Red>" triggered "shot_fired" (weapon "shotgun_soldier")
L 04/28/2026 - 05:57:33: "AirshotKing<86><[U:1:900000013]><Red>" triggered "shot_hit" (weapon "shotgun_soldier")
L 04/28/2026 - 05:57:33: "AirshotKing<86><[U:1:900000013]><Red>" triggered "damage" against "SoldierBoy<85><[U:1:900000011]><Blue>" (damage "14") (weapon "shotgun_soldier")
L 04/28/2026 - 05:57:33: "SoldierBoy<85><[U:1:900000011]><Blue>" triggered "shot_fired" (weapon "quake_rl")
L 04/28/2026 - 05:57:33: "AirshotKing<86><[U:1:900000013]><Red>" killed "SoldierBoy<85><[U:1:900000011]><Blue>" with "world" (attacker_position "-8611 11671 10740") (victim_position "-8179 11844 10394")
L 04/28/2026 - 05:57:34: "SoldierBoy<85><[U:1:900000011]><Blue>" spawned as "soldier"
L 04/28/2026 - 05:57:35: "AirshotKing<86><[U:1:900000013]><Red>" triggered "shot_fired" (weapon "quake_rl")
L 04/28/2026 - 05:57:36: "SoldierBoy<85><[U:1:900000011]><Blue>" triggered "shot_fired" (weapon "quake_rl")
L 04/28/2026 - 05:57:36: "SoldierBoy<85><[U:1:900000011]><Blue>" triggered "shot_hit" (weapon "quake_rl")
L 04/28/2026 - 05:57:36: "SoldierBoy<85><[U:1:900000011]><Blue>" triggered "damage" against "AirshotKing<86><[U:1:900000013]><Red>" (damage "61") (weapon "quake_rl")
L 04/28/2026 - 05:57:36: "AirshotKing<86><[U:1:900000013]><Red>" triggered "shot_fired" (weapon "quake_rl")
L 04/28/2026 - 05:57:37: "AirshotKing<86><[U:1:900000013]><Red>" triggered "shot_fired" (weapon "quake_rl")
L 04/28/2026 - 05:57:37: "AirshotKing<86><[U:1:900000013]><Red>" triggered "shot_hit" (weapon "quake_rl")
L 04/28/2026 - 05:57:37: "AirshotKing<86><[U:1:900000013]><Red>" triggered "damage" against "SoldierBoy<85><[U:1:900000011]><Blue>" (damage "74") (weapon "quake_rl")
L 04/28/2026 - 05:57:37: "SoldierBoy<85><[U:1:900000011]><Blue>" triggered "shot_fired" (weapon "quake_rl")
L 04/28/2026 - 05:57:38: "AirshotKing<86><[U:1:900000013]><Red>" triggered "shot_fired" (weapon "quake_rl")
L 04/28/2026 - 05:57:38: "SoldierBoy<85><[U:1:900000011]><Blue>" triggered "shot_fired" (weapon "quake_rl")
L 04/28/2026 - 05:57:38: "SoldierBoy<85><[U:1:900000011]><Blue>" triggered "shot_hit" (weapon "quake_rl")
L 04/28/2026 - 05:57:38: "SoldierBoy<85><[U:1:900000011]><Blue>" triggered "damage" against "AirshotKing<86><[U:1:900000013]><Red>" (damage "60") (weapon "quake_rl")
L 04/28/2026 - 05:57:38: "SoldierBoy<85><[U:1:900000011]><Blue>" triggered "shot_fired" (weapon "shotgun_soldier")
L 04/28/2026 - 05:57:38: "SoldierBoy<85><[U:1:900000011]><Blue>" triggered "shot_hit" (weapon "shotgun_soldier")
L 04/28/2026 - 05:57:38: "SoldierBoy<85><[U:1:900000011]><Blue>" triggered "damage" against "AirshotKing<86><[U:1:900000013]><Red>" (damage "26") (weapon "shotgun_soldier")
L 04/28/2026 - 05:57:38: "AirshotKing<86><[U:1:900000013]><Red>" triggered "shot_fired" (weapon "shotgun_soldier")
L 04/28/2026 - 05:57:38: "AirshotKing<86><[U:1:900000013]><Red>" triggered "shot_hit" (weapon "shotgun_soldier")
L 04/28/2026 - 05:57:38: "AirshotKing<86><[U:1:900000013]><Red>" triggered "damage" against "SoldierBoy<85><[U:1:900000011]><Blue>" (damage "87") (weapon "shotgun_soldier")
L 04/28/2026 - 05:57:39: "AirshotKing<86><[U:1:900000013]><Red>" triggered "shot_fired" (weapon "shotgun_soldier")
L 04/28/2026 - 05:57:39: "AirshotKing<86><[U:1:900000013]><Red>" triggered "shot_hit" (weapon "shotgun_soldier")
L 04/28/2026 - 05:57:39: "AirshotKing<86><[U:1:900000013]><Red>" triggered "damage" against "SoldierBoy<85><[U:1:900000011]><Blue>" (damage "60") (weapon "shotgun_soldier")
L 04/28/2026 - 05:57:39: "SoldierBoy<85><[U:1:900000011]><Blue>" triggered "shot_fired" (weapon "shotgun_soldier")
L 04/28/2026 - 05:57:39: "SoldierBoy<85><[U:1:900000011]><Blue>" triggered "shot_hit" (weapon "shotgun_soldier")
L 04/28/2026 - 05:57:39: "SoldierBoy<85><[U:1:900000011]><Blue>" triggered "damage" against "AirshotKing<86><[U:1:900000013]><Red>" (damage "40") (weapon "shotgun_soldier")
L 04/28/2026 - 05:57:40: "AirshotKing<86><[U:1:900000013]><Red>" triggered "shot_fired" (weapon "shotgun_soldier")
L 04/28/2026 - 05:57:40: "AirshotKing<86><[U:1:900000013]><Red>" triggered "shot_hit" (weapon "shotgun_soldier")
L 04/28/2026 - 05:57:40: "AirshotKing<86><[U:1:900000013]><Red>" triggered "damage" against "SoldierBoy<85><[U:1:900000011]><Blue>" (damage "11") (weapon "shotgun_soldier")
L 04/28/2026 - 05:57:40: "AirshotKing<86><[U:1:900000013]><Red>" killed "SoldierBoy<85><[U:1:900000011]><Blue>" with "shotgun_soldier" (attacker_position "-8758 11774 10743") (victim_position "-8778 12022 11260")
L 04/28/2026 - 05:57:40: "SoldierBoy<85><[U:1:900000011]><Blue>" spawned as "soldier"
L 04/28/2026 - 05:57:42: "SoldierBoy<85><[U:1:900000011]><Blue>" triggered "shot_fired" (weapon "quake_rl")
L 04/28/2026 - 05:57:42: "SoldierBoy<85><[U:1:900000011]><Blue>" triggered "shot_hit" (weapon "quake_rl")
L 04/28/2026 - 05:57:42: "SoldierBoy<85><[U:1:900000011]><Blue>" triggered "damage" against "AirshotKing<86><[U:1:900000013]><Red>" (damage "80") (weapon "quake_rl")
L 04/28/2026 - 05:57:42: "AirshotKing<86><[U:1:900000013]><Red>" triggered "shot_fired" (weapon "quake_rl")
L 04/28/2026 - 05:57:43: "AirshotKing<86><[U:1:900000013]><Red>" triggered "shot_fired" (weapon "quake_rl")
L 04/28/2026 - 05:57:44: "AirshotKing<86><[U:1:900000013]><Red>" triggered "shot_fired" (weapon "quake_rl")
L 04/28/2026 - 05:57:44: "AirshotKing<86><[U:1:900000013]><Red>" triggered "shot_hit" (weapon "quake_rl")
L 04/28/2026 - 05:57:44: "AirshotKing<86><[U:1:900000013]><Red>" triggered "damage" against "SoldierBoy<85><[U:1:900000011]><Blue>" (damage "64") (weapon "quake_rl")
L 04/28/2026 - 05:57:44: "SoldierBoy<85><[U:1:900000011]><Blue>" triggered "shot_hit" (weapon "quake_rl")
L 04/28/2026 - 05:57:44: "SoldierBoy<85><[U:1:900000011]><Blue>" triggered "damage" against "AirshotKing<86><[U:1:900000013]><Red>" (damage "54") (weapon "quake_rl")
L 04/28/2026 - 05:57:44: "SoldierBoy<85><[U:1:900000011]><Blue>" triggered "shot_fired" (weapon "quake_rl")
L 04/28/2026 - 05:57:45: "AirshotKing<86><[U:1:900000013]><Red>" triggered "shot_fired" (weapon "quake_rl")
L 04/28/2026 - 05:57:45: "AirshotKing<86><[U:1:900000013]><Red>" triggered "shot_hit" (weapon "quake_rl")
L 04/28/2026 - 05:57:45: "AirshotKing<86><[U:1:900000013]><Red>" triggered "damage" against "SoldierBoy<85><[U:1:900000011]><Blue>" (damage "78") (weapon "quake_rl")
L 04/28/2026 - 05:57:45: "SoldierBoy<85><[U:1:900000011]><Blue>" triggered "shot_hit" (weapon "quake_rl")
L 04/28/2026 - 05:57:45: "SoldierBoy<85><[U:1:900000011]><Blue>" triggered "damage" against "AirshotKing<86><[U:1:900000013]><Red>" (damage "82") (weapon "quake_rl")
L 04/28/2026 - 05:57:45: "SoldierBoy<85><[U:1:900000011]><Blue>" triggered "shot_fired" (weapon "quake_rl")
L 04/28/2026 - 05:57:45: "AirshotKing<86><[U:1:900000013]><Red>" triggered "shot_fired" (weapon "shotgun_soldier")
L 04/28/2026 - 05:57:45: "AirshotKing<86><[U:1:900000013]><Red>" triggered "shot_hit" (weapon "shotgun_soldier")
L 04/28/2026 - 05:57:45: "AirshotKing<86><[U:1:900000013]><Red>" triggered "damage" against "SoldierBoy<85><[U:1:900000011]><Blue>" (damage "9") (weapon "shotgun_soldier")
L 04/28/2026 - 05:57:45: "SoldierBoy<85><[U:1:900000011]><Blue>" triggered "shot_fired" (weapon "shotgun_soldier")
L 04/28/2026 - 05:57:45: "SoldierBoy<85><[U:1:900000011]><Blue>" triggered "shot_hit" (weapon "shotgun_soldier")
L 04/28/2026 - 05:57:45: "SoldierBoy<85><[U:1:900000011]><Blue>" triggered "damage" against "AirshotKing<86><[U:1:900000013]><Red>" (damage "86") (realdamage "39") (weapon "shotgun_soldier")
L 04/28/2026 - 05:57:45: "SoldierBoy<85><[U:1:900000011]><Blue>" killed "AirshotKing<86><[U:1:900000013]><Red>" with "shotgun_soldier" (attacker_position "-8832 11778 10748") (victim_position "-8928 11906 10770")
L 04/28/2026 - 05:57:46: "AirshotKing<86><[U:1:900000013]><Red>" spawned as "soldier"
L 04/28/2026 - 05:57:48: "AirshotKing<86><[U:1:900000013]><Red>" triggered "shot_fired" (weapon "quake_rl")
L 04/28/2026 - 05:57:48: "SoldierBoy<85><[U:1:900000011]><Blue>" triggered "shot_fired" (weapon "quake_rl")
L 04/28/2026 - 05:57:48: "AirshotKing<86><[U:1:900000013]><Red>" triggered "shot_hit" (weapon "quake_rl")
L 04/28/2026 - 05:57:48: "AirshotKing<86><[U:1:900000013]><Red>" triggered "damage" against "SoldierBoy<85><[U:1:900000011]><Blue>" (damage "46") (weapon "quake_rl")
L 04/28/2026 - 05:57:48: "SoldierBoy<85><[U:1:900000011]><Blue>" triggered "shot_hit" (weapon "quake_rl")
L 04/28/2026 - 05:57:48: "SoldierBoy<85><[U:1:900000011]><Blue>" triggered "damage" against "AirshotKing<86><[U:1:900000013]><Red>" (damage "75") (weapon "quake_rl")
L 04/28/2026 - 05:57:48: "AirshotKing<86><[U:1:900000013]><Red>" triggered "shot_hit" (weapon "quake_rl")
L 04/28/2026 - 05:57:48: "AirshotKing<86><[U:1:900000013]><Red>" triggered "damage" against "SoldierBoy<85><[U:1:900000011]><Blue>" (damage "79") (weapon "quake_rl")
L 04/28/2026 - 05:57:48: "SoldierBoy<85><[U:1:900000011]><Blue>" triggered "shot_fired" (weapon "quake_rl")
L 04/28/2026 - 05:57:49: "AirshotKing<86><[U:1:900000013]><Red>" triggered "shot_fired" (weapon "quake_rl")
L 04/28/2026 - 05:57:50: "SoldierBoy<85><[U:1:900000011]><Blue>" triggered "shot_fired" (weapon "quake_rl")
L 04/28/2026 - 05:57:50: "SoldierBoy<85><[U:1:900000011]><Blue>" triggered "shot_fired" (weapon "shotgun_soldier")
L 04/28/2026 - 05:57:50: "SoldierBoy<85><[U:1:900000011]><Blue>" triggered "shot_hit" (weapon "shotgun_soldier")
L 04/28/2026 - 05:57:50: "SoldierBoy<85><[U:1:900000011]><Blue>" triggered "damage" against "AirshotKing<86><[U:1:900000013]><Red>" (damage "43") (weapon "shotgun_soldier")
L 04/28/2026 - 05:57:50: "AirshotKing<86><[U:1:900000013]><Red>" triggered "shot_fired" (weapon "quake_rl")
L 04/28/2026 - 05:57:50: "AirshotKing<86><[U:1:900000013]><Red>" triggered "shot_hit" (weapon "quake_rl")
L 04/28/2026 - 05:57:50: "AirshotKing<86><[U:1:900000013]><Red>" triggered "damage" against "SoldierBoy<85><[U:1:900000011]><Blue>" (damage "47") (weapon "quake_rl")
L 04/28/2026 - 05:57:51: "SoldierBoy<85><[U:1:900000011]><Blue>" triggered "shot_fired" (weapon "shotgun_soldier")
L 04/28/2026 - 05:57:51: "SoldierBoy<85><[U:1:900000011]><Blue>" triggered "shot_hit" (weapon "shotgun_soldier")
L 04/28/2026 - 05:57:51: "SoldierBoy<85><[U:1:900000011]><Blue>" triggered "damage" against "AirshotKing<86><[U:1:900000013]><Red>" (damage "39") (weapon "shotgun_soldier")
L 04/28/2026 - 05:57:51: "AirshotKing<86><[U:1:900000013]><Red>" triggered "shot_fired" (weapon "shotgun_soldier")
L 04/28/2026 - 05:57:51: "AirshotKing<86><[U:1:900000013]><Red>" triggered "shot_hit" (weapon "shotgun_soldier")
L 04/28/2026 - 05:57:51: "AirshotKing<86><[U:1:900000013]><Red>" triggered "damage" against "SoldierBoy<85><[U:1:900000011]><Blue>" (damage "25") (weapon "shotgun_soldier")
L 04/28/2026 - 05:57:51: "SoldierBoy<85><[U:1:900000011]><Blue>" triggered "shot_fired" (weapon "shotgun_soldier")
L 04/28/2026 - 05:57:53: "AirshotKing<86><[U:1:900000013]><Red>" triggered "shot_fired" (weapon "quake_rl")
L 04/28/2026 - 05:57:55: "SoldierBoy<85><[U:1:900000011]><Blue>" triggered "shot_fired" (weapon "shotgun_soldier")
L 04/28/2026 - 05:57:55: "SoldierBoy<85><[U:1:900000011]><Blue>" triggered "shot_hit" (weapon "shotgun_soldier")
L 04/28/2026 - 05:57:55: "SoldierBoy<85><[U:1:900000011]><Blue>" triggered "damage" against "AirshotKing<86><[U:1:900000013]><Red>" (damage "36") (realdamage "14") (weapon "shotgun_soldier")
L 04/28/2026 - 05:57:55: "SoldierBoy<85><[U:1:900000011]><Blue>" killed "AirshotKing<86><[U:1:900000013]><Red>" with "shotgun_soldier" (attacker_position "-8931 11968 10736") (victim_position "-8874 12033 10234")
L 04/28/2026 - 05:57:55: "AirshotKing<86><[U:1:900000013]><Red>" spawned as "soldier"
L 04/28/2026 - 05:57:57: "SoldierBoy<85><[U:1:900000011]><Blue>" triggered "shot_fired" (weapon "quake_rl")
L 04/28/2026 - 05:57:57: "AirshotKing<86><[U:1:900000013]><Red>" triggered "shot_fired" (weapon "quake_rl")
L 04/28/2026 - 05:57:57: "SoldierBoy<85><[U:1:900000011]><Blue>" triggered "shot_hit" (weapon "quake_rl")
L 04/28/2026 - 05:57:57: "SoldierBoy<85><[U:1:900000011]><Blue>" triggered "damage" against "AirshotKing<86><[U:1:900000013]><Red>" (damage "91") (weapon "quake_rl") (airshot "1") (height "399")
L 04/28/2026 - 05:57:57: "AirshotKing<86><[U:1:900000013]><Red>" triggered "shot_hit" (weapon "quake_rl")
L 04/28/2026 - 05:57:57: "AirshotKing<86><[U:1:900000013]><Red>" triggered "damage" against "SoldierBoy<85><[U:1:900000011]><Blue>" (damage "55") (weapon "quake_rl")
L 04/28/2026 - 05:57:58: "AirshotKing<86><[U:1:900000013]><Red>" triggered "shot_fired" (weapon "quake_rl")
L 04/28/2026 - 05:57:58: "SoldierBoy<85><[U:1:900000011]><Blue>" triggered "shot_fired" (weapon "quake_rl")
L 04/28/2026 - 05:57:58: "AirshotKing<86><[U:1:900000013]><Red>" triggered "shot_hit" (weapon "quake_rl")
L 04/28/2026 - 05:57:58: "AirshotKing<86><[U:1:900000013]><Red>" triggered "damage" against "SoldierBoy<85><[U:1:900000011]><Blue>" (damage "72") (weapon "quake_rl")
L 04/28/2026 - 05:57:59: "AirshotKing<86><[U:1:900000013]><Red>" triggered "shot_fired" (weapon "quake_rl")
L 04/28/2026 - 05:57:59: "SoldierBoy<85><[U:1:900000011]><Blue>" triggered "shot_fired" (weapon "quake_rl")
L 04/28/2026 - 05:57:59: "AirshotKing<86><[U:1:900000013]><Red>" triggered "shot_hit" (weapon "quake_rl")
L 04/28/2026 - 05:57:59: "AirshotKing<86><[U:1:900000013]><Red>" triggered "damage" against "SoldierBoy<85><[U:1:900000011]><Blue>" (damage "53") (weapon "quake_rl")
L 04/28/2026 - 05:57:59: "SoldierBoy<85><[U:1:900000011]><Blue>" triggered "shot_hit" (weapon "quake_rl")
L 04/28/2026 - 05:57:59: "SoldierBoy<85><[U:1:900000011]><Blue>" triggered "damage" against "AirshotKing<86><[U:1:900000013]><Red>" (damage "65") (weapon "quake_rl")
L 04/28/2026 - 05:58:00: "AirshotKing<86><[U:1:900000013]><Red>" triggered "shot_fired" (weapon "shotgun_soldier")
L 04/28/2026 - 05:58:00: "AirshotKing<86><[U:1:900000013]><Red>" triggered "shot_hit" (weapon "shotgun_soldier")
L 04/28/2026 - 05:58:00: "AirshotKing<86><[U:1:900000013]><Red>" triggered "damage" against "SoldierBoy<85><[U:1:900000011]><Blue>" (damage "7") (weapon "shotgun_soldier")
L 04/28/2026 - 05:58:00: "SoldierBoy<85><[U:1:900000011]><Blue>" triggered "shot_fired" (weapon "shotgun_soldier")
L 04/28/2026 - 05:58:00: "SoldierBoy<85><[U:1:900000011]><Blue>" triggered "shot_hit" (weapon "shotgun_soldier")
L 04/28/2026 - 05:58:00: "SoldierBoy<85><[U:1:900000011]><Blue>" triggered "damage" against "AirshotKing<86><[U:1:900000013]><Red>" (damage "21") (weapon "shotgun_soldier")
L 04/28/2026 - 05:58:00: "AirshotKing<86><[U:1:900000013]><Red>" triggered "shot_fired" (weapon "shotgun_soldier")
L 04/28/2026 - 05:58:00: "AirshotKing<86><[U:1:900000013]><Red>" triggered "shot_hit" (weapon "shotgun_soldier")
L 04/28/2026 - 05:58:00: "AirshotKing<86><[U:1:900000013]><Red>" triggered "damage" against "SoldierBoy<85><[U:1:900000011]><Blue>" (damage "11") (weapon "shotgun_soldier")
L 04/28/2026 - 05:58:01: "SoldierBoy<85><[U:1:900000011]><Blue>" triggered "shot_fired" (weapon "shotgun_soldier")
L 04/28/2026 - 05:58:01: "AirshotKing<86><[U:1:900000013]><Red>" triggered "shot_fired" (weapon "shotgun_soldier")
L 04/28/2026 - 05:58:02: "AirshotKing<86><[U:1:900000013]><Red>" triggered "shot_fired" (weapon "shotgun_soldier")
L 04/28/2026 - 05:58:02: "AirshotKing<86><[U:1:900000013]><Red>" triggered "shot_hit" (weapon "shotgun_soldier")
L 04/28/2026 - 05:58:02: "AirshotKing<86><[U:1:900000013]><Red>" triggered "damage" against "SoldierBoy<85><[U:1:900000011]><Blue>" (damage "6") (weapon "shotgun_soldier")
L 04/28/2026 - 05:58:02: "SoldierBoy<85><[U:1:900000011]><Blue>" triggered "shot_fired" (weapon "shotgun_soldier")
L 04/28/2026 - 05:58:02: "SoldierBoy<85><[U:1:900000011]><Blue>" triggered "shot_hit" (weapon "shotgun_soldier")
L 04/28/2026 - 05:58:02: "SoldierBoy<85><[U:1:900000011]><Blue>" triggered "damage" against "AirshotKing<86><[U:1:900000013]><Red>" (damage "31") (realdamage "4") (weapon "shotgun_soldier")
L 04/28/2026 - 05:58:02: "SoldierBoy<85><[U:1:900000011]><Blue>" killed "AirshotKing<86><[U:1:900000013]><Red>" with "shotgun_soldier" (attacker_position "-8877 11921 10736") (victim_position "-8442 11695 10656")
L 04/28/2026 - 05:58:02: "AirshotKing<86><[U:1:900000013]><Red>" spawned as "soldier"
L 04/28/2026 - 05:58:05: "AirshotKing<86><[U:1:900000013]><Red>" triggered "shot_fired" (weapon "quake_rl")
L 04/28/2026 - 05:58:05: "AirshotKing<86><[U:1:900000013]><Red>" triggered "shot_hit" (weapon "quake_rl")
L 04/28/2026 - 05:58:05: "AirshotKing<86><[U:1:900000013]><Red>" triggered "damage" against "SoldierBoy<85><[U:1:900000011]><Blue>" (damage "46") (weapon "quake_rl")
L 04/28/2026 - 05:58:05: "SoldierBoy<85><[U:1:900000011]><Blue>" triggered "shot_fired" (weapon "quake_rl")
L 04/28/2026 - 05:58:05: "AirshotKing<86><[U:1:900000013]><Red>" triggered "shot_fired" (weapon "quake_rl")
L 04/28/2026 - 05:58:05: "AirshotKing<86><[U:1:900000013]><Red>" triggered "shot_hit" (weapon "quake_rl")
L 04/28/2026 - 05:58:05: "AirshotKing<86><[U:1:900000013]><Red>" triggered "damage" against "SoldierBoy<85><[U:1:900000011]><Blue>" (damage "84") (weapon "quake_rl")
L 04/28/2026 - 05:58:06: "SoldierBoy<85><[U:1:900000011]><Blue>" triggered "shot_hit" (weapon "quake_rl")
L 04/28/2026 - 05:58:06: "SoldierBoy<85><[U:1:900000011]><Blue>" triggered "damage" against "AirshotKing<86><[U:1:900000013]><Red>" (damage "86") (weapon "quake_rl")
L 04/28/2026 - 05:58:06: "SoldierBoy<85><[U:1:900000011]><Blue>" triggered "shot_fired" (weapon "quake_rl")
L 04/28/2026 - 05:58:06: "SoldierBoy<85><[U:1:900000011]><Blue>" triggered "shot_hit" (weapon "quake_rl")
L 04/28/2026 - 05:58:06: "SoldierBoy<85><[U:1:900000011]><Blue>" triggered "damage" against "AirshotKing<86><[U:1:900000013]><Red>" (damage "112") (weapon "quake_rl") (airshot "1") (height "409")
L 04/28/2026 - 05:58:06: "AirshotKing<86><[U:1:900000013]><Red>" triggered "shot_fired" (weapon "quake_rl")
L 04/28/2026 - 05:58:06: "SoldierBoy<85><[U:1:900000011]><Blue>" triggered "shot_fired" (weapon "quake_rl")
L 04/28/2026 - 05:58:07: "AirshotKing<86><[U:1:900000013]><Red>" triggered "shot_fired" (weapon "shotgun_soldier")
L 04/28/2026 - 05:58:07: "AirshotKing<86><[U:1:900000013]><Red>" triggered "shot_hit" (weapon "shotgun_soldier")
L 04/28/2026 - 05:58:07: "AirshotKing<86><[U:1:900000013]><Red>" triggered "damage" against "SoldierBoy<85><[U:1:900000011]><Blue>" (damage "33") (weapon "shotgun_soldier")
L 04/28/2026 - 05:58:07: "SoldierBoy<85><[U:1:900000011]><Blue>" triggered "shot_fired" (weapon "shotgun_soldier")
L 04/28/2026 - 05:58:07: "SoldierBoy<85><[U:1:900000011]><Blue>" triggered "shot_hit" (weapon "shotgun_soldier")
L 04/28/2026 - 05:58:07: "SoldierBoy<85><[U:1:900000011]><Blue>" triggered "damage" against "AirshotKing<86><[U:1:900000013]><Red>" (damage "32") (weapon "shotgun_soldier")
L 04/28/2026 - 05:58:07: "AirshotKing<86><[U:1:900000013]><Red>" triggered "shot_fired" (weapon "shotgun_soldier")
L 04/28/2026 - 05:58:07: "AirshotKing<86><[U:1:900000013]><Red>" triggered "shot_hit" (weapon "shotgun_soldier")
L 04/28/2026 - 05:58:07: "AirshotKing<86><[U:1:900000013]><Red>" triggered "damage" against "SoldierBoy<85><[U:1:900000011]><Blue>" (damage "10") (weapon "shotgun_soldier")
L 04/28/2026 - 05:58:10: "SoldierBoy<85><[U:1:900000011]><Blue>" triggered "shot_fired" (weapon "shotgun_soldier")
L 04/28/2026 - 05:58:10: "SoldierBoy<85><[U:1:900000011]><Blue>" triggered "shot_hit" (weapon "shotgun_soldier")
L 04/28/2026 - 05:58:10: "SoldierBoy<85><[U:1:900000011]><Blue>" triggered "damage" against "AirshotKing<86><[U:1:900000013]><Red>" (damage "23") (realdamage "5") (weapon "shotgun_soldier")
L 04/28/2026 - 05:58:10: "SoldierBoy<85><[U:1:900000011]><Blue>" killed "AirshotKing<86><[U:1:900000013]><Red>" with "shotgun_soldier" (attacker_position "-9003 11583 10603") (victim_position "-8701 11274 10268")
L 04/28/2026 - 05:58:10: "SoldierBoy<85><[U:1:900000011]><Blue>" triggered "domination" against "AirshotKing<86><[U:1:900000013]><Red>"
L 04/28/2026 - 05:58:10: "AirshotKing<86><[U:1:900000013]><Red>" spawned as "soldier"
L 04/28/2026 - 05:58:12: "AirshotKing<86><[U:1:900000013]><Red>" triggered "shot_fired" (weapon "quake_rl")
L 04/28/2026 - 05:58:13: "AirshotKing<86><[U:1:900000013]><Red>" triggered "shot_hit" (weapon "quake_rl")
L 04/28/2026 - 05:58:13: "AirshotKing<86><[U:1:900000013]><Red>" triggered "damage" against "SoldierBoy<85><[U:1:900000011]><Blue>" (damage "94") (weapon "quake_rl") (airshot "1") (height "430")
L 04/28/2026 - 05:58:13: "SoldierBoy<85><[U:1:900000011]><Blue>" triggered "shot_fired" (weapon "quake_rl")
L 04/28/2026 - 05:58:15: "AirshotKing<86><[U:1:900000013]><Red>" triggered "shot_fired" (weapon "quake_rl")
L 04/28/2026 - 05:58:16: "SoldierBoy<85><[U:1:900000011]><Blue>" triggered "shot_hit" (weapon "quake_rl")
L 04/28/2026 - 05:58:16: "SoldierBoy<85><[U:1:900000011]><Blue>" triggered "damage" against "AirshotKing<86><[U:1:900000013]><Red>" (damage "63") (weapon "quake_rl")
L 04/28/2026 - 05:58:16: "SoldierBoy<85><[U:1:900000011]><Blue>" triggered "shot_fired" (weapon "quake_rl")
L 04/28/2026 - 05:58:16: "AirshotKing<86><[U:1:900000013]><Red>" triggered "shot_fired" (weapon "quake_rl")
L 04/28/2026 - 05:58:16: "AirshotKing<86><[U:1:900000013]><Red>" triggered "shot_hit" (weapon "quake_rl")
L 04/28/2026 - 05:58:16: "AirshotKing<86><[U:1:900000013]><Red>" triggered "damage" against "SoldierBoy<85><[U:1:900000011]><Blue>" (damage "104") (realdamage "48") (weapon "quake_rl")
L 04/28/2026 - 05:58:16: "AirshotKing<86><[U:1:900000013]><Red>" killed "SoldierBoy<85><[U:1:900000011]><Blue>" with "quake_rl" (attacker_position "-8536 11689 10846") (victim_position "-8818 11756 10817")
L 04/28/2026 - 05:58:16: "AirshotKing<86><[U:1:900000013]><Red>" triggered "revenge" against "SoldierBoy<85><[U:1:900000011]><Blue>"
L 04/28/2026 - 05:58:16: "SoldierBoy<85><[U:1:900000011]><Blue>" spawned as "soldier"
L 04/28/2026 - 05:58:19: "SoldierBoy<85><[U:1:900000011]><Blue>" triggered "shot_fired" (weapon "quake_rl")
L 04/28/2026 - 05:58:19: "SoldierBoy<85><[U:1:900000011]><Blue>" triggered "shot_hit" (weapon "quake_rl")
L 04/28/2026 - 05:58:19: "SoldierBoy<85><[U:1:900000011]><Blue>" triggered "damage" against "AirshotKing<86><[U:1:900000013]><Red>" (damage "58") (weapon "quake_rl")
L 04/28/2026 - 05:58:19: "AirshotKing<86><[U:1:900000013]><Red>" triggered "shot_fired" (weapon "quake_rl")
L 04/28/2026 - 05:58:19: "AirshotKing<86><[U:1:900000013]><Red>" triggered "shot_hit" (weapon "quake_rl")
L 04/28/2026 - 05:58:19: "AirshotKing<86><[U:1:900000013]><Red>" triggered "damage" against "SoldierBoy<85><[U:1:900000011]><Blue>" (damage "95") (weapon "quake_rl") (airshot "1") (height "182")
L 04/28/2026 - 05:58:21: "AirshotKing<86><[U:1:900000013]><Red>" triggered "shot_fired" (weapon "quake_rl")
L 04/28/2026 - 05:58:21: "AirshotKing<86><[U:1:900000013]><Red>" triggered "shot_hit" (weapon "quake_rl")
L 04/28/2026 - 05:58:21: "AirshotKing<86><[U:1:900000013]><Red>" triggered "damage" against "SoldierBoy<85><[U:1:900000011]><Blue>" (damage "89") (realdamage "82") (weapon "quake_rl") (airshot "1") (height "304")
L 04/28/2026 - 05:58:21: "AirshotKing<86><[U:1:900000013]><Red>" killed "SoldierBoy<85><[U:1:900000011]><Blue>" with "quake_rl" (attacker_position "-8665 11541 10647") (victim_position "-8760 11877 11040")
L 04/28/2026 - 05:58:21: "SoldierBoy<85><[U:1:900000011]><Blue>" triggered "shot_fired" (weapon "quake_rl")
L 04/28/2026 - 05:58:21: "SoldierBoy<85><[U:1:900000011]><Blue>" spawned as "soldier"
L 04/28/2026 - 05:58:24: "SoldierBoy<85><[U:1:900000011]><Blue>" triggered "shot_fired" (weapon "quake_rl")
L 04/28/2026 - 05:58:24: "SoldierBoy<85><[U:1:900000011]><Blue>" triggered "shot_hit" (weapon "quake_rl")
L 04/28/2026 - 05:58:24: "SoldierBoy<85><[U:1:900000011]><Blue>" triggered "damage" against "AirshotKing<86><[U:1:900000013]><Red>" (damage "58") (weapon "quake_rl")
L 04/28/2026 - 05:58:24: "AirshotKing<86><[U:1:900000013]><Red>" triggered "shot_fired" (weapon "quake_rl")
L 04/28/2026 - 05:58:24: "AirshotKing<86><[U:1:900000013]><Red>" triggered "shot_hit" (weapon "quake_rl")
L 04/28/2026 - 05:58:24: "AirshotKing<86><[U:1:900000013]><Red>" triggered "damage" against "SoldierBoy<85><[U:1:900000011]><Blue>" (damage "95") (weapon "quake_rl")
L 04/28/2026 - 05:58:25: "AirshotKing<86><[U:1:900000013]><Red>" picked up item "tf_ammo_pack"
L 04/28/2026 - 05:58:26: "SoldierBoy<85><[U:1:900000011]><Blue>" triggered "shot_fired" (weapon "quake_rl")
L 04/28/2026 - 05:58:26: "SoldierBoy<85><[U:1:900000011]><Blue>" triggered "shot_hit" (weapon "quake_rl")
L 04/28/2026 - 05:58:26: "SoldierBoy<85><[U:1:900000011]><Blue>" triggered "damage" against "AirshotKing<86><[U:1:900000013]><Red>" (damage "61") (weapon "quake_rl")
L 04/28/2026 - 05:58:26: "AirshotKing<86><[U:1:900000013]><Red>" triggered "shot_fired" (weapon "quake_rl")
L 04/28/2026 - 05:58:27: "SoldierBoy<85><[U:1:900000011]><Blue>" triggered "shot_fired" (weapon "shotgun_soldier")
L 04/28/2026 - 05:58:27: "SoldierBoy<85><[U:1:900000011]><Blue>" triggered "shot_hit" (weapon "shotgun_soldier")
L 04/28/2026 - 05:58:27: "SoldierBoy<85><[U:1:900000011]><Blue>" triggered "damage" against "AirshotKing<86><[U:1:900000013]><Red>" (damage "47") (weapon "shotgun_soldier")
L 04/28/2026 - 05:58:27: "SoldierBoy<85><[U:1:900000011]><Blue>" triggered "shot_fired" (weapon "shotgun_soldier")
L 04/28/2026 - 05:58:27: "SoldierBoy<85><[U:1:900000011]><Blue>" triggered "shot_hit" (weapon "shotgun_soldier")
L 04/28/2026 - 05:58:27: "SoldierBoy<85><[U:1:900000011]><Blue>" triggered "damage" against "AirshotKing<86><[U:1:900000013]><Red>" (damage "13") (weapon "shotgun_soldier")
L 04/28/2026 - 05:58:27: "AirshotKing<86><[U:1:900000013]><Red>" triggered "shot_fired" (weapon "quake_rl")
L 04/28/2026 - 05:58:28: "AirshotKing<86><[U:1:900000013]><Red>" triggered "shot_fired" (weapon "quake_rl")
L 04/28/2026 - 05:58:30: "AirshotKing<86><[U:1:900000013]><Red>" triggered "shot_fired" (weapon "shotgun_soldier")
L 04/28/2026 - 05:58:31: "SoldierBoy<85><[U:1:900000011]><Blue>" triggered "shot_fired" (weapon "quake_rl")
L 04/28/2026 - 05:58:31: "SoldierBoy<85><[U:1:900000011]><Blue>" triggered "shot_hit" (weapon "quake_rl")
L 04/28/2026 - 05:58:31: "SoldierBoy<85><[U:1:900000011]><Blue>" triggered "damage" against "AirshotKing<86><[U:1:900000013]><Red>" (damage "62") (weapon "quake_rl")
L 04/28/2026 - 05:58:31: "SoldierBoy<85><[U:1:900000011]><Blue>" triggered "shot_fired" (weapon "shotgun_soldier")
L 04/28/2026 - 05:58:31: "SoldierBoy<85><[U:1:900000011]><Blue>" triggered "shot_hit" (weapon "shotgun_soldier")
L 04/28/2026 - 05:58:31: "SoldierBoy<85><[U:1:900000011]><Blue>" triggered "damage" against "AirshotKing<86><[U:1:900000013]><Red>" (damage "16") (weapon "shotgun_soldier")
L 04/28/2026 - 05:58:31: "AirshotKing<86><[U:1:900000013]><Red>" triggered "shot_hit" (weapon "quake_rl")
L 04/28/2026 - 05:58:31: "AirshotKing<86><[U:1:900000013]><Red>" triggered "damage" against "SoldierBoy<85><[U:1:900000011]><Blue>" (damage "99") (realdamage "24") (weapon "quake_rl")
L 04/28/2026 - 05:58:31: "AirshotKing<86><[U:1:900000013]><Red>" killed "SoldierBoy<85><[U:1:900000011]><Blue>" with "quake_rl" (attacker_position "-8876 11921 10736") (victim_position "-8731 11912 10736")
L 04/28/2026 - 05:58:31: "AirshotKing<86><[U:1:900000013]><Red>" triggered "shot_fired" (weapon "quake_rl")
L 04/28/2026 - 05:58:32: "SoldierBoy<85><[U:1:900000011]><Blue>" spawned as "soldier"
L 04/28/2026 - 05:58:34: "SoldierBoy<85><[U:1:900000011]><Blue>" triggered "shot_fired" (weapon "quake_rl")
L 04/28/2026 - 05:58:34: "SoldierBoy<85><[U:1:900000011]><Blue>" triggered "shot_hit" (weapon "quake_rl")
L 04/28/2026 - 05:58:34: "SoldierBoy<85><[U:1:900000011]><Blue>" triggered "damage" against "AirshotKing<86><[U:1:900000013]><Red>" (damage "58") (weapon "quake_rl")
L 04/28/2026 - 05:58:34: "AirshotKing<86><[U:1:900000013]><Red>" triggered "shot_fired" (weapon "quake_rl")
L 04/28/2026 - 05:58:35: "AirshotKing<86><[U:1:900000013]><Red>" triggered "shot_fired" (weapon "quake_rl")
L 04/28/2026 - 05:58:35: "AirshotKing<86><[U:1:900000013]><Red>" triggered "shot_hit" (weapon "quake_rl")
L 04/28/2026 - 05:58:35: "AirshotKing<86><[U:1:900000013]><Red>" triggered "damage" against "SoldierBoy<85><[U:1:900000011]><Blue>" (damage "64") (weapon "quake_rl")
L 04/28/2026 - 05:58:35: "SoldierBoy<85><[U:1:900000011]><Blue>" triggered "shot_fired" (weapon "quake_rl")
L 04/28/2026 - 05:58:35: "SoldierBoy<85><[U:1:900000011]><Blue>" triggered "shot_hit" (weapon "quake_rl")
L 04/28/2026 - 05:58:35: "SoldierBoy<85><[U:1:900000011]><Blue>" triggered "damage" against "AirshotKing<86><[U:1:900000013]><Red>" (damage "83") (weapon "quake_rl")
L 04/28/2026 - 05:58:35: "AirshotKing<86><[U:1:900000013]><Red>" triggered "shot_fired" (weapon "quake_rl")
L 04/28/2026 - 05:58:36: "SoldierBoy<85><[U:1:900000011]><Blue>" triggered "shot_fired" (weapon "quake_rl")
L 04/28/2026 - 05:58:36: "AirshotKing<86><[U:1:900000013]><Red>" triggered "shot_fired" (weapon "quake_rl")
L 04/28/2026 - 05:58:36: "AirshotKing<86><[U:1:900000013]><Red>" triggered "shot_hit" (weapon "quake_rl")
L 04/28/2026 - 05:58:36: "AirshotKing<86><[U:1:900000013]><Red>" triggered "damage" against "SoldierBoy<85><[U:1:900000011]><Blue>" (damage "80") (weapon "quake_rl")
L 04/28/2026 - 05:58:37: "SoldierBoy<85><[U:1:900000011]><Blue>" triggered "shot_fired" (weapon "shotgun_soldier")
L 04/28/2026 - 05:58:37: "SoldierBoy<85><[U:1:900000011]><Blue>" triggered "shot_hit" (weapon "shotgun_soldier")
L 04/28/2026 - 05:58:37: "SoldierBoy<85><[U:1:900000011]><Blue>" triggered "damage" against "AirshotKing<86><[U:1:900000013]><Red>" (damage "7") (weapon "shotgun_soldier")
L 04/28/2026 - 05:58:37: "AirshotKing<86><[U:1:900000013]><Red>" triggered "shot_fired" (weapon "shotgun_soldier")
L 04/28/2026 - 05:58:37: "AirshotKing<86><[U:1:900000013]><Red>" triggered "shot_hit" (weapon "shotgun_soldier")
L 04/28/2026 - 05:58:37: "AirshotKing<86><[U:1:900000013]><Red>" triggered "damage" against "SoldierBoy<85><[U:1:900000011]><Blue>" (damage "8") (weapon "shotgun_soldier")
L 04/28/2026 - 05:58:38: "AirshotKing<86><[U:1:900000013]><Red>" triggered "shot_fired" (weapon "shotgun_soldier")
L 04/28/2026 - 05:58:38: "AirshotKing<86><[U:1:900000013]><Red>" triggered "shot_hit" (weapon "shotgun_soldier")
L 04/28/2026 - 05:58:38: "AirshotKing<86><[U:1:900000013]><Red>" triggered "damage" against "SoldierBoy<85><[U:1:900000011]><Blue>" (damage "45") (weapon "shotgun_soldier")
L 04/28/2026 - 05:58:38: "SoldierBoy<85><[U:1:900000011]><Blue>" triggered "shot_fired" (weapon "shotgun_soldier")
L 04/28/2026 - 05:58:38: "AirshotKing<86><[U:1:900000013]><Red>" triggered "shot_fired" (weapon "shotgun_soldier")
L 04/28/2026 - 05:58:38: "AirshotKing<86><[U:1:900000013]><Red>" triggered "shot_hit" (weapon "shotgun_soldier")
L 04/28/2026 - 05:58:38: "AirshotKing<86><[U:1:900000013]><Red>" triggered "damage" against "SoldierBoy<85><[U:1:900000011]><Blue>" (damage "7") (weapon "shotgun_soldier")
L 04/28/2026 - 05:58:39: "SoldierBoy<85><[U:1:900000011]><Blue>" triggered "shot_fired" (weapon "shotgun_soldier")
L 04/28/2026 - 05:58:39: "AirshotKing<86><[U:1:900000013]><Red>" triggered "shot_fired" (weapon "shotgun_soldier")
L 04/28/2026 - 05:58:39: "SoldierBoy<85><[U:1:900000011]><Blue>" triggered "shot_fired" (weapon "shotgun_soldier")
L 04/28/2026 - 05:58:39: "SoldierBoy<85><[U:1:900000011]><Blue>" triggered "shot_hit" (weapon "shotgun_soldier")
L 04/28/2026 - 05:58:39: "SoldierBoy<85><[U:1:900000011]><Blue>" triggered "damage" against "AirshotKing<86><[U:1:900000013]><Red>" (damage "31") (weapon "shotgun_soldier")
L 04/28/2026 - 05:58:40: "AirshotKing<86><[U:1:900000013]><Red>" triggered "shot_fired" (weapon "shotgun_soldier")
L 04/28/2026 - 05:58:40: "SoldierBoy<85><[U:1:900000011]><Blue>" triggered "shot_fired" (weapon "shotgun_soldier")
L 04/28/2026 - 05:58:40: "SoldierBoy<85><[U:1:900000011]><Blue>" triggered "shot_hit" (weapon "shotgun_soldier")
L 04/28/2026 - 05:58:40: "SoldierBoy<85><[U:1:900000011]><Blue>" triggered "damage" against "AirshotKing<86><[U:1:900000013]><Red>" (damage "18") (weapon "shotgun_soldier")
L 04/28/2026 - 05:58:40: "AirshotKing<86><[U:1:900000013]><Red>" triggered "shot_fired" (weapon "shotgun_soldier")
L 04/28/2026 - 05:58:40: "AirshotKing<86><[U:1:900000013]><Red>" triggered "shot_hit" (weapon "shotgun_soldier")
L 04/28/2026 - 05:58:40: "AirshotKing<86><[U:1:900000013]><Red>" triggered "damage" against "SoldierBoy<85><[U:1:900000011]><Blue>" (damage "24") (realdamage "10") (weapon "shotgun_soldier")
L 04/28/2026 - 05:58:40: "AirshotKing<86><[U:1:900000013]><Red>" killed "SoldierBoy<85><[U:1:900000011]><Blue>" with "shotgun_soldier" (attacker_position "-8582 12394 10247") (victim_position "-8624 11998 10579")
L 04/28/2026 - 05:58:40: "AirshotKing<86><[U:1:900000013]><Red>" triggered "domination" against "SoldierBoy<85><[U:1:900000011]><Blue>"
L 04/28/2026 - 05:58:40: "SoldierBoy<85><[U:1:900000011]><Blue>" spawned as "soldier"
L 04/28/2026 - 05:58:43: "AirshotKing<86><[U:1:900000013]><Red>" triggered "shot_fired" (weapon "quake_rl")
L 04/28/2026 - 05:58:43: "SoldierBoy<85><[U:1:900000011]><Blue>" triggered "shot_fired" (weapon "quake_rl")
L 04/28/2026 - 05:58:43: "SoldierBoy<85><[U:1:900000011]><Blue>" triggered "shot_hit" (weapon "quake_rl")
L 04/28/2026 - 05:58:43: "SoldierBoy<85><[U:1:900000011]><Blue>" triggered "damage" against "AirshotKing<86><[U:1:900000013]><Red>" (damage "112") (weapon "quake_rl")
L 04/28/2026 - 05:58:43: "AirshotKing<86><[U:1:900000013]><Red>" triggered "shot_hit" (weapon "quake_rl")
L 04/28/2026 - 05:58:43: "AirshotKing<86><[U:1:900000013]><Red>" triggered "damage" against "SoldierBoy<85><[U:1:900000011]><Blue>" (damage "55") (weapon "quake_rl")
L 04/28/2026 - 05:58:43: "SoldierBoy<85><[U:1:900000011]><Blue>" triggered "shot_fired" (weapon "quake_rl")
L 04/28/2026 - 05:58:43: "AirshotKing<86><[U:1:900000013]><Red>" triggered "shot_fired" (weapon "quake_rl")
L 04/28/2026 - 05:58:44: "SoldierBoy<85><[U:1:900000011]><Blue>" triggered "shot_fired" (weapon "quake_rl")
L 04/28/2026 - 05:58:44: "AirshotKing<86><[U:1:900000013]><Red>" triggered "shot_fired" (weapon "quake_rl")
L 04/28/2026 - 05:58:45: "SoldierBoy<85><[U:1:900000011]><Blue>" triggered "shot_hit" (weapon "quake_rl")
L 04/28/2026 - 05:58:45: "SoldierBoy<85><[U:1:900000011]><Blue>" triggered "damage" against "AirshotKing<86><[U:1:900000013]><Red>" (damage "40") (weapon "quake_rl")
L 04/28/2026 - 05:58:45: "SoldierBoy<85><[U:1:900000011]><Blue>" triggered "shot_fired" (weapon "shotgun_soldier")
L 04/28/2026 - 05:58:45: "SoldierBoy<85><[U:1:900000011]><Blue>" triggered "shot_hit" (weapon "shotgun_soldier")
L 04/28/2026 - 05:58:45: "SoldierBoy<85><[U:1:900000011]><Blue>" triggered "damage" against "AirshotKing<86><[U:1:900000013]><Red>" (damage "11") (weapon "shotgun_soldier")
L 04/28/2026 - 05:58:45: "AirshotKing<86><[U:1:900000013]><Red>" triggered "shot_fired" (weapon "shotgun_soldier")
L 04/28/2026 - 05:58:45: "AirshotKing<86><[U:1:900000013]><Red>" triggered "shot_hit" (weapon "shotgun_soldier")
L 04/28/2026 - 05:58:45: "AirshotKing<86><[U:1:900000013]><Red>" triggered "damage" against "SoldierBoy<85><[U:1:900000011]><Blue>" (damage "22") (weapon "shotgun_soldier")
L 04/28/2026 - 05:58:45: "SoldierBoy<85><[U:1:900000011]><Blue>" triggered "shot_fired" (weapon "shotgun_soldier")
L 04/28/2026 - 05:58:45: "SoldierBoy<85><[U:1:900000011]><Blue>" triggered "shot_hit" (weapon "shotgun_soldier")
L 04/28/2026 - 05:58:45: "SoldierBoy<85><[U:1:900000011]><Blue>" triggered "damage" against "AirshotKing<86><[U:1:900000013]><Red>" (damage "51") (realdamage "27") (weapon "shotgun_soldier")
L 04/28/2026 - 05:58:45: "SoldierBoy<85><[U:1:900000011]><Blue>" killed "AirshotKing<86><[U:1:900000013]><Red>" with "shotgun_soldier" (attacker_position "-8998 12215 10668") (victim_position "-8734 12040 10843")
L 04/28/2026 - 05:58:45: "SoldierBoy<85><[U:1:900000011]><Blue>" triggered "revenge" against "AirshotKing<86><[U:1:900000013]><Red>"
L 04/28/2026 - 05:58:45: "AirshotKing<86><[U:1:900000013]><Red>" spawned as "soldier"
L 04/28/2026 - 05:58:47: "AirshotKing<86><[U:1:900000013]><Red>" triggered "shot_fired" (weapon "quake_rl")
L 04/28/2026 - 05:58:47: "AirshotKing<86><[U:1:900000013]><Red>" triggered "shot_hit" (weapon "quake_rl")
L 04/28/2026 - 05:58:47: "AirshotKing<86><[U:1:900000013]><Red>" triggered "damage" against "SoldierBoy<85><[U:1:900000011]><Blue>" (damage "101") (weapon "quake_rl") (airshot "1") (height "594")
L 04/28/2026 - 05:58:48: "AirshotKing<86><[U:1:900000013]><Red>" triggered "shot_fired" (weapon "quake_rl")
L 04/28/2026 - 05:58:51: "SoldierBoy<85><[U:1:900000011]><Blue>" triggered "shot_fired" (weapon "quake_rl")
L 04/28/2026 - 05:58:51: "SoldierBoy<85><[U:1:900000011]><Blue>" triggered "shot_hit" (weapon "quake_rl")
L 04/28/2026 - 05:58:51: "SoldierBoy<85><[U:1:900000011]><Blue>" triggered "damage" against "AirshotKing<86><[U:1:900000013]><Red>" (damage "47") (weapon "quake_rl")
L 04/28/2026 - 05:58:51: "AirshotKing<86><[U:1:900000013]><Red>" triggered "shot_fired" (weapon "quake_rl")
L 04/28/2026 - 05:58:52: "SoldierBoy<85><[U:1:900000011]><Blue>" triggered "shot_fired" (weapon "quake_rl")
L 04/28/2026 - 05:58:52: "SoldierBoy<85><[U:1:900000011]><Blue>" triggered "shot_hit" (weapon "quake_rl")
L 04/28/2026 - 05:58:52: "SoldierBoy<85><[U:1:900000011]><Blue>" triggered "damage" against "AirshotKing<86><[U:1:900000013]><Red>" (damage "60") (weapon "quake_rl")
L 04/28/2026 - 05:58:52: "AirshotKing<86><[U:1:900000013]><Red>" triggered "shot_fired" (weapon "quake_rl")
L 04/28/2026 - 05:58:52: "AirshotKing<86><[U:1:900000013]><Red>" triggered "shot_hit" (weapon "quake_rl")
L 04/28/2026 - 05:58:52: "AirshotKing<86><[U:1:900000013]><Red>" triggered "damage" against "SoldierBoy<85><[U:1:900000011]><Blue>" (damage "62") (weapon "quake_rl")
L 04/28/2026 - 05:58:52: "SoldierBoy<85><[U:1:900000011]><Blue>" triggered "shot_fired" (weapon "shotgun_soldier")
L 04/28/2026 - 05:58:52: "SoldierBoy<85><[U:1:900000011]><Blue>" triggered "shot_hit" (weapon "shotgun_soldier")
L 04/28/2026 - 05:58:52: "SoldierBoy<85><[U:1:900000011]><Blue>" triggered "damage" against "AirshotKing<86><[U:1:900000013]><Red>" (damage "33") (weapon "shotgun_soldier")
L 04/28/2026 - 05:58:53: "AirshotKing<86><[U:1:900000013]><Red>" triggered "shot_fired" (weapon "quake_rl")
L 04/28/2026 - 05:58:53: "SoldierBoy<85><[U:1:900000011]><Blue>" triggered "shot_fired" (weapon "shotgun_soldier")
L 04/28/2026 - 05:58:53: "SoldierBoy<85><[U:1:900000011]><Blue>" triggered "shot_hit" (weapon "shotgun_soldier")
L 04/28/2026 - 05:58:53: "SoldierBoy<85><[U:1:900000011]><Blue>" triggered "damage" against "AirshotKing<86><[U:1:900000013]><Red>" (damage "34") (weapon "shotgun_soldier")
L 04/28/2026 - 05:58:53: "AirshotKing<86><[U:1:900000013]><Red>" triggered "shot_fired" (weapon "shotgun_soldier")
L 04/28/2026 - 05:58:53: "AirshotKing<86><[U:1:900000013]><Red>" triggered "shot_hit" (weapon "shotgun_soldier")
L 04/28/2026 - 05:58:53: "AirshotKing<86><[U:1:900000013]><Red>" triggered "damage" against "SoldierBoy<85><[U:1:900000011]><Blue>" (damage "45") (realdamage "2") (weapon "shotgun_soldier")
L 04/28/2026 - 05:58:53: "AirshotKing<86><[U:1:900000013]><Red>" killed "SoldierBoy<85><[U:1:900000011]><Blue>" with "shotgun_soldier" (attacker_position "-8486 11770 10778") (victim_position "-9044 11793 10782")
L 04/28/2026 - 05:58:53: "SoldierBoy<85><[U:1:900000011]><Blue>" spawned as "soldier"
L 04/28/2026 - 05:58:55: "SoldierBoy<85><[U:1:900000011]><Blue>" triggered "shot_fired" (weapon "quake_rl")
L 04/28/2026 - 05:58:56: "SoldierBoy<85><[U:1:900000011]><Blue>" triggered "shot_hit" (weapon "quake_rl")
L 04/28/2026 - 05:58:56: "SoldierBoy<85><[U:1:900000011]><Blue>" triggered "damage" against "AirshotKing<86><[U:1:900000013]><Red>" (damage "76") (weapon "quake_rl")
L 04/28/2026 - 05:58:56: "AirshotKing<86><[U:1:900000013]><Red>" triggered "shot_fired" (weapon "quake_rl")
L 04/28/2026 - 05:58:56: "SoldierBoy<85><[U:1:900000011]><Blue>" triggered "shot_fired" (weapon "quake_rl")
L 04/28/2026 - 05:58:56: "AirshotKing<86><[U:1:900000013]><Red>" triggered "shot_fired" (weapon "quake_rl")
L 04/28/2026 - 05:58:57: "AirshotKing<86><[U:1:900000013]><Red>" triggered "shot_hit" (weapon "quake_rl")
L 04/28/2026 - 05:58:57: "AirshotKing<86><[U:1:900000013]><Red>" triggered "damage" against "SoldierBoy<85><[U:1:900000011]><Blue>" (damage "73") (weapon "quake_rl")
L 04/28/2026 - 05:58:57: "SoldierBoy<85><[U:1:900000011]><Blue>" triggered "shot_fired" (weapon "quake_rl")
L 04/28/2026 - 05:58:57: "AirshotKing<86><[U:1:900000013]><Red>" triggered "shot_fired" (weapon "quake_rl")
L 04/28/2026 - 05:58:57: "SoldierBoy<85><[U:1:900000011]><Blue>" triggered "shot_hit" (weapon "quake_rl")
L 04/28/2026 - 05:58:57: "SoldierBoy<85><[U:1:900000011]><Blue>" triggered "damage" against "AirshotKing<86><[U:1:900000013]><Red>" (damage "91") (weapon "quake_rl")
L 04/28/2026 - 05:58:58: "SoldierBoy<85><[U:1:900000011]><Blue>" triggered "shot_fired" (weapon "shotgun_soldier")
L 04/28/2026 - 05:58:58: "AirshotKing<86><[U:1:900000013]><Red>" triggered "shot_fired" (weapon "quake_rl")
L 04/28/2026 - 05:58:58: "AirshotKing<86><[U:1:900000013]><Red>" triggered "shot_fired" (weapon "shotgun_soldier")
L 04/28/2026 - 05:58:59: "SoldierBoy<85><[U:1:900000011]><Blue>" triggered "shot_fired" (weapon "shotgun_soldier")
L 04/28/2026 - 05:58:59: "SoldierBoy<85><[U:1:900000011]><Blue>" triggered "shot_hit" (weapon "shotgun_soldier")
L 04/28/2026 - 05:58:59: "SoldierBoy<85><[U:1:900000011]><Blue>" triggered "damage" against "AirshotKing<86><[U:1:900000013]><Red>" (damage "70") (weapon "shotgun_soldier")
L 04/28/2026 - 05:58:59: "AirshotKing<86><[U:1:900000013]><Red>" triggered "shot_fired" (weapon "shotgun_soldier")
L 04/28/2026 - 05:58:59: "AirshotKing<86><[U:1:900000013]><Red>" triggered "shot_hit" (weapon "shotgun_soldier")
L 04/28/2026 - 05:58:59: "AirshotKing<86><[U:1:900000013]><Red>" triggered "damage" against "SoldierBoy<85><[U:1:900000011]><Blue>" (damage "86") (weapon "shotgun_soldier")
L 04/28/2026 - 05:59:00: "SoldierBoy<85><[U:1:900000011]><Blue>" triggered "shot_fired" (weapon "shotgun_soldier")
L 04/28/2026 - 05:59:00: "SoldierBoy<85><[U:1:900000011]><Blue>" triggered "shot_hit" (weapon "shotgun_soldier")
L 04/28/2026 - 05:59:00: "SoldierBoy<85><[U:1:900000011]><Blue>" triggered "damage" against "AirshotKing<86><[U:1:900000013]><Red>" (damage "64") (realdamage "15") (weapon "shotgun_soldier")
L 04/28/2026 - 05:59:00: "SoldierBoy<85><[U:1:900000011]><Blue>" killed "AirshotKing<86><[U:1:900000013]><Red>" with "shotgun_soldier" (attacker_position "-8709 11731 10743") (victim_position "-8453 11686 10701")
L 04/28/2026 - 05:59:00: "AirshotKing<86><[U:1:900000013]><Red>" spawned as "soldier"
L 04/28/2026 - 05:59:02: "AirshotKing<86><[U:1:900000013]><Red>" triggered "shot_fired" (weapon "quake_rl")
L 04/28/2026 - 05:59:02: "SoldierBoy<85><[U:1:900000011]><Blue>" triggered "shot_fired" (weapon "quake_rl")
L 04/28/2026 - 05:59:02: "AirshotKing<86><[U:1:900000013]><Red>" triggered "shot_hit" (weapon "quake_rl")
L 04/28/2026 - 05:59:02: "AirshotKing<86><[U:1:900000013]><Red>" triggered "damage" against "SoldierBoy<85><[U:1:900000011]><Blue>" (damage "47") (weapon "quake_rl")
L 04/28/2026 - 05:59:02: "SoldierBoy<85><[U:1:900000011]><Blue>" triggered "shot_hit" (weapon "quake_rl")
L 04/28/2026 - 05:59:02: "SoldierBoy<85><[U:1:900000011]><Blue>" triggered "damage" against "AirshotKing<86><[U:1:900000013]><Red>" (damage "94") (weapon "quake_rl") (airshot "1") (height "343")
L 04/28/2026 - 05:59:03: "AirshotKing<86><[U:1:900000013]><Red>" triggered "shot_fired" (weapon "quake_rl")
L 04/28/2026 - 05:59:03: "SoldierBoy<85><[U:1:900000011]><Blue>" triggered "shot_fired" (weapon "quake_rl")
L 04/28/2026 - 05:59:03: "AirshotKing<86><[U:1:900000013]><Red>" triggered "shot_hit" (weapon "quake_rl")
L 04/28/2026 - 05:59:03: "AirshotKing<86><[U:1:900000013]><Red>" triggered "damage" against "SoldierBoy<85><[U:1:900000011]><Blue>" (damage "56") (weapon "quake_rl")
L 04/28/2026 - 05:59:04: "AirshotKing<86><[U:1:900000013]><Red>" triggered "shot_fired" (weapon "quake_rl")
L 04/28/2026 - 05:59:04: "AirshotKing<86><[U:1:900000013]><Red>" triggered "shot_hit" (weapon "quake_rl")
L 04/28/2026 - 05:59:04: "AirshotKing<86><[U:1:900000013]><Red>" triggered "damage" against "SoldierBoy<85><[U:1:900000011]><Blue>" (damage "104") (weapon "quake_rl")
L 04/28/2026 - 05:59:04: "SoldierBoy<85><[U:1:900000011]><Blue>" triggered "shot_fired" (weapon "quake_rl")
L 04/28/2026 - 05:59:04: "SoldierBoy<85><[U:1:900000011]><Blue>" triggered "shot_hit" (weapon "quake_rl")
L 04/28/2026 - 05:59:04: "SoldierBoy<85><[U:1:900000011]><Blue>" triggered "damage" against "AirshotKing<86><[U:1:900000013]><Red>" (damage "63") (weapon "quake_rl")
L 04/28/2026 - 05:59:04: "AirshotKing<86><[U:1:900000013]><Red>" triggered "shot_fired" (weapon "shotgun_soldier")
L 04/28/2026 - 05:59:04: "AirshotKing<86><[U:1:900000013]><Red>" triggered "shot_hit" (weapon "shotgun_soldier")
L 04/28/2026 - 05:59:04: "AirshotKing<86><[U:1:900000013]><Red>" triggered "damage" against "SoldierBoy<85><[U:1:900000011]><Blue>" (damage "35") (weapon "shotgun_soldier")
L 04/28/2026 - 05:59:04: "SoldierBoy<85><[U:1:900000011]><Blue>" triggered "shot_fired" (weapon "shotgun_soldier")
L 04/28/2026 - 05:59:04: "SoldierBoy<85><[U:1:900000011]><Blue>" triggered "shot_hit" (weapon "shotgun_soldier")
L 04/28/2026 - 05:59:04: "SoldierBoy<85><[U:1:900000011]><Blue>" triggered "damage" against "AirshotKing<86><[U:1:900000013]><Red>" (damage "19") (weapon "shotgun_soldier")
L 04/28/2026 - 05:59:05: "AirshotKing<86><[U:1:900000013]><Red>" triggered "shot_fired" (weapon "shotgun_soldier")
L 04/28/2026 - 05:59:05: "AirshotKing<86><[U:1:900000013]><Red>" triggered "shot_hit" (weapon "shotgun_soldier")
L 04/28/2026 - 05:59:05: "AirshotKing<86><[U:1:900000013]><Red>" triggered "damage" against "SoldierBoy<85><[U:1:900000011]><Blue>" (damage "22") (weapon "shotgun_soldier")
L 04/28/2026 - 05:59:05: "SoldierBoy<85><[U:1:900000011]><Blue>" triggered "shot_fired" (weapon "shotgun_soldier")
L 04/28/2026 - 05:59:05: "SoldierBoy<85><[U:1:900000011]><Blue>" triggered "shot_hit" (weapon "shotgun_soldier")
L 04/28/2026 - 05:59:05: "SoldierBoy<85><[U:1:900000011]><Blue>" triggered "damage" against "AirshotKing<86><[U:1:900000013]><Red>" (damage "10") (weapon "shotgun_soldier")
L 04/28/2026 - 05:59:05: "AirshotKing<86><[U:1:900000013]><Red>" triggered "shot_fired" (weapon "shotgun_soldier")
L 04/28/2026 - 05:59:05: "AirshotKing<86><[U:1:900000013]><Red>" triggered "shot_hit" (weapon "shotgun_soldier")
L 04/28/2026 - 05:59:05: "AirshotKing<86><[U:1:900000013]><Red>" triggered "damage" against "SoldierBoy<85><[U:1:900000011]><Blue>" (damage "16") (realdamage "15") (weapon "shotgun_soldier")
L 04/28/2026 - 05:59:05: "AirshotKing<86><[U:1:900000013]><Red>" killed "SoldierBoy<85><[U:1:900000011]><Blue>" with "shotgun_soldier" (attacker_position "-8430 11666 10591") (victim_position "-8648 11862 11120")
L 04/28/2026 - 05:59:05: "SoldierBoy<85><[U:1:900000011]><Blue>" spawned as "soldier"
L 04/28/2026 - 05:59:07: "SoldierBoy<85><[U:1:900000011]><Blue>" triggered "shot_fired" (weapon "quake_rl")
L 04/28/2026 - 05:59:08: "AirshotKing<86><[U:1:900000013]><Red>" triggered "shot_fired" (weapon "quake_rl")
L 04/28/2026 - 05:59:08: "SoldierBoy<85><[U:1:900000011]><Blue>" triggered "shot_fired" (weapon "quake_rl")
L 04/28/2026 - 05:59:08: "AirshotKing<86><[U:1:900000013]><Red>" triggered "shot_fired" (weapon "quake_rl")
L 04/28/2026 - 05:59:08: "SoldierBoy<85><[U:1:900000011]><Blue>" triggered "shot_hit" (weapon "quake_rl")
L 04/28/2026 - 05:59:08: "SoldierBoy<85><[U:1:900000011]><Blue>" triggered "damage" against "AirshotKing<86><[U:1:900000013]><Red>" (damage "80") (weapon "quake_rl")
L 04/28/2026 - 05:59:09: "AirshotKing<86><[U:1:900000013]><Red>" triggered "shot_fired" (weapon "quake_rl")
L 04/28/2026 - 05:59:09: "AirshotKing<86><[U:1:900000013]><Red>" triggered "shot_hit" (weapon "quake_rl")
L 04/28/2026 - 05:59:09: "AirshotKing<86><[U:1:900000013]><Red>" triggered "damage" against "SoldierBoy<85><[U:1:900000011]><Blue>" (damage "59") (weapon "quake_rl")
L 04/28/2026 - 05:59:11: "SoldierBoy<85><[U:1:900000011]><Blue>" triggered "shot_hit" (weapon "quake_rl")
L 04/28/2026 - 05:59:11: "SoldierBoy<85><[U:1:900000011]><Blue>" triggered "damage" against "AirshotKing<86><[U:1:900000013]><Red>" (damage "49") (weapon "quake_rl")
L 04/28/2026 - 05:59:11: "SoldierBoy<85><[U:1:900000011]><Blue>" triggered "shot_fired" (weapon "quake_rl")
L 04/28/2026 - 05:59:11: "SoldierBoy<85><[U:1:900000011]><Blue>" triggered "shot_fired" (weapon "shotgun_soldier")
L 04/28/2026 - 05:59:12: "AirshotKing<86><[U:1:900000013]><Red>" triggered "shot_fired" (weapon "quake_rl")
L 04/28/2026 - 05:59:13: "AirshotKing<86><[U:1:900000013]><Red>" triggered "shot_fired" (weapon "shotgun_soldier")
L 04/28/2026 - 05:59:13: "SoldierBoy<85><[U:1:900000011]><Blue>" triggered "shot_fired" (weapon "shotgun_soldier")
L 04/28/2026 - 05:59:13: "SoldierBoy<85><[U:1:900000011]><Blue>" triggered "shot_hit" (weapon "shotgun_soldier")
L 04/28/2026 - 05:59:13: "SoldierBoy<85><[U:1:900000011]><Blue>" triggered "damage" against "AirshotKing<86><[U:1:900000013]><Red>" (damage "18") (weapon "shotgun_soldier")
L 04/28/2026 - 05:59:14: "SoldierBoy<85><[U:1:900000011]><Blue>" triggered "shot_fired" (weapon "shotgun_soldier")
L 04/28/2026 - 05:59:14: "SoldierBoy<85><[U:1:900000011]><Blue>" triggered "shot_hit" (weapon "shotgun_soldier")
L 04/28/2026 - 05:59:14: "SoldierBoy<85><[U:1:900000011]><Blue>" triggered "damage" against "AirshotKing<86><[U:1:900000013]><Red>" (damage "32") (weapon "shotgun_soldier")
L 04/28/2026 - 05:59:14: "SoldierBoy<85><[U:1:900000011]><Blue>" killed "AirshotKing<86><[U:1:900000013]><Red>" with "world" (attacker_position "-8595 11801 10736") (victim_position "-8207 11593 10376")
L 04/28/2026 - 05:59:15: "AirshotKing<86><[U:1:900000013]><Red>" spawned as "soldier"
L 04/28/2026 - 05:59:16: "SoldierBoy<85><[U:1:900000011]><Blue>" triggered "shot_fired" (weapon "quake_rl")
L 04/28/2026 - 05:59:17: "AirshotKing<86><[U:1:900000013]><Red>" triggered "shot_fired" (weapon "quake_rl")
L 04/28/2026 - 05:59:17: "AirshotKing<86><[U:1:900000013]><Red>" triggered "shot_hit" (weapon "quake_rl")
L 04/28/2026 - 05:59:17: "AirshotKing<86><[U:1:900000013]><Red>" triggered "damage" against "SoldierBoy<85><[U:1:900000011]><Blue>" (damage "82") (weapon "quake_rl")
L 04/28/2026 - 05:59:17: "SoldierBoy<85><[U:1:900000011]><Blue>" triggered "shot_fired" (weapon "quake_rl")
L 04/28/2026 - 05:59:17: "SoldierBoy<85><[U:1:900000011]><Blue>" triggered "shot_hit" (weapon "quake_rl")
L 04/28/2026 - 05:59:17: "SoldierBoy<85><[U:1:900000011]><Blue>" triggered "damage" against "AirshotKing<86><[U:1:900000013]><Red>" (damage "76") (weapon "quake_rl")
L 04/28/2026 - 05:59:18: "AirshotKing<86><[U:1:900000013]><Red>" triggered "shot_fired" (weapon "quake_rl")
L 04/28/2026 - 05:59:18: "SoldierBoy<85><[U:1:900000011]><Blue>" triggered "shot_fired" (weapon "quake_rl")
L 04/28/2026 - 05:59:18: "SoldierBoy<85><[U:1:900000011]><Blue>" triggered "shot_hit" (weapon "quake_rl")
L 04/28/2026 - 05:59:18: "SoldierBoy<85><[U:1:900000011]><Blue>" triggered "damage" against "AirshotKing<86><[U:1:900000013]><Red>" (damage "63") (weapon "quake_rl")
L 04/28/2026 - 05:59:19: "AirshotKing<86><[U:1:900000013]><Red>" triggered "shot_fired" (weapon "quake_rl")
L 04/28/2026 - 05:59:19: "AirshotKing<86><[U:1:900000013]><Red>" triggered "shot_hit" (weapon "quake_rl")
L 04/28/2026 - 05:59:19: "AirshotKing<86><[U:1:900000013]><Red>" triggered "damage" against "SoldierBoy<85><[U:1:900000011]><Blue>" (damage "55") (weapon "quake_rl")
L 04/28/2026 - 05:59:19: "SoldierBoy<85><[U:1:900000011]><Blue>" triggered "shot_fired" (weapon "quake_rl")
L 04/28/2026 - 05:59:19: "AirshotKing<86><[U:1:900000013]><Red>" triggered "shot_fired" (weapon "shotgun_soldier")
L 04/28/2026 - 05:59:19: "AirshotKing<86><[U:1:900000013]><Red>" triggered "shot_hit" (weapon "shotgun_soldier")
L 04/28/2026 - 05:59:19: "AirshotKing<86><[U:1:900000013]><Red>" triggered "damage" against "SoldierBoy<85><[U:1:900000011]><Blue>" (damage "43") (weapon "shotgun_soldier")
L 04/28/2026 - 05:59:20: "SoldierBoy<85><[U:1:900000011]><Blue>" triggered "shot_fired" (weapon "shotgun_soldier")
L 04/28/2026 - 05:59:20: "SoldierBoy<85><[U:1:900000011]><Blue>" triggered "shot_hit" (weapon "shotgun_soldier")
L 04/28/2026 - 05:59:20: "SoldierBoy<85><[U:1:900000011]><Blue>" triggered "damage" against "AirshotKing<86><[U:1:900000013]><Red>" (damage "7") (weapon "shotgun_soldier")
L 04/28/2026 - 05:59:20: "SoldierBoy<85><[U:1:900000011]><Blue>" triggered "shot_fired" (weapon "shotgun_soldier")
L 04/28/2026 - 05:59:20: "SoldierBoy<85><[U:1:900000011]><Blue>" triggered "shot_hit" (weapon "shotgun_soldier")
L 04/28/2026 - 05:59:20: "SoldierBoy<85><[U:1:900000011]><Blue>" triggered "damage" against "AirshotKing<86><[U:1:900000013]><Red>" (damage "9") (weapon "shotgun_soldier")
L 04/28/2026 - 05:59:21: "AirshotKing<86><[U:1:900000013]><Red>" triggered "shot_fired" (weapon "quake_rl")
L 04/28/2026 - 05:59:21: "SoldierBoy<85><[U:1:900000011]><Blue>" triggered "shot_fired" (weapon "shotgun_soldier")
L 04/28/2026 - 05:59:21: "AirshotKing<86><[U:1:900000013]><Red>" triggered "shot_fired" (weapon "shotgun_soldier")
L 04/28/2026 - 05:59:21: "AirshotKing<86><[U:1:900000013]><Red>" triggered "shot_hit" (weapon "shotgun_soldier")
L 04/28/2026 - 05:59:21: "AirshotKing<86><[U:1:900000013]><Red>" triggered "damage" against "SoldierBoy<85><[U:1:900000011]><Blue>" (damage "59") (weapon "shotgun_soldier")
L 04/28/2026 - 05:59:22: "SoldierBoy<85><[U:1:900000011]><Blue>" triggered "shot_fired" (weapon "shotgun_soldier")
L 04/28/2026 - 05:59:22: "SoldierBoy<85><[U:1:900000011]><Blue>" triggered "shot_hit" (weapon "shotgun_soldier")
L 04/28/2026 - 05:59:22: "SoldierBoy<85><[U:1:900000011]><Blue>" triggered "damage" against "AirshotKing<86><[U:1:900000013]><Red>" (damage "87") (realdamage "50") (weapon "shotgun_soldier")
L 04/28/2026 - 05:59:22: "SoldierBoy<85><[U:1:900000011]><Blue>" killed "AirshotKing<86><[U:1:900000013]><Red>" with "shotgun_soldier" (attacker_position "-8169 11872 10448") (victim_position "-8290 11824 10445")
L 04/28/2026 - 05:59:22: "AirshotKing<86><[U:1:900000013]><Red>" spawned as "soldier"
L 04/28/2026 - 05:59:24: "SoldierBoy<85><[U:1:900000011]><Blue>" triggered "shot_hit" (weapon "quake_rl")
L 04/28/2026 - 05:59:24: "SoldierBoy<85><[U:1:900000011]><Blue>" triggered "damage" against "AirshotKing<86><[U:1:900000013]><Red>" (damage "108") (weapon "quake_rl") (airshot "1") (height "298")
L 04/28/2026 - 05:59:24: "AirshotKing<86><[U:1:900000013]><Red>" triggered "shot_fired" (weapon "quake_rl")
L 04/28/2026 - 05:59:24: "SoldierBoy<85><[U:1:900000011]><Blue>" triggered "shot_fired" (weapon "quake_rl")
L 04/28/2026 - 05:59:25: "SoldierBoy<85><[U:1:900000011]><Blue>" triggered "shot_fired" (weapon "quake_rl")
L 04/28/2026 - 05:59:26: "AirshotKing<86><[U:1:900000013]><Red>" triggered "shot_fired" (weapon "quake_rl")
L 04/28/2026 - 05:59:27: "AirshotKing<86><[U:1:900000013]><Red>" triggered "shot_hit" (weapon "quake_rl")
L 04/28/2026 - 05:59:27: "AirshotKing<86><[U:1:900000013]><Red>" triggered "damage" against "SoldierBoy<85><[U:1:900000011]><Blue>" (damage "79") (weapon "quake_rl")
L 04/28/2026 - 05:59:27: "SoldierBoy<85><[U:1:900000011]><Blue>" triggered "shot_fired" (weapon "quake_rl")
L 04/28/2026 - 05:59:27: "SoldierBoy<85><[U:1:900000011]><Blue>" triggered "shot_hit" (weapon "quake_rl")
L 04/28/2026 - 05:59:27: "SoldierBoy<85><[U:1:900000011]><Blue>" triggered "damage" against "AirshotKing<86><[U:1:900000013]><Red>" (damage "69") (realdamage "63") (weapon "quake_rl")
L 04/28/2026 - 05:59:27: "SoldierBoy<85><[U:1:900000011]><Blue>" killed "AirshotKing<86><[U:1:900000013]><Red>" with "quake_rl" (attacker_position "-8877 11837 10767") (victim_position "-8605 11591 10668")
L 04/28/2026 - 05:59:27: "AirshotKing<86><[U:1:900000013]><Red>" spawned as "soldier"
L 04/28/2026 - 05:59:29: "AirshotKing<86><[U:1:900000013]><Red>" triggered "shot_hit" (weapon "quake_rl")
L 04/28/2026 - 05:59:29: "AirshotKing<86><[U:1:900000013]><Red>" triggered "damage" against "SoldierBoy<85><[U:1:900000011]><Blue>" (damage "112") (weapon "quake_rl") (airshot "1") (height "312")
L 04/28/2026 - 05:59:29: "AirshotKing<86><[U:1:900000013]><Red>" triggered "shot_fired" (weapon "quake_rl")
L 04/28/2026 - 05:59:29: "SoldierBoy<85><[U:1:900000011]><Blue>" triggered "shot_fired" (weapon "quake_rl")
L 04/28/2026 - 05:59:30: "AirshotKing<86><[U:1:900000013]><Red>" triggered "shot_fired" (weapon "quake_rl")
L 04/28/2026 - 05:59:30: "SoldierBoy<85><[U:1:900000011]><Blue>" triggered "shot_fired" (weapon "quake_rl")
L 04/28/2026 - 05:59:31: "AirshotKing<86><[U:1:900000013]><Red>" triggered "shot_fired" (weapon "quake_rl")
L 04/28/2026 - 05:59:31: "SoldierBoy<85><[U:1:900000011]><Blue>" triggered "shot_hit" (weapon "quake_rl")
L 04/28/2026 - 05:59:31: "SoldierBoy<85><[U:1:900000011]><Blue>" triggered "damage" against "AirshotKing<86><[U:1:900000013]><Red>" (damage "44") (weapon "quake_rl")
L 04/28/2026 - 05:59:31: "SoldierBoy<85><[U:1:900000011]><Blue>" triggered "shot_fired" (weapon "quake_rl")
L 04/28/2026 - 05:59:31: "AirshotKing<86><[U:1:900000013]><Red>" triggered "shot_fired" (weapon "shotgun_soldier")
L 04/28/2026 - 05:59:32: "SoldierBoy<85><[U:1:900000011]><Blue>" triggered "shot_hit" (weapon "quake_rl")
L 04/28/2026 - 05:59:32: "SoldierBoy<85><[U:1:900000011]><Blue>" triggered "damage" against "AirshotKing<86><[U:1:900000013]><Red>" (damage "35") (weapon "quake_rl")
L 04/28/2026 - 05:59:32: "SoldierBoy<85><[U:1:900000011]><Blue>" triggered "shot_fired" (weapon "shotgun_soldier")
L 04/28/2026 - 05:59:32: "SoldierBoy<85><[U:1:900000011]><Blue>" triggered "shot_hit" (weapon "shotgun_soldier")
L 04/28/2026 - 05:59:32: "SoldierBoy<85><[U:1:900000011]><Blue>" triggered "damage" against "AirshotKing<86><[U:1:900000013]><Red>" (damage "19") (weapon "shotgun_soldier")
L 04/28/2026 - 05:59:35: "AirshotKing<86><[U:1:900000013]><Red>" triggered "shot_fired" (weapon "quake_rl")
L 04/28/2026 - 05:59:36: "AirshotKing<86><[U:1:900000013]><Red>" triggered "shot_fired" (weapon "shotgun_soldier")
L 04/28/2026 - 05:59:36: "AirshotKing<86><[U:1:900000013]><Red>" triggered "shot_hit" (weapon "shotgun_soldier")
L 04/28/2026 - 05:59:36: "AirshotKing<86><[U:1:900000013]><Red>" triggered "damage" against "SoldierBoy<85><[U:1:900000011]><Blue>" (damage "18") (weapon "shotgun_soldier")
L 04/28/2026 - 05:59:36: "SoldierBoy<85><[U:1:900000011]><Blue>" triggered "shot_fired" (weapon "quake_rl")
L 04/28/2026 - 05:59:36: "SoldierBoy<85><[U:1:900000011]><Blue>" triggered "shot_fired" (weapon "shotgun_soldier")
L 04/28/2026 - 05:59:36: "SoldierBoy<85><[U:1:900000011]><Blue>" triggered "shot_hit" (weapon "shotgun_soldier")
L 04/28/2026 - 05:59:36: "SoldierBoy<85><[U:1:900000011]><Blue>" triggered "damage" against "AirshotKing<86><[U:1:900000013]><Red>" (damage "51") (realdamage "25") (weapon "shotgun_soldier")
L 04/28/2026 - 05:59:36: "SoldierBoy<85><[U:1:900000011]><Blue>" killed "AirshotKing<86><[U:1:900000013]><Red>" with "shotgun_soldier" (attacker_position "-8753 12262 10592") (victim_position "-8664 11953 10744")
L 04/28/2026 - 05:59:36: "SoldierBoy<85><[U:1:900000011]><Blue>" triggered "domination" against "AirshotKing<86><[U:1:900000013]><Red>"
L 04/28/2026 - 05:59:36: "AirshotKing<86><[U:1:900000013]><Red>" spawned as "soldier"
L 04/28/2026 - 05:59:38: "SoldierBoy<85><[U:1:900000011]><Blue>" triggered "shot_fired" (weapon "quake_rl")
L 04/28/2026 - 05:59:38: "AirshotKing<86><[U:1:900000013]><Red>" triggered "shot_fired" (weapon "quake_rl")
L 04/28/2026 - 05:59:39: "SoldierBoy<85><[U:1:900000011]><Blue>" triggered "shot_fired" (weapon "quake_rl")
L 04/28/2026 - 05:59:39: "AirshotKing<86><[U:1:900000013]><Red>" triggered "shot_fired" (weapon "quake_rl")
L 04/28/2026 - 05:59:39: "SoldierBoy<85><[U:1:900000011]><Blue>" triggered "shot_hit" (weapon "quake_rl")
L 04/28/2026 - 05:59:39: "SoldierBoy<85><[U:1:900000011]><Blue>" triggered "damage" against "AirshotKing<86><[U:1:900000013]><Red>" (damage "58") (weapon "quake_rl")
L 04/28/2026 - 05:59:39: "AirshotKing<86><[U:1:900000013]><Red>" triggered "shot_hit" (weapon "quake_rl")
L 04/28/2026 - 05:59:39: "AirshotKing<86><[U:1:900000013]><Red>" triggered "damage" against "SoldierBoy<85><[U:1:900000011]><Blue>" (damage "52") (weapon "quake_rl")
L 04/28/2026 - 05:59:42: "AirshotKing<86><[U:1:900000013]><Red>" triggered "shot_hit" (weapon "quake_rl")
L 04/28/2026 - 05:59:42: "AirshotKing<86><[U:1:900000013]><Red>" triggered "damage" against "SoldierBoy<85><[U:1:900000011]><Blue>" (damage "106") (weapon "quake_rl")
L 04/28/2026 - 05:59:43: "AirshotKing<86><[U:1:900000013]><Red>" triggered "shot_fired" (weapon "quake_rl")
L 04/28/2026 - 05:59:43: "SoldierBoy<85><[U:1:900000011]><Blue>" triggered "shot_fired" (weapon "quake_rl")
L 04/28/2026 - 05:59:43: "AirshotKing<86><[U:1:900000013]><Red>" triggered "shot_fired" (weapon "quake_rl")
L 04/28/2026 - 05:59:43: "SoldierBoy<85><[U:1:900000011]><Blue>" triggered "shot_hit" (weapon "quake_rl")
L 04/28/2026 - 05:59:43: "SoldierBoy<85><[U:1:900000011]><Blue>" triggered "damage" against "AirshotKing<86><[U:1:900000013]><Red>" (damage "44") (weapon "quake_rl")
L 04/28/2026 - 05:59:44: "AirshotKing<86><[U:1:900000013]><Red>" triggered "shot_hit" (weapon "quake_rl")
L 04/28/2026 - 05:59:44: "AirshotKing<86><[U:1:900000013]><Red>" triggered "damage" against "SoldierBoy<85><[U:1:900000011]><Blue>" (damage "87") (realdamage "81") (weapon "quake_rl")
L 04/28/2026 - 05:59:44: "AirshotKing<86><[U:1:900000013]><Red>" killed "SoldierBoy<85><[U:1:900000011]><Blue>" with "quake_rl" (attacker_position "-8432 11640 10621") (victim_position "-8809 11992 10784")
L 04/28/2026 - 05:59:44: "AirshotKing<86><[U:1:900000013]><Red>" triggered "revenge" against "SoldierBoy<85><[U:1:900000011]><Blue>"
L 04/28/2026 - 05:59:44: "SoldierBoy<85><[U:1:900000011]><Blue>" spawned as "soldier"
L 04/28/2026 - 05:59:45: "AirshotKing<86><[U:1:900000013]><Red>" triggered "shot_fired" (weapon "quake_rl")
L 04/28/2026 - 05:59:46: "SoldierBoy<85><[U:1:900000011]><Blue>" triggered "shot_fired" (weapon "quake_rl")
L 04/28/2026 - 05:59:46: "SoldierBoy<85><[U:1:900000011]><Blue>" triggered "shot_hit" (weapon "quake_rl")
L 04/28/2026 - 05:59:46: "SoldierBoy<85><[U:1:900000011]><Blue>" triggered "damage" against "AirshotKing<86><[U:1:900000013]><Red>" (damage "111") (weapon "quake_rl")
L 04/28/2026 - 05:59:46: "AirshotKing<86><[U:1:900000013]><Red>" triggered "shot_fired" (weapon "quake_rl")
L 04/28/2026 - 05:59:47: "SoldierBoy<85><[U:1:900000011]><Blue>" triggered "shot_fired" (weapon "quake_rl")
L 04/28/2026 - 05:59:47: "SoldierBoy<85><[U:1:900000011]><Blue>" triggered "shot_fired" (weapon "shotgun_soldier")
L 04/28/2026 - 05:59:47: "SoldierBoy<85><[U:1:900000011]><Blue>" triggered "shot_hit" (weapon "shotgun_soldier")
L 04/28/2026 - 05:59:47: "SoldierBoy<85><[U:1:900000011]><Blue>" triggered "damage" against "AirshotKing<86><[U:1:900000013]><Red>" (damage "85") (weapon "shotgun_soldier")
L 04/28/2026 - 05:59:47: "AirshotKing<86><[U:1:900000013]><Red>" triggered "shot_fired" (weapon "quake_rl")
L 04/28/2026 - 05:59:48: "SoldierBoy<85><[U:1:900000011]><Blue>" triggered "shot_hit" (weapon "quake_rl")
L 04/28/2026 - 05:59:48: "SoldierBoy<85><[U:1:900000011]><Blue>" triggered "damage" against "AirshotKing<86><[U:1:900000013]><Red>" (damage "110") (realdamage "85") (weapon "quake_rl")
L 04/28/2026 - 05:59:48: "SoldierBoy<85><[U:1:900000011]><Blue>" killed "AirshotKing<86><[U:1:900000013]><Red>" with "quake_rl" (attacker_position "-8685 11537 10801") (victim_position "-8666 11516 10655")
L 04/28/2026 - 05:59:48: "SoldierBoy<85><[U:1:900000011]><Blue>" triggered "shot_fired" (weapon "quake_rl")
L 04/28/2026 - 05:59:48: "AirshotKing<86><[U:1:900000013]><Red>" spawned as "soldier"
L 04/28/2026 - 05:59:50: "SoldierBoy<85><[U:1:900000011]><Blue>" triggered "shot_fired" (weapon "quake_rl")
L 04/28/2026 - 05:59:50: "AirshotKing<86><[U:1:900000013]><Red>" triggered "shot_fired" (weapon "quake_rl")
L 04/28/2026 - 05:59:51: "AirshotKing<86><[U:1:900000013]><Red>" triggered "shot_fired" (weapon "quake_rl")
L 04/28/2026 - 05:59:51: "AirshotKing<86><[U:1:900000013]><Red>" triggered "shot_hit" (weapon "quake_rl")
L 04/28/2026 - 05:59:51: "AirshotKing<86><[U:1:900000013]><Red>" triggered "damage" against "SoldierBoy<85><[U:1:900000011]><Blue>" (damage "60") (weapon "quake_rl")
L 04/28/2026 - 05:59:51: "SoldierBoy<85><[U:1:900000011]><Blue>" triggered "shot_hit" (weapon "quake_rl")
L 04/28/2026 - 05:59:51: "SoldierBoy<85><[U:1:900000011]><Blue>" triggered "damage" against "AirshotKing<86><[U:1:900000013]><Red>" (damage "83") (weapon "quake_rl")
L 04/28/2026 - 05:59:51: "SoldierBoy<85><[U:1:900000011]><Blue>" triggered "shot_fired" (weapon "quake_rl")
L 04/28/2026 - 05:59:52: "AirshotKing<86><[U:1:900000013]><Red>" triggered "shot_fired" (weapon "quake_rl")
L 04/28/2026 - 05:59:52: "SoldierBoy<85><[U:1:900000011]><Blue>" triggered "shot_fired" (weapon "quake_rl")
L 04/28/2026 - 05:59:53: "AirshotKing<86><[U:1:900000013]><Red>" triggered "shot_fired" (weapon "shotgun_soldier")
L 04/28/2026 - 05:59:53: "AirshotKing<86><[U:1:900000013]><Red>" triggered "shot_hit" (weapon "shotgun_soldier")
L 04/28/2026 - 05:59:53: "AirshotKing<86><[U:1:900000013]><Red>" triggered "damage" against "SoldierBoy<85><[U:1:900000011]><Blue>" (damage "69") (weapon "shotgun_soldier")
L 04/28/2026 - 05:59:53: "SoldierBoy<85><[U:1:900000011]><Blue>" triggered "shot_fired" (weapon "quake_rl")
L 04/28/2026 - 05:59:53: "SoldierBoy<85><[U:1:900000011]><Blue>" triggered "shot_hit" (weapon "quake_rl")
L 04/28/2026 - 05:59:53: "SoldierBoy<85><[U:1:900000011]><Blue>" triggered "damage" against "AirshotKing<86><[U:1:900000013]><Red>" (damage "64") (weapon "quake_rl")
L 04/28/2026 - 05:59:53: "AirshotKing<86><[U:1:900000013]><Red>" triggered "shot_fired" (weapon "shotgun_soldier")
L 04/28/2026 - 05:59:53: "AirshotKing<86><[U:1:900000013]><Red>" triggered "shot_hit" (weapon "shotgun_soldier")
L 04/28/2026 - 05:59:53: "AirshotKing<86><[U:1:900000013]><Red>" triggered "damage" against "SoldierBoy<85><[U:1:900000011]><Blue>" (damage "27") (weapon "shotgun_soldier")
L 04/28/2026 - 05:59:54: "SoldierBoy<85><[U:1:900000011]><Blue>" triggered "shot_fired" (weapon "shotgun_soldier")
L 04/28/2026 - 05:59:54: "SoldierBoy<85><[U:1:900000011]><Blue>" triggered "shot_hit" (weapon "shotgun_soldier")
L 04/28/2026 - 05:59:54: "SoldierBoy<85><[U:1:900000011]><Blue>" triggered "damage" against "AirshotKing<86><[U:1:900000013]><Red>" (damage "65") (realdamage "35") (weapon "shotgun_soldier")
L 04/28/2026 - 05:59:54: "SoldierBoy<85><[U:1:900000011]><Blue>" killed "AirshotKing<86><[U:1:900000013]><Red>" with "shotgun_soldier" (attacker_position "-8681 11843 10736") (victim_position "-8456 11633 10946")
L 04/28/2026 - 05:59:54: "AirshotKing<86><[U:1:900000013]><Red>" spawned as "soldier"
L 04/28/2026 - 05:59:56: "SoldierBoy<85><[U:1:900000011]><Blue>" triggered "shot_hit" (weapon "quake_rl")
L 04/28/2026 - 05:59:56: "SoldierBoy<85><[U:1:900000011]><Blue>" triggered "damage" against "AirshotKing<86><[U:1:900000013]><Red>" (damage "109") (weapon "quake_rl")
L 04/28/2026 - 05:59:56: "SoldierBoy<85><[U:1:900000011]><Blue>" triggered "shot_fired" (weapon "quake_rl")
L 04/28/2026 - 05:59:56: "AirshotKing<86><[U:1:900000013]><Red>" triggered "shot_fired" (weapon "quake_rl")
L 04/28/2026 - 05:59:56: "AirshotKing<86><[U:1:900000013]><Red>" triggered "shot_hit" (weapon "quake_rl")
L 04/28/2026 - 05:59:56: "AirshotKing<86><[U:1:900000013]><Red>" triggered "damage" against "SoldierBoy<85><[U:1:900000011]><Blue>" (damage "77") (weapon "quake_rl")
L 04/28/2026 - 05:59:57: "SoldierBoy<85><[U:1:900000011]><Blue>" triggered "shot_fired" (weapon "quake_rl")
L 04/28/2026 - 05:59:57: "AirshotKing<86><[U:1:900000013]><Red>" triggered "shot_fired" (weapon "quake_rl")
L 04/28/2026 - 05:59:57: "SoldierBoy<85><[U:1:900000011]><Blue>" triggered "shot_hit" (weapon "quake_rl")
L 04/28/2026 - 05:59:57: "SoldierBoy<85><[U:1:900000011]><Blue>" triggered "damage" against "AirshotKing<86><[U:1:900000013]><Red>" (damage "60") (weapon "quake_rl")
L 04/28/2026 - 05:59:58: "AirshotKing<86><[U:1:900000013]><Red>" triggered "shot_hit" (weapon "quake_rl")
L 04/28/2026 - 05:59:58: "AirshotKing<86><[U:1:900000013]><Red>" triggered "damage" against "SoldierBoy<85><[U:1:900000011]><Blue>" (damage "44") (weapon "quake_rl")
L 04/28/2026 - 05:59:58: "SoldierBoy<85><[U:1:900000011]><Blue>" triggered "shot_fired" (weapon "quake_rl")
L 04/28/2026 - 05:59:58: "AirshotKing<86><[U:1:900000013]><Red>" triggered "shot_fired" (weapon "quake_rl")
L 04/28/2026 - 05:59:59: "SoldierBoy<85><[U:1:900000011]><Blue>" triggered "shot_fired" (weapon "shotgun_soldier")
L 04/28/2026 - 05:59:59: "SoldierBoy<85><[U:1:900000011]><Blue>" triggered "shot_hit" (weapon "shotgun_soldier")
L 04/28/2026 - 05:59:59: "SoldierBoy<85><[U:1:900000011]><Blue>" triggered "damage" against "AirshotKing<86><[U:1:900000013]><Red>" (damage "8") (weapon "shotgun_soldier")
L 04/28/2026 - 05:59:59: "AirshotKing<86><[U:1:900000013]><Red>" triggered "shot_fired" (weapon "shotgun_soldier")
L 04/28/2026 - 05:59:59: "AirshotKing<86><[U:1:900000013]><Red>" triggered "shot_hit" (weapon "shotgun_soldier")
L 04/28/2026 - 05:59:59: "AirshotKing<86><[U:1:900000013]><Red>" triggered "damage" against "SoldierBoy<85><[U:1:900000011]><Blue>" (damage "23") (weapon "shotgun_soldier")
L 04/28/2026 - 05:59:59: "AirshotKing<86><[U:1:900000013]><Red>" triggered "shot_hit" (weapon "quake_rl")
L 04/28/2026 - 05:59:59: "AirshotKing<86><[U:1:900000013]><Red>" triggered "damage" against "SoldierBoy<85><[U:1:900000011]><Blue>" (damage "36") (weapon "quake_rl")
L 04/28/2026 - 05:59:59: "SoldierBoy<85><[U:1:900000011]><Blue>" triggered "shot_fired" (weapon "shotgun_soldier")
L 04/28/2026 - 05:59:59: "SoldierBoy<85><[U:1:900000011]><Blue>" triggered "shot_hit" (weapon "shotgun_soldier")
L 04/28/2026 - 05:59:59: "SoldierBoy<85><[U:1:900000011]><Blue>" triggered "damage" against "AirshotKing<86><[U:1:900000013]><Red>" (damage "24") (weapon "shotgun_soldier")
L 04/28/2026 - 05:59:59: "AirshotKing<86><[U:1:900000013]><Red>" triggered "shot_fired" (weapon "shotgun_soldier")
L 04/28/2026 - 05:59:59: "AirshotKing<86><[U:1:900000013]><Red>" triggered "shot_hit" (weapon "shotgun_soldier")
L 04/28/2026 - 05:59:59: "AirshotKing<86><[U:1:900000013]><Red>" triggered "damage" against "SoldierBoy<85><[U:1:900000011]><Blue>" (damage "19") (weapon "shotgun_soldier")
L 04/28/2026 - 06:00:00: "SoldierBoy<85><[U:1:900000011]><Blue>" triggered "shot_fired" (weapon "shotgun_soldier")
L 04/28/2026 - 06:00:00: "SoldierBoy<85><[U:1:900000011]><Blue>" triggered "shot_hit" (weapon "shotgun_soldier")
L 04/28/2026 - 06:00:00: "SoldierBoy<85><[U:1:900000011]><Blue>" triggered "damage" against "AirshotKing<86><[U:1:900000013]><Red>" (damage "37") (realdamage "11") (weapon "shotgun_soldier")
L 04/28/2026 - 06:00:00: "SoldierBoy<85><[U:1:900000011]><Blue>" killed "AirshotKing<86><[U:1:900000013]><Red>" with "shotgun_soldier" (attacker_position "-9034 11413 10378") (victim_position "-9189 11885 10344")
L 04/28/2026 - 06:00:00: "AirshotKing<86><[U:1:900000013]><Red>" spawned as "soldier"
L 04/28/2026 - 06:00:02: "AirshotKing<86><[U:1:900000013]><Red>" triggered "shot_fired" (weapon "quake_rl")
L 04/28/2026 - 06:00:02: "AirshotKing<86><[U:1:900000013]><Red>" triggered "shot_hit" (weapon "quake_rl")
L 04/28/2026 - 06:00:02: "AirshotKing<86><[U:1:900000013]><Red>" triggered "damage" against "SoldierBoy<85><[U:1:900000011]><Blue>" (damage "107") (weapon "quake_rl") (airshot "1") (height "602")
L 04/28/2026 - 06:00:02: "SoldierBoy<85><[U:1:900000011]><Blue>" triggered "shot_fired" (weapon "quake_rl")
L 04/28/2026 - 06:00:03: "AirshotKing<86><[U:1:900000013]><Red>" triggered "shot_hit" (weapon "quake_rl")
L 04/28/2026 - 06:00:03: "AirshotKing<86><[U:1:900000013]><Red>" triggered "damage" against "SoldierBoy<85><[U:1:900000011]><Blue>" (damage "110") (realdamage "108") (weapon "quake_rl")
L 04/28/2026 - 06:00:03: "AirshotKing<86><[U:1:900000013]><Red>" killed "SoldierBoy<85><[U:1:900000011]><Blue>" with "quake_rl" (attacker_position "-8911 11868 10828") (victim_position "-8793 11809 10740")
L 04/28/2026 - 06:00:03: "AirshotKing<86><[U:1:900000013]><Red>" triggered "shot_fired" (weapon "quake_rl")
L 04/28/2026 - 06:00:03: "SoldierBoy<85><[U:1:900000011]><Blue>" spawned as "soldier"
L 04/28/2026 - 06:00:04: "AirshotKing<86><[U:1:900000013]><Red>" triggered "shot_fired" (weapon "quake_rl")
L 04/28/2026 - 06:00:05: "SoldierBoy<85><[U:1:900000011]><Blue>" triggered "shot_fired" (weapon "quake_rl")
L 04/28/2026 - 06:00:05: "SoldierBoy<85><[U:1:900000011]><Blue>" triggered "shot_hit" (weapon "quake_rl")
L 04/28/2026 - 06:00:05: "SoldierBoy<85><[U:1:900000011]><Blue>" triggered "damage" against "AirshotKing<86><[U:1:900000013]><Red>" (damage "52") (weapon "quake_rl")
L 04/28/2026 - 06:00:05: "AirshotKing<86><[U:1:900000013]><Red>" triggered "shot_fired" (weapon "quake_rl")
L 04/28/2026 - 06:00:06: "SoldierBoy<85><[U:1:900000011]><Blue>" triggered "shot_hit" (weapon "quake_rl")
L 04/28/2026 - 06:00:06: "SoldierBoy<85><[U:1:900000011]><Blue>" triggered "damage" against "AirshotKing<86><[U:1:900000013]><Red>" (damage "111") (weapon "quake_rl") (airshot "1") (height "217")
L 04/28/2026 - 06:00:06: "SoldierBoy<85><[U:1:900000011]><Blue>" triggered "shot_fired" (weapon "quake_rl")
L 04/28/2026 - 06:00:07: "SoldierBoy<85><[U:1:900000011]><Blue>" triggered "shot_fired" (weapon "quake_rl")
L 04/28/2026 - 06:00:07: "AirshotKing<86><[U:1:900000013]><Red>" triggered "shot_fired" (weapon "quake_rl")
L 04/28/2026 - 06:00:08: "AirshotKing<86><[U:1:900000013]><Red>" triggered "shot_fired" (weapon "shotgun_soldier")
L 04/28/2026 - 06:00:08: "AirshotKing<86><[U:1:900000013]><Red>" triggered "shot_hit" (weapon "shotgun_soldier")
L 04/28/2026 - 06:00:08: "AirshotKing<86><[U:1:900000013]><Red>" triggered "damage" against "SoldierBoy<85><[U:1:900000011]><Blue>" (damage "17") (weapon "shotgun_soldier")
L 04/28/2026 - 06:00:08: "SoldierBoy<85><[U:1:900000011]><Blue>" triggered "shot_fired" (weapon "shotgun_soldier")
L 04/28/2026 - 06:00:08: "SoldierBoy<85><[U:1:900000011]><Blue>" triggered "shot_hit" (weapon "shotgun_soldier")
L 04/28/2026 - 06:00:08: "SoldierBoy<85><[U:1:900000011]><Blue>" triggered "damage" against "AirshotKing<86><[U:1:900000013]><Red>" (damage "68") (realdamage "1") (weapon "shotgun_soldier")
L 04/28/2026 - 06:00:08: "SoldierBoy<85><[U:1:900000011]><Blue>" killed "AirshotKing<86><[U:1:900000013]><Red>" with "shotgun_soldier" (attacker_position "-8367 11671 10591") (victim_position "-8499 11646 10698")
L 04/28/2026 - 06:00:09: "AirshotKing<86><[U:1:900000013]><Red>" spawned as "soldier"
L 04/28/2026 - 06:00:11: "AirshotKing<86><[U:1:900000013]><Red>" triggered "shot_fired" (weapon "quake_rl")
L 04/28/2026 - 06:00:11: "SoldierBoy<85><[U:1:900000011]><Blue>" triggered "shot_fired" (weapon "quake_rl")
L 04/28/2026 - 06:00:11: "AirshotKing<86><[U:1:900000013]><Red>" triggered "shot_hit" (weapon "quake_rl")
L 04/28/2026 - 06:00:11: "AirshotKing<86><[U:1:900000013]><Red>" triggered "damage" against "SoldierBoy<85><[U:1:900000011]><Blue>" (damage "74") (weapon "quake_rl")
L 04/28/2026 - 06:00:11: "SoldierBoy<85><[U:1:900000011]><Blue>" triggered "shot_hit" (weapon "quake_rl")
L 04/28/2026 - 06:00:11: "SoldierBoy<85><[U:1:900000011]><Blue>" triggered "damage" against "AirshotKing<86><[U:1:900000013]><Red>" (damage "98") (weapon "quake_rl") (airshot "1") (height "293")
L 04/28/2026 - 06:00:12: "AirshotKing<86><[U:1:900000013]><Red>" triggered "shot_fired" (weapon "quake_rl")
L 04/28/2026 - 06:00:14: "AirshotKing<86><[U:1:900000013]><Red>" picked up item "tf_ammo_pack"
L 04/28/2026 - 06:00:15: "SoldierBoy<85><[U:1:900000011]><Blue>" triggered "shot_fired" (weapon "quake_rl")
L 04/28/2026 - 06:00:16: "AirshotKing<86><[U:1:900000013]><Red>" triggered "shot_fired" (weapon "quake_rl")
L 04/28/2026 - 06:00:16: "AirshotKing<86><[U:1:900000013]><Red>" triggered "shot_fired" (weapon "quake_rl")
L 04/28/2026 - 06:00:17: "SoldierBoy<85><[U:1:900000011]><Blue>" triggered "shot_fired" (weapon "quake_rl")
L 04/28/2026 - 06:00:17: "AirshotKing<86><[U:1:900000013]><Red>" triggered "shot_hit" (weapon "quake_rl")
L 04/28/2026 - 06:00:17: "AirshotKing<86><[U:1:900000013]><Red>" triggered "damage" against "SoldierBoy<85><[U:1:900000011]><Blue>" (damage "52") (weapon "quake_rl")
L 04/28/2026 - 06:00:17: "AirshotKing<86><[U:1:900000013]><Red>" triggered "shot_fired" (weapon "shotgun_soldier")
L 04/28/2026 - 06:00:17: "AirshotKing<86><[U:1:900000013]><Red>" triggered "shot_hit" (weapon "shotgun_soldier")
L 04/28/2026 - 06:00:17: "AirshotKing<86><[U:1:900000013]><Red>" triggered "damage" against "SoldierBoy<85><[U:1:900000011]><Blue>" (damage "40") (weapon "shotgun_soldier")
L 04/28/2026 - 06:00:17: "SoldierBoy<85><[U:1:900000011]><Blue>" triggered "shot_fired" (weapon "shotgun_soldier")
L 04/28/2026 - 06:00:17: "SoldierBoy<85><[U:1:900000011]><Blue>" triggered "shot_hit" (weapon "shotgun_soldier")
L 04/28/2026 - 06:00:17: "SoldierBoy<85><[U:1:900000011]><Blue>" triggered "damage" against "AirshotKing<86><[U:1:900000013]><Red>" (damage "83") (realdamage "60") (weapon "shotgun_soldier")
L 04/28/2026 - 06:00:17: "SoldierBoy<85><[U:1:900000011]><Blue>" killed "AirshotKing<86><[U:1:900000013]><Red>" with "shotgun_soldier" (attacker_position "-8797 11866 10736") (victim_position "-8855 11753 10921")
L 04/28/2026 - 06:00:17: "AirshotKing<86><[U:1:900000013]><Red>" spawned as "soldier"
L 04/28/2026 - 06:00:19: "SoldierBoy<85><[U:1:900000011]><Blue>" triggered "shot_fired" (weapon "quake_rl")
L 04/28/2026 - 06:00:19: "AirshotKing<86><[U:1:900000013]><Red>" triggered "shot_fired" (weapon "quake_rl")
L 04/28/2026 - 06:00:20: "AirshotKing<86><[U:1:900000013]><Red>" triggered "shot_fired" (weapon "quake_rl")
L 04/28/2026 - 06:00:20: "SoldierBoy<85><[U:1:900000011]><Blue>" triggered "shot_hit" (weapon "quake_rl")
L 04/28/2026 - 06:00:20: "SoldierBoy<85><[U:1:900000011]><Blue>" triggered "damage" against "AirshotKing<86><[U:1:900000013]><Red>" (damage "89") (weapon "quake_rl")
L 04/28/2026 - 06:00:20: "SoldierBoy<85><[U:1:900000011]><Blue>" triggered "shot_fired" (weapon "quake_rl")
L 04/28/2026 - 06:00:21: "AirshotKing<86><[U:1:900000013]><Red>" triggered "shot_hit" (weapon "quake_rl")
L 04/28/2026 - 06:00:21: "AirshotKing<86><[U:1:900000013]><Red>" triggered "damage" against "SoldierBoy<85><[U:1:900000011]><Blue>" (damage "88") (weapon "quake_rl")
L 04/28/2026 - 06:00:21: "AirshotKing<86><[U:1:900000013]><Red>" triggered "shot_fired" (weapon "quake_rl")
L 04/28/2026 - 06:00:21: "SoldierBoy<85><[U:1:900000011]><Blue>" triggered "shot_fired" (weapon "quake_rl")
L 04/28/2026 - 06:00:21: "AirshotKing<86><[U:1:900000013]><Red>" triggered "shot_fired" (weapon "shotgun_soldier")
L 04/28/2026 - 06:00:21: "SoldierBoy<85><[U:1:900000011]><Blue>" triggered "shot_fired" (weapon "shotgun_soldier")
L 04/28/2026 - 06:00:21: "SoldierBoy<85><[U:1:900000011]><Blue>" triggered "shot_hit" (weapon "shotgun_soldier")
L 04/28/2026 - 06:00:21: "SoldierBoy<85><[U:1:900000011]><Blue>" triggered "damage" against "AirshotKing<86><[U:1:900000013]><Red>" (damage "38") (weapon "shotgun_soldier")
L 04/28/2026 - 06:00:22: "AirshotKing<86><[U:1:900000013]><Red>" triggered "shot_fired" (weapon "shotgun_soldier")
L 04/28/2026 - 06:00:22: "AirshotKing<86><[U:1:900000013]><Red>" triggered "shot_hit" (weapon "shotgun_soldier")
L 04/28/2026 - 06:00:22: "AirshotKing<86><[U:1:900000013]><Red>" triggered "damage" against "SoldierBoy<85><[U:1:900000011]><Blue>" (damage "11") (weapon "shotgun_soldier")
L 04/28/2026 - 06:00:22: "SoldierBoy<85><[U:1:900000011]><Blue>" triggered "shot_fired" (weapon "quake_rl")
L 04/28/2026 - 06:00:26: "AirshotKing<86><[U:1:900000013]><Red>" triggered "shot_fired" (weapon "quake_rl")
L 04/28/2026 - 06:00:26: "SoldierBoy<85><[U:1:900000011]><Blue>" triggered "shot_fired" (weapon "quake_rl")
L 04/28/2026 - 06:00:26: "SoldierBoy<85><[U:1:900000011]><Blue>" triggered "shot_hit" (weapon "quake_rl")
L 04/28/2026 - 06:00:26: "SoldierBoy<85><[U:1:900000011]><Blue>" triggered "damage" against "AirshotKing<86><[U:1:900000013]><Red>" (damage "52") (weapon "quake_rl")
L 04/28/2026 - 06:00:27: "SoldierBoy<85><[U:1:900000011]><Blue>" triggered "shot_fired" (weapon "shotgun_soldier")
L 04/28/2026 - 06:00:27: "SoldierBoy<85><[U:1:900000011]><Blue>" triggered "shot_hit" (weapon "shotgun_soldier")
L 04/28/2026 - 06:00:27: "SoldierBoy<85><[U:1:900000011]><Blue>" triggered "damage" against "AirshotKing<86><[U:1:900000013]><Red>" (damage "24") (realdamage "6") (weapon "shotgun_soldier")
L 04/28/2026 - 06:00:27: "SoldierBoy<85><[U:1:900000011]><Blue>" killed "AirshotKing<86><[U:1:900000013]><Red>" with "shotgun_soldier" (attacker_position "-8657 11770 10860") (victim_position "-8462 11669 10700")
L 04/28/2026 - 06:00:27: "AirshotKing<86><[U:1:900000013]><Red>" spawned as "soldier"
L 04/28/2026 - 06:00:29: "AirshotKing<86><[U:1:900000013]><Red>" triggered "shot_fired" (weapon "quake_rl")
L 04/28/2026 - 06:00:29: "SoldierBoy<85><[U:1:900000011]><Blue>" triggered "shot_fired" (weapon "quake_rl")
L 04/28/2026 - 06:00:29: "AirshotKing<86><[U:1:900000013]><Red>" triggered "shot_hit" (weapon "quake_rl")
L 04/28/2026 - 06:00:29: "AirshotKing<86><[U:1:900000013]><Red>" triggered "damage" against "SoldierBoy<85><[U:1:900000011]><Blue>" (damage "48") (weapon "quake_rl")
L 04/28/2026 - 06:00:29: "SoldierBoy<85><[U:1:900000011]><Blue>" triggered "shot_hit" (weapon "quake_rl")
L 04/28/2026 - 06:00:29: "SoldierBoy<85><[U:1:900000011]><Blue>" triggered "damage" against "AirshotKing<86><[U:1:900000013]><Red>" (damage "92") (weapon "quake_rl")
L 04/28/2026 - 06:00:30: "AirshotKing<86><[U:1:900000013]><Red>" triggered "shot_fired" (weapon "quake_rl")
L 04/28/2026 - 06:00:30: "AirshotKing<86><[U:1:900000013]><Red>" triggered "shot_hit" (weapon "quake_rl")
L 04/28/2026 - 06:00:30: "AirshotKing<86><[U:1:900000013]><Red>" triggered "damage" against "SoldierBoy<85><[U:1:900000011]><Blue>" (damage "74") (weapon "quake_rl")
L 04/28/2026 - 06:00:30: "SoldierBoy<85><[U:1:900000011]><Blue>" triggered "shot_fired" (weapon "quake_rl")
L 04/28/2026 - 06:00:30: "SoldierBoy<85><[U:1:900000011]><Blue>" triggered "shot_hit" (weapon "quake_rl")
L 04/28/2026 - 06:00:30: "SoldierBoy<85><[U:1:900000011]><Blue>" triggered "damage" against "AirshotKing<86><[U:1:900000013]><Red>" (damage "62") (weapon "quake_rl")
L 04/28/2026 - 06:00:30: "SoldierBoy<85><[U:1:900000011]><Blue>" triggered "shot_fired" (weapon "shotgun_soldier")
L 04/28/2026 - 06:00:30: "SoldierBoy<85><[U:1:900000011]><Blue>" triggered "shot_hit" (weapon "shotgun_soldier")
L 04/28/2026 - 06:00:30: "SoldierBoy<85><[U:1:900000011]><Blue>" triggered "damage" against "AirshotKing<86><[U:1:900000013]><Red>" (damage "73") (realdamage "65") (weapon "shotgun_soldier")
L 04/28/2026 - 06:00:30: "SoldierBoy<85><[U:1:900000011]><Blue>" killed "AirshotKing<86><[U:1:900000013]><Red>" with "shotgun_soldier" (attacker_position "-8748 11755 11046") (victim_position "-8585 11868 10884")
L 04/28/2026 - 06:00:30: "SoldierBoy<85><[U:1:900000011]><Blue>" triggered "domination" against "AirshotKing<86><[U:1:900000013]><Red>"
L 04/28/2026 - 06:00:30: "AirshotKing<86><[U:1:900000013]><Red>" spawned as "soldier"
L 04/28/2026 - 06:00:32: "SoldierBoy<85><[U:1:900000011]><Blue>" triggered "shot_fired" (weapon "quake_rl")
L 04/28/2026 - 06:00:32: "AirshotKing<86><[U:1:900000013]><Red>" triggered "shot_fired" (weapon "quake_rl")
L 04/28/2026 - 06:00:33: "AirshotKing<86><[U:1:900000013]><Red>" triggered "shot_fired" (weapon "quake_rl")
L 04/28/2026 - 06:00:33: "AirshotKing<86><[U:1:900000013]><Red>" triggered "shot_hit" (weapon "quake_rl")
L 04/28/2026 - 06:00:33: "AirshotKing<86><[U:1:900000013]><Red>" triggered "damage" against "SoldierBoy<85><[U:1:900000011]><Blue>" (damage "52") (weapon "quake_rl")
L 04/28/2026 - 06:00:33: "SoldierBoy<85><[U:1:900000011]><Blue>" triggered "shot_fired" (weapon "quake_rl")
L 04/28/2026 - 06:00:34: "AirshotKing<86><[U:1:900000013]><Red>" triggered "shot_hit" (weapon "quake_rl")
L 04/28/2026 - 06:00:34: "AirshotKing<86><[U:1:900000013]><Red>" triggered "damage" against "SoldierBoy<85><[U:1:900000011]><Blue>" (damage "55") (weapon "quake_rl")
L 04/28/2026 - 06:00:34: "AirshotKing<86><[U:1:900000013]><Red>" triggered "shot_fired" (weapon "quake_rl")
L 04/28/2026 - 06:00:34: "SoldierBoy<85><[U:1:900000011]><Blue>" triggered "shot_fired" (weapon "quake_rl")
L 04/28/2026 - 06:00:34: "SoldierBoy<85><[U:1:900000011]><Blue>" triggered "shot_hit" (weapon "quake_rl")
L 04/28/2026 - 06:00:34: "SoldierBoy<85><[U:1:900000011]><Blue>" triggered "damage" against "AirshotKing<86><[U:1:900000013]><Red>" (damage "65") (weapon "quake_rl")
L 04/28/2026 - 06:00:35: "AirshotKing<86><[U:1:900000013]><Red>" triggered "shot_fired" (weapon "shotgun_soldier")
L 04/28/2026 - 06:00:35: "AirshotKing<86><[U:1:900000013]><Red>" triggered "shot_hit" (weapon "shotgun_soldier")
L 04/28/2026 - 06:00:35: "AirshotKing<86><[U:1:900000013]><Red>" triggered "damage" against "SoldierBoy<85><[U:1:900000011]><Blue>" (damage "45") (weapon "shotgun_soldier")
L 04/28/2026 - 06:00:35: "AirshotKing<86><[U:1:900000013]><Red>" triggered "shot_fired" (weapon "shotgun_soldier")
L 04/28/2026 - 06:00:35: "AirshotKing<86><[U:1:900000013]><Red>" triggered "shot_hit" (weapon "shotgun_soldier")
L 04/28/2026 - 06:00:35: "AirshotKing<86><[U:1:900000013]><Red>" triggered "damage" against "SoldierBoy<85><[U:1:900000011]><Blue>" (damage "57") (weapon "shotgun_soldier")
L 04/28/2026 - 06:00:35: "SoldierBoy<85><[U:1:900000011]><Blue>" triggered "shot_fired" (weapon "quake_rl")
L 04/28/2026 - 06:00:35: "SoldierBoy<85><[U:1:900000011]><Blue>" triggered "shot_hit" (weapon "quake_rl")
L 04/28/2026 - 06:00:35: "SoldierBoy<85><[U:1:900000011]><Blue>" triggered "damage" against "AirshotKing<86><[U:1:900000013]><Red>" (damage "87") (weapon "quake_rl")
L 04/28/2026 - 06:00:36: "SoldierBoy<85><[U:1:900000011]><Blue>" triggered "shot_fired" (weapon "shotgun_soldier")
L 04/28/2026 - 06:00:36: "AirshotKing<86><[U:1:900000013]><Red>" triggered "shot_fired" (weapon "shotgun_soldier")
L 04/28/2026 - 06:00:36: "AirshotKing<86><[U:1:900000013]><Red>" triggered "shot_hit" (weapon "shotgun_soldier")
L 04/28/2026 - 06:00:36: "AirshotKing<86><[U:1:900000013]><Red>" triggered "damage" against "SoldierBoy<85><[U:1:900000011]><Blue>" (damage "26") (weapon "shotgun_soldier")
L 04/28/2026 - 06:00:36: "SoldierBoy<85><[U:1:900000011]><Blue>" triggered "shot_fired" (weapon "shotgun_soldier")
L 04/28/2026 - 06:00:37: "AirshotKing<86><[U:1:900000013]><Red>" triggered "shot_fired" (weapon "shotgun_soldier")
L 04/28/2026 - 06:00:37: "AirshotKing<86><[U:1:900000013]><Red>" triggered "shot_hit" (weapon "shotgun_soldier")
L 04/28/2026 - 06:00:37: "AirshotKing<86><[U:1:900000013]><Red>" triggered "damage" against "SoldierBoy<85><[U:1:900000011]><Blue>" (damage "17") (weapon "shotgun_soldier")
L 04/28/2026 - 06:00:37: "AirshotKing<86><[U:1:900000013]><Red>" killed "SoldierBoy<85><[U:1:900000011]><Blue>" with "shotgun_soldier" (attacker_position "-8562 11748 10723") (victim_position "-8715 11844 10740")
L 04/28/2026 - 06:00:37: "AirshotKing<86><[U:1:900000013]><Red>" triggered "revenge" against "SoldierBoy<85><[U:1:900000011]><Blue>"
L 04/28/2026 - 06:00:37: "SoldierBoy<85><[U:1:900000011]><Blue>" spawned as "soldier"
L 04/28/2026 - 06:00:39: "AirshotKing<86><[U:1:900000013]><Red>" triggered "shot_fired" (weapon "quake_rl")
L 04/28/2026 - 06:00:39: "SoldierBoy<85><[U:1:900000011]><Blue>" triggered "shot_fired" (weapon "quake_rl")
L 04/28/2026 - 06:00:39: "SoldierBoy<85><[U:1:900000011]><Blue>" triggered "shot_hit" (weapon "quake_rl")
L 04/28/2026 - 06:00:39: "SoldierBoy<85><[U:1:900000011]><Blue>" triggered "damage" against "AirshotKing<86><[U:1:900000013]><Red>" (damage "73") (weapon "quake_rl")
L 04/28/2026 - 06:00:40: "SoldierBoy<85><[U:1:900000011]><Blue>" triggered "shot_hit" (weapon "quake_rl")
L 04/28/2026 - 06:00:40: "SoldierBoy<85><[U:1:900000011]><Blue>" triggered "damage" against "AirshotKing<86><[U:1:900000013]><Red>" (damage "106") (weapon "quake_rl") (airshot "1") (height "187")
L 04/28/2026 - 06:00:40: "SoldierBoy<85><[U:1:900000011]><Blue>" triggered "shot_fired" (weapon "quake_rl")
L 04/28/2026 - 06:00:40: "AirshotKing<86><[U:1:900000013]><Red>" triggered "shot_fired" (weapon "quake_rl")
L 04/28/2026 - 06:00:40: "AirshotKing<86><[U:1:900000013]><Red>" triggered "shot_hit" (weapon "quake_rl")
L 04/28/2026 - 06:00:40: "AirshotKing<86><[U:1:900000013]><Red>" triggered "damage" against "SoldierBoy<85><[U:1:900000011]><Blue>" (damage "79") (weapon "quake_rl")
L 04/28/2026 - 06:00:40: "AirshotKing<86><[U:1:900000013]><Red>" triggered "shot_fired" (weapon "quake_rl")
L 04/28/2026 - 06:00:40: "SoldierBoy<85><[U:1:900000011]><Blue>" triggered "shot_fired" (weapon "quake_rl")
L 04/28/2026 - 06:00:41: "AirshotKing<86><[U:1:900000013]><Red>" triggered "shot_hit" (weapon "quake_rl")
L 04/28/2026 - 06:00:41: "AirshotKing<86><[U:1:900000013]><Red>" triggered "damage" against "SoldierBoy<85><[U:1:900000011]><Blue>" (damage "54") (weapon "quake_rl")
L 04/28/2026 - 06:00:41: "SoldierBoy<85><[U:1:900000011]><Blue>" triggered "shot_fired" (weapon "shotgun_soldier")
L 04/28/2026 - 06:00:41: "SoldierBoy<85><[U:1:900000011]><Blue>" triggered "shot_hit" (weapon "shotgun_soldier")
L 04/28/2026 - 06:00:41: "SoldierBoy<85><[U:1:900000011]><Blue>" triggered "damage" against "AirshotKing<86><[U:1:900000013]><Red>" (damage "17") (weapon "shotgun_soldier")
L 04/28/2026 - 06:00:42: "SoldierBoy<85><[U:1:900000011]><Blue>" triggered "shot_fired" (weapon "shotgun_soldier")
L 04/28/2026 - 06:00:42: "SoldierBoy<85><[U:1:900000011]><Blue>" triggered "shot_hit" (weapon "shotgun_soldier")
L 04/28/2026 - 06:00:42: "SoldierBoy<85><[U:1:900000011]><Blue>" triggered "damage" against "AirshotKing<86><[U:1:900000013]><Red>" (damage "32") (realdamage "8") (weapon "shotgun_soldier")
L 04/28/2026 - 06:00:42: World triggered "mge_elo_delta" (player "[U:1:900000011]") (old_elo "2713") (new_elo "2714")
L 04/28/2026 - 06:00:42: World triggered "mge_elo_delta" (player "[U:1:900000013]") (old_elo "2335") (new_elo "2333")
L 04/28/2026 - 06:00:42: "AirshotKing<86><[U:1:900000013]><Red>" joined team "Spectator"
L 04/28/2026 - 06:00:42: "SoldierBoy<85><[U:1:900000011]><Blue>" killed "AirshotKing<86><[U:1:900000013]><Spectator>" with "shotgun_soldier" (attacker_position "-8414 11441 10809") (victim_position "-8539 11406 10407")
L 04/28/2026 - 06:00:42: World triggered "mge_match_end" (winner "[U:1:900000011]") (winner_score "20") (loser_score "13")
